{
  "export_info": {
    "timestamp": "2026-02-07T11:54:55.698558",
    "filename": "anomaly_scorecard_20260207_115452_2269alerts.xlsx",
    "format": "xlsx",
    "version": "1.0.0"
  },
  "data_info": {
    "total_records": 5000,
    "columns": [
      "transaction_id",
      "customer_id",
      "account_number",
      "timestamp",
      "amount",
      "transaction_type",
      "location",
      "is_international",
      "device_id",
      "ip_address",
      "kyc_status",
      "risk_rating",
      "anomaly_type_injected",
      "is_anomaly_injected",
      "hour_of_day",
      "day_of_week",
      "is_weekend",
      "is_night",
      "avg_amount",
      "std_amount",
      "tx_count",
      "intl_tx_count",
      "amount_deviation",
      "velocity_risk",
      "amount_risk",
      "location_risk",
      "anomaly_score",
      "anomaly_label",
      "risk_level",
      "score_IsolationForest",
      "score_COF",
      "score_KNN",
      "score_DBSCAN",
      "score_OPTICS",
      "score_EllipticEnvelope",
      "score_MCD"
    ],
    "anomalies_detected": 2269
  },
  "algorithm_config": {},
  "reproducibility": {
    "score_columns": [
      "score_IsolationForest",
      "score_COF",
      "score_KNN",
      "score_DBSCAN",
      "score_OPTICS",
      "score_EllipticEnvelope",
      "score_MCD"
    ],
    "feature_columns": [
      "transaction_id",
      "customer_id",
      "account_number",
      "timestamp",
      "amount",
      "transaction_type",
      "location",
      "is_international",
      "device_id",
      "ip_address",
      "kyc_status",
      "risk_rating",
      "anomaly_type_injected",
      "is_anomaly_injected",
      "hour_of_day",
      "day_of_week",
      "is_weekend",
      "is_night",
      "avg_amount",
      "std_amount",
      "tx_count",
      "intl_tx_count",
      "amount_deviation",
      "velocity_risk",
      "amount_risk",
      "location_risk"
    ]
  }
}