{
  "success": true,
  "timestamp": "2026-02-12T20:18:33.073160",
  "records_processed": 150,
  "dq_score": 1.0,
  "features_generated": 20,
  "methods_run": 26,
  "alerts_generated": 150,
  "tier_distribution": {
    "LOW": "117",
    "NORMAL": "33"
  },
  "execution_time_ms": 7033.011,
  "method_scores": [
    {
      "method": "zscore",
      "category": "Statistical",
      "mean_score": 0.391,
      "max_score": 0.7833,
      "anomalies": 29
    },
    {
      "method": "iqr",
      "category": "Statistical",
      "mean_score": 0.1828,
      "max_score": 1.0,
      "anomalies": 25
    },
    {
      "method": "grubbs",
      "category": "Statistical",
      "mean_score": 0.1214,
      "max_score": 0.5545,
      "anomalies": 2
    },
    {
      "method": "dixon",
      "category": "Statistical",
      "mean_score": 0.0113,
      "max_score": 0.2381,
      "anomalies": 0
    },
    {
      "method": "esd",
      "category": "Statistical",
      "mean_score": 0.1138,
      "max_score": 1.0,
      "anomalies": 23
    },
    {
      "method": "knn",
      "category": "Distance",
      "mean_score": 0.27,
      "max_score": 1.0,
      "anomalies": 11
    },
    {
      "method": "mahalanobis",
      "category": "Distance",
      "mean_score": 0.5496,
      "max_score": 1.0,
      "anomalies": 81
    },
    {
      "method": "lof",
      "category": "Distance",
      "mean_score": 0.0533,
      "max_score": 1.0,
      "anomalies": 8
    },
    {
      "method": "dbscan",
      "category": "Density",
      "mean_score": 1.0,
      "max_score": 1.0,
      "anomalies": 150
    },
    {
      "method": "optics",
      "category": "Density",
      "mean_score": 0.9133,
      "max_score": 1.0,
      "anomalies": 137
    },
    {
      "method": "hdbscan",
      "category": "Density",
      "mean_score": 1.0,
      "max_score": 1.0,
      "anomalies": 150
    },
    {
      "method": "cblof",
      "category": "Density",
      "mean_score": 0.0,
      "max_score": 0.0,
      "anomalies": 0
    },
    {
      "method": "kmeans_anomaly",
      "category": "Clustering",
      "mean_score": 0.3288,
      "max_score": 1.0,
      "anomalies": 17
    },
    {
      "method": "gmm",
      "category": "Clustering",
      "mean_score": 0.8286,
      "max_score": 1.0,
      "anomalies": 142
    },
    {
      "method": "spectral",
      "category": "Clustering",
      "mean_score": 0.3854,
      "max_score": 1.0,
      "anomalies": 42
    },
    {
      "method": "isolation_forest",
      "category": "Trees",
      "mean_score": 0.2112,
      "max_score": 1.0,
      "anomalies": 8
    },
    {
      "method": "extended_if",
      "category": "Trees",
      "mean_score": 0.2076,
      "max_score": 1.0,
      "anomalies": 10
    },
    {
      "method": "stl",
      "category": "Timeseries",
      "mean_score": 0.3175,
      "max_score": 1.0,
      "anomalies": 18
    },
    {
      "method": "arima_residual",
      "category": "Timeseries",
      "mean_score": 0.2807,
      "max_score": 1.0,
      "anomalies": 13
    },
    {
      "method": "prophet",
      "category": "Timeseries",
      "mean_score": 0.3682,
      "max_score": 1.0,
      "anomalies": 34
    },
    {
      "method": "pagerank",
      "category": "Graph",
      "mean_score": 0.736,
      "max_score": 1.0,
      "anomalies": 136
    },
    {
      "method": "hits",
      "category": "Graph",
      "mean_score": 0.7459,
      "max_score": 1.0,
      "anomalies": 137
    },
    {
      "method": "community",
      "category": "Graph",
      "mean_score": 0.3506,
      "max_score": 1.0,
      "anomalies": 54
    },
    {
      "method": "centrality",
      "category": "Graph",
      "mean_score": 0.7314,
      "max_score": 1.0,
      "anomalies": 137
    },
    {
      "method": "autoencoder",
      "category": "Deep Learning",
      "mean_score": 0.1977,
      "max_score": 1.0,
      "anomalies": 7
    },
    {
      "method": "vae",
      "category": "Deep Learning",
      "mean_score": 0.1928,
      "max_score": 0.9521,
      "anomalies": 5
    }
  ],
  "layer_timings": {
    "L1-2": 0.14295148849487305,
    "V6_AGGREGATION": 0.6754109859466553,
    "L3": 0.053206682205200195,
    "L4": 0.04428553581237793,
    "L5": 6.059987545013428,
    "L6": 0.002002239227294922,
    "L7": 0.014836311340332031
  },
  "data_source": "actual",
  "risk_by_family": [
    {
      "Family": "Statistical",
      "Methods": 5,
      "Critical": 0,
      "High": 10,
      "Medium": 12,
      "Low": 128
    },
    {
      "Family": "Distance",
      "Methods": 3,
      "Critical": 8,
      "High": 0,
      "Medium": 6,
      "Low": 136
    },
    {
      "Family": "Density",
      "Methods": 4,
      "Critical": 0,
      "High": 137,
      "Medium": 13,
      "Low": 0
    },
    {
      "Family": "Clustering",
      "Methods": 3,
      "Critical": 0,
      "High": 19,
      "Medium": 113,
      "Low": 18
    },
    {
      "Family": "Trees",
      "Methods": 2,
      "Critical": 2,
      "High": 3,
      "Medium": 9,
      "Low": 136
    },
    {
      "Family": "Timeseries",
      "Methods": 3,
      "Critical": 2,
      "High": 6,
      "Medium": 26,
      "Low": 116
    },
    {
      "Family": "Graph",
      "Methods": 4,
      "Critical": 24,
      "High": 73,
      "Medium": 43,
      "Low": 10
    },
    {
      "Family": "Deep Learning",
      "Methods": 2,
      "Critical": 2,
      "High": 2,
      "Medium": 8,
      "Low": 138
    }
  ],
  "risk_by_ensemble": [
    {
      "Ensemble Method": "Weighted Average (Concordance)",
      "Total Customers": 150,
      "Critical": 7,
      "High": 35,
      "Medium": 63,
      "Low": 45,
      "Anomaly Rate": "50.7%"
    },
    {
      "Ensemble Method": "Max Score",
      "Total Customers": 150,
      "Critical": 150,
      "High": 0,
      "Medium": 0,
      "Low": 0,
      "Anomaly Rate": "100.0%"
    },
    {
      "Ensemble Method": "Majority Voting",
      "Total Customers": 150,
      "Critical": 4,
      "High": 7,
      "Medium": 19,
      "Low": 120,
      "Anomaly Rate": "12.0%"
    },
    {
      "Ensemble Method": "Stacking (Median+IQR)",
      "Total Customers": 150,
      "Critical": 0,
      "High": 8,
      "Medium": 54,
      "Low": 88,
      "Anomaly Rate": "14.7%"
    },
    {
      "Ensemble Method": "Rank Fusion",
      "Total Customers": 150,
      "Critical": 9,
      "High": 32,
      "Medium": 63,
      "Low": 46,
      "Anomaly Rate": "50.7%"
    }
  ]
}