alert_id,party_id,alert_type,severity,status,created_at,assigned_to
ALT_000000,CUST_000826,Large Cash,Medium,Open,2025-12-11 22:32:31.096860,Unassigned
ALT_000001,CUST_000675,Unusual Volume,Low,Closed,2026-01-05 22:32:31.096883,Analyst_A
ALT_000002,CUST_000647,Sanctions Hit,Medium,Closed,2025-11-18 22:32:31.096889,Analyst_A
ALT_000003,CUST_000640,Dormant Activation,Critical,Closed,2025-11-17 22:32:31.096892,Unassigned
ALT_000004,CUST_000190,Rapid Movement,Low,Closed,2025-11-23 22:32:31.096895,Analyst_C
ALT_000005,CUST_000930,Dormant Activation,Medium,Escalated,2026-01-30 22:32:31.096898,Analyst_B
ALT_000006,CUST_000715,Unusual Volume,Low,Investigating,2025-11-24 22:32:31.096901,Analyst_B
ALT_000007,CUST_000733,Unusual Volume,Low,Open,2025-11-27 22:32:31.096904,Analyst_A
ALT_000008,CUST_000008,Rapid Movement,Medium,Open,2026-01-14 22:32:31.096907,Analyst_B
ALT_000009,CUST_000466,Large Cash,Low,Investigating,2025-12-03 22:32:31.096910,Analyst_C
ALT_000010,CUST_000092,Unusual Volume,Low,Closed,2025-12-01 22:32:31.096913,Unassigned
ALT_000011,CUST_000133,Sanctions Hit,Low,Closed,2026-01-26 22:32:31.096916,Analyst_A
ALT_000012,CUST_000168,Structuring,Low,Closed,2025-11-19 22:32:31.096919,Analyst_C
ALT_000013,CUST_000535,Unusual Volume,High,Open,2025-12-16 22:32:31.096921,Unassigned
ALT_000014,CUST_000639,Structuring,Medium,Investigating,2026-01-11 22:32:31.096923,Analyst_C
ALT_000015,CUST_000379,Large Cash,Medium,Closed,2026-01-14 22:32:31.096926,Analyst_B
ALT_000016,CUST_000618,Wire Pattern,Medium,Open,2026-01-07 22:32:31.096928,Analyst_B
ALT_000017,CUST_000110,Large Cash,Medium,Investigating,2026-02-09 22:32:31.096931,Analyst_B
ALT_000018,CUST_000853,Unusual Volume,Medium,Closed,2025-11-26 22:32:31.096933,Analyst_B
ALT_000019,CUST_000315,Rapid Movement,Medium,Closed,2025-12-31 22:32:31.096936,Analyst_A
ALT_000020,CUST_000479,Unusual Volume,Low,Investigating,2025-12-05 22:32:31.096938,Analyst_A
ALT_000021,CUST_000003,Dormant Activation,Medium,Closed,2025-12-23 22:32:31.096941,Analyst_C
ALT_000022,CUST_000455,Unusual Volume,High,Closed,2026-01-11 22:32:31.096944,Analyst_B
ALT_000023,CUST_000380,Sanctions Hit,Medium,Closed,2026-01-02 22:32:31.096946,Analyst_A
ALT_000024,CUST_000013,Large Cash,Low,Investigating,2026-01-05 22:32:31.096949,Analyst_A
ALT_000025,CUST_000588,Dormant Activation,Medium,Investigating,2025-12-18 22:32:31.096951,Analyst_A
ALT_000026,CUST_000158,Rapid Movement,High,Open,2025-11-29 22:32:31.096954,Analyst_A
ALT_000027,CUST_000550,Wire Pattern,Medium,Open,2026-01-19 22:32:31.096956,Analyst_C
ALT_000028,CUST_000786,Rapid Movement,Low,Closed,2026-01-11 22:32:31.096958,Analyst_A
ALT_000029,CUST_000280,Sanctions Hit,High,Closed,2026-01-25 22:32:31.096961,Analyst_B
ALT_000030,CUST_000155,Dormant Activation,Low,Open,2025-12-24 22:32:31.096964,Analyst_C
ALT_000031,CUST_000447,Dormant Activation,High,Investigating,2025-12-19 22:32:31.096967,Analyst_A
ALT_000032,CUST_000588,Large Cash,Low,Closed,2026-01-25 22:32:31.096970,Unassigned
ALT_000033,CUST_000491,Dormant Activation,Medium,Closed,2026-01-10 22:32:31.096972,Analyst_A
ALT_000034,CUST_000535,Unusual Volume,Medium,Open,2026-01-23 22:32:31.096975,Analyst_B
ALT_000035,CUST_000551,Wire Pattern,Medium,Escalated,2025-11-29 22:32:31.096977,Analyst_C
ALT_000036,CUST_000955,Rapid Movement,High,Open,2025-11-28 22:32:31.096979,Unassigned
ALT_000037,CUST_000014,Dormant Activation,Medium,Escalated,2025-12-19 22:32:31.096982,Unassigned
ALT_000038,CUST_000340,Large Cash,Medium,Closed,2025-12-25 22:32:31.096985,Analyst_A
ALT_000039,CUST_000565,Sanctions Hit,High,Closed,2026-01-14 22:32:31.096988,Unassigned
ALT_000040,CUST_000599,Wire Pattern,Medium,Investigating,2025-11-28 22:32:31.096992,Unassigned
ALT_000041,CUST_000441,Unusual Volume,Medium,Investigating,2026-02-09 22:32:31.096995,Analyst_C
ALT_000042,CUST_000590,Structuring,Low,Closed,2025-12-16 22:32:31.096997,Analyst_C
ALT_000043,CUST_000004,Unusual Volume,Medium,Open,2026-01-07 22:32:31.097000,Analyst_B
ALT_000044,CUST_000038,Unusual Volume,Low,Closed,2026-01-26 22:32:31.097002,Analyst_C
ALT_000045,CUST_000620,Rapid Movement,Medium,Closed,2025-11-19 22:32:31.097004,Analyst_A
ALT_000046,CUST_000190,Wire Pattern,Medium,Closed,2025-12-24 22:32:31.097006,Analyst_B
ALT_000047,CUST_000199,Rapid Movement,Medium,Closed,2025-12-19 22:32:31.097009,Analyst_B
ALT_000048,CUST_000587,Unusual Volume,Critical,Investigating,2026-01-16 22:32:31.097011,Analyst_A
ALT_000049,CUST_000077,Structuring,Low,Open,2026-01-16 22:32:31.097013,Analyst_C
ALT_000050,CUST_000384,Rapid Movement,Low,Closed,2025-12-09 22:32:31.097016,Analyst_B
ALT_000051,CUST_000379,Structuring,Medium,Closed,2025-11-23 22:32:31.097018,Unassigned
ALT_000052,CUST_000659,Unusual Volume,Medium,Closed,2025-11-24 22:32:31.097021,Analyst_C
ALT_000053,CUST_000452,Unusual Volume,Low,Closed,2026-02-01 22:32:31.097024,Unassigned
ALT_000054,CUST_000091,Unusual Volume,Low,Investigating,2026-01-20 22:32:31.097026,Unassigned
ALT_000055,CUST_000475,Structuring,High,Closed,2026-01-24 22:32:31.097028,Unassigned
ALT_000056,CUST_000176,Dormant Activation,Medium,Open,2025-12-06 22:32:31.097030,Analyst_A
ALT_000057,CUST_000089,Wire Pattern,Medium,Investigating,2026-02-08 22:32:31.097033,Analyst_B
ALT_000058,CUST_000017,Structuring,Low,Open,2026-02-10 22:32:31.097035,Analyst_A
ALT_000059,CUST_000534,Dormant Activation,Medium,Open,2026-01-19 22:32:31.097038,Analyst_A
ALT_000060,CUST_000105,Wire Pattern,Medium,Escalated,2026-01-14 22:32:31.097040,Analyst_B
ALT_000061,CUST_000401,Sanctions Hit,Low,Closed,2025-11-21 22:32:31.097043,Unassigned
ALT_000062,CUST_000955,Structuring,Low,Investigating,2025-12-13 22:32:31.097045,Analyst_B
ALT_000063,CUST_000554,Dormant Activation,Low,Closed,2026-02-04 22:32:31.097047,Unassigned
ALT_000064,CUST_000455,Large Cash,High,Investigating,2025-11-23 22:32:31.097050,Unassigned
ALT_000065,CUST_000949,Large Cash,Low,Open,2025-11-17 22:32:31.097053,Analyst_A
ALT_000066,CUST_000434,Sanctions Hit,High,Open,2025-12-21 22:32:31.097056,Analyst_B
ALT_000067,CUST_000827,Sanctions Hit,High,Investigating,2026-02-09 22:32:31.097059,Unassigned
ALT_000068,CUST_000115,Rapid Movement,High,Closed,2025-11-24 22:32:31.097061,Analyst_A
ALT_000069,CUST_000407,Unusual Volume,Low,Closed,2025-11-16 22:32:31.097064,Analyst_B
ALT_000070,CUST_000853,Large Cash,Medium,Open,2026-01-17 22:32:31.097067,Analyst_B
ALT_000071,CUST_000049,Dormant Activation,Low,Open,2026-02-02 22:32:31.097069,Analyst_A
ALT_000072,CUST_000595,Large Cash,Low,Closed,2026-01-06 22:32:31.097071,Analyst_C
ALT_000073,CUST_000991,Wire Pattern,Low,Closed,2026-02-03 22:32:31.097074,Analyst_B
ALT_000074,CUST_000036,Unusual Volume,Low,Investigating,2025-12-15 22:32:31.097076,Analyst_C
ALT_000075,CUST_000624,Dormant Activation,Medium,Investigating,2025-11-18 22:32:31.097078,Unassigned
ALT_000076,CUST_000696,Sanctions Hit,Low,Investigating,2026-01-11 22:32:31.097080,Analyst_B
ALT_000077,CUST_000157,Unusual Volume,Medium,Open,2025-11-15 22:32:31.097085,Analyst_C
ALT_000078,CUST_000943,Sanctions Hit,Low,Escalated,2026-01-11 22:32:31.097088,Unassigned
ALT_000079,CUST_000404,Rapid Movement,Low,Escalated,2025-12-24 22:32:31.097091,Analyst_C
ALT_000080,CUST_000398,Unusual Volume,Medium,Open,2026-01-28 22:32:31.097093,Analyst_A
ALT_000081,CUST_000344,Dormant Activation,Medium,Open,2026-01-22 22:32:31.097095,Unassigned
ALT_000082,CUST_000966,Sanctions Hit,Medium,Open,2026-01-13 22:32:31.097098,Analyst_B
ALT_000083,CUST_000927,Sanctions Hit,Medium,Closed,2025-11-28 22:32:31.097100,Analyst_C
ALT_000084,CUST_000982,Dormant Activation,Low,Closed,2026-01-15 22:32:31.097102,Analyst_C
ALT_000085,CUST_000114,Dormant Activation,Medium,Investigating,2026-01-17 22:32:31.097105,Analyst_C
ALT_000086,CUST_000046,Large Cash,Medium,Closed,2025-12-03 22:32:31.097107,Analyst_A
ALT_000087,CUST_000425,Unusual Volume,High,Closed,2026-01-31 22:32:31.097109,Analyst_C
ALT_000088,CUST_000090,Sanctions Hit,Low,Escalated,2025-12-03 22:32:31.097112,Analyst_B
ALT_000089,CUST_000516,Dormant Activation,High,Closed,2025-11-28 22:32:31.097114,Analyst_A
ALT_000090,CUST_000468,Unusual Volume,Low,Closed,2026-01-10 22:32:31.097116,Analyst_A
ALT_000091,CUST_000470,Rapid Movement,Medium,Open,2025-12-30 22:32:31.097118,Analyst_A
ALT_000092,CUST_000881,Rapid Movement,Medium,Investigating,2025-11-23 22:32:31.097121,Analyst_B
ALT_000093,CUST_000101,Large Cash,Critical,Closed,2026-01-07 22:32:31.097124,Analyst_A
ALT_000094,CUST_000276,Unusual Volume,Low,Open,2025-11-18 22:32:31.097127,Analyst_B
ALT_000095,CUST_000224,Rapid Movement,Low,Open,2025-11-20 22:32:31.097129,Analyst_C
ALT_000096,CUST_000200,Large Cash,High,Investigating,2025-11-29 22:32:31.097131,Analyst_A
ALT_000097,CUST_000792,Structuring,High,Open,2025-12-17 22:32:31.097136,Unassigned
ALT_000098,CUST_000549,Unusual Volume,High,Closed,2025-12-29 22:32:31.097139,Analyst_A
ALT_000099,CUST_000920,Sanctions Hit,High,Closed,2026-02-01 22:32:31.097142,Unassigned
ALT_000100,CUST_000172,Wire Pattern,Medium,Open,2025-11-15 22:32:31.097145,Analyst_B
ALT_000101,CUST_000813,Dormant Activation,High,Open,2025-11-16 22:32:31.097147,Unassigned
ALT_000102,CUST_000850,Unusual Volume,Medium,Open,2025-12-30 22:32:31.097149,Analyst_C
ALT_000103,CUST_000741,Rapid Movement,Medium,Closed,2026-01-22 22:32:31.097152,Unassigned
ALT_000104,CUST_000704,Rapid Movement,Medium,Closed,2026-01-12 22:32:31.097154,Analyst_B
ALT_000105,CUST_000319,Structuring,Medium,Closed,2025-12-06 22:32:31.097156,Analyst_A
ALT_000106,CUST_000447,Dormant Activation,Low,Open,2025-11-16 22:32:31.097158,Analyst_A
ALT_000107,CUST_000879,Unusual Volume,High,Closed,2025-12-30 22:32:31.097161,Analyst_C
ALT_000108,CUST_000801,Large Cash,High,Closed,2025-12-02 22:32:31.097163,Analyst_A
ALT_000109,CUST_000195,Structuring,Medium,Closed,2025-11-30 22:32:31.097166,Analyst_A
ALT_000110,CUST_000690,Dormant Activation,Medium,Closed,2025-12-17 22:32:31.097169,Analyst_A
ALT_000111,CUST_000528,Dormant Activation,Low,Investigating,2026-01-23 22:32:31.097172,Unassigned
ALT_000112,CUST_000332,Large Cash,High,Closed,2025-12-29 22:32:31.097175,Analyst_C
ALT_000113,CUST_000398,Sanctions Hit,Low,Investigating,2026-02-09 22:32:31.097177,Unassigned
ALT_000114,CUST_000322,Structuring,High,Closed,2025-12-25 22:32:31.097179,Unassigned
ALT_000115,CUST_000056,Structuring,Medium,Investigating,2025-12-15 22:32:31.097182,Analyst_C
ALT_000116,CUST_000068,Wire Pattern,Low,Closed,2026-02-02 22:32:31.097184,Unassigned
ALT_000117,CUST_000521,Large Cash,High,Closed,2026-01-14 22:32:31.097187,Unassigned
ALT_000118,CUST_000913,Wire Pattern,Low,Investigating,2026-01-24 22:32:31.097189,Analyst_A
ALT_000119,CUST_000123,Dormant Activation,Medium,Closed,2026-01-25 22:32:31.097191,Analyst_A
ALT_000120,CUST_000263,Wire Pattern,Medium,Open,2025-11-16 22:32:31.097194,Analyst_C
ALT_000121,CUST_000959,Large Cash,Medium,Investigating,2026-01-14 22:32:31.097196,Unassigned
ALT_000122,CUST_000271,Dormant Activation,Low,Investigating,2025-12-16 22:32:31.097237,Unassigned
ALT_000123,CUST_000839,Structuring,Low,Closed,2025-11-13 22:32:31.097241,Analyst_A
ALT_000124,CUST_000454,Unusual Volume,Critical,Closed,2026-02-09 22:32:31.097245,Analyst_A
ALT_000125,CUST_000643,Wire Pattern,Low,Investigating,2025-11-29 22:32:31.097247,Unassigned
ALT_000126,CUST_000727,Unusual Volume,Low,Investigating,2026-02-09 22:32:31.097249,Unassigned
ALT_000127,CUST_000403,Structuring,Medium,Investigating,2026-01-12 22:32:31.097251,Analyst_A
ALT_000128,CUST_000029,Structuring,Medium,Investigating,2026-01-29 22:32:31.097254,Analyst_B
ALT_000129,CUST_000927,Sanctions Hit,High,Closed,2026-01-12 22:32:31.097258,Analyst_B
ALT_000130,CUST_000152,Large Cash,Medium,Closed,2026-01-03 22:32:31.097261,Unassigned
ALT_000131,CUST_000465,Unusual Volume,Low,Investigating,2025-12-23 22:32:31.097263,Analyst_B
ALT_000132,CUST_000478,Unusual Volume,Medium,Closed,2026-01-03 22:32:31.097266,Analyst_C
ALT_000133,CUST_000048,Unusual Volume,High,Closed,2026-01-05 22:32:31.097268,Analyst_B
ALT_000134,CUST_000879,Unusual Volume,Medium,Investigating,2026-01-13 22:32:31.097271,Unassigned
ALT_000135,CUST_000600,Wire Pattern,Medium,Investigating,2025-11-26 22:32:31.097273,Analyst_B
ALT_000136,CUST_000129,Rapid Movement,Low,Closed,2026-02-10 22:32:31.097275,Unassigned
ALT_000137,CUST_000609,Unusual Volume,Medium,Closed,2025-11-14 22:32:31.097278,Unassigned
ALT_000138,CUST_000699,Sanctions Hit,Medium,Escalated,2026-02-01 22:32:31.097280,Analyst_C
ALT_000139,CUST_000511,Structuring,High,Open,2025-12-31 22:32:31.097282,Analyst_A
ALT_000140,CUST_000494,Large Cash,Medium,Escalated,2025-11-17 22:32:31.097284,Analyst_B
ALT_000141,CUST_000765,Sanctions Hit,Low,Open,2026-01-13 22:32:31.097286,Analyst_C
ALT_000142,CUST_000962,Rapid Movement,Medium,Investigating,2026-01-14 22:32:31.097289,Unassigned
ALT_000143,CUST_000468,Dormant Activation,Critical,Closed,2025-11-30 22:32:31.097291,Analyst_B
ALT_000144,CUST_000798,Rapid Movement,Medium,Investigating,2025-12-31 22:32:31.097293,Analyst_B
ALT_000145,CUST_000979,Large Cash,Medium,Closed,2025-12-02 22:32:31.097295,Analyst_B
ALT_000146,CUST_000559,Dormant Activation,Low,Open,2026-01-14 22:32:31.097298,Analyst_A
ALT_000147,CUST_000705,Structuring,Low,Open,2026-01-18 22:32:31.097300,Analyst_B
ALT_000148,CUST_000635,Dormant Activation,Low,Closed,2025-11-15 22:32:31.097303,Analyst_B
ALT_000149,CUST_000943,Wire Pattern,Medium,Closed,2026-01-25 22:32:31.097306,Analyst_A
ALT_000150,CUST_000541,Structuring,Low,Closed,2025-11-18 22:32:31.097309,Analyst_B
ALT_000151,CUST_000743,Structuring,High,Closed,2025-12-19 22:32:31.097312,Unassigned
ALT_000152,CUST_000335,Dormant Activation,Medium,Escalated,2025-12-27 22:32:31.097314,Analyst_B
ALT_000153,CUST_000876,Sanctions Hit,Medium,Closed,2026-02-06 22:32:31.097316,Analyst_C
ALT_000154,CUST_000255,Unusual Volume,High,Investigating,2025-11-25 22:32:31.097318,Analyst_B
ALT_000155,CUST_000869,Rapid Movement,High,Closed,2026-02-10 22:32:31.097321,Analyst_C
ALT_000156,CUST_000091,Wire Pattern,Medium,Closed,2026-01-27 22:32:31.097323,Analyst_B
ALT_000157,CUST_000528,Wire Pattern,Low,Closed,2026-01-20 22:32:31.097325,Analyst_C
ALT_000158,CUST_000230,Large Cash,Low,Closed,2025-12-06 22:32:31.097327,Unassigned
ALT_000159,CUST_000914,Unusual Volume,Critical,Investigating,2026-02-02 22:32:31.097330,Analyst_C
ALT_000160,CUST_000710,Structuring,Low,Investigating,2025-12-09 22:32:31.097332,Analyst_A
ALT_000161,CUST_000081,Large Cash,Medium,Investigating,2026-01-03 22:32:31.097335,Analyst_A
ALT_000162,CUST_000941,Large Cash,High,Closed,2025-11-20 22:32:31.097337,Unassigned
ALT_000163,CUST_000037,Sanctions Hit,Medium,Closed,2025-12-05 22:32:31.097339,Analyst_B
ALT_000164,CUST_000473,Large Cash,Medium,Open,2025-11-25 22:32:31.097342,Analyst_A
ALT_000165,CUST_000315,Wire Pattern,Low,Investigating,2026-01-14 22:32:31.097344,Analyst_C
ALT_000166,CUST_000743,Large Cash,Medium,Closed,2025-11-22 22:32:31.097346,Analyst_B
ALT_000167,CUST_000055,Dormant Activation,Low,Open,2025-12-24 22:32:31.097348,Unassigned
ALT_000168,CUST_000667,Sanctions Hit,Medium,Investigating,2026-01-04 22:32:31.097351,Unassigned
ALT_000169,CUST_000366,Unusual Volume,Low,Closed,2025-12-31 22:32:31.097353,Analyst_C
ALT_000170,CUST_000646,Wire Pattern,Medium,Open,2025-11-27 22:32:31.097355,Analyst_A
ALT_000171,CUST_000945,Unusual Volume,Low,Closed,2026-02-04 22:32:31.097357,Analyst_A
ALT_000172,CUST_000678,Unusual Volume,Medium,Investigating,2026-01-11 22:32:31.097360,Analyst_C
ALT_000173,CUST_000473,Dormant Activation,Medium,Closed,2025-11-17 22:32:31.097363,Analyst_A
ALT_000174,CUST_000489,Wire Pattern,Low,Open,2026-02-05 22:32:31.097366,Unassigned
ALT_000175,CUST_000298,Unusual Volume,High,Closed,2026-02-04 22:32:31.097369,Unassigned
ALT_000176,CUST_000034,Unusual Volume,High,Closed,2025-12-24 22:32:31.097371,Unassigned
ALT_000177,CUST_000007,Structuring,Low,Closed,2025-12-14 22:32:31.097373,Analyst_A
ALT_000178,CUST_000620,Unusual Volume,High,Open,2025-11-30 22:32:31.097375,Analyst_C
ALT_000179,CUST_000372,Sanctions Hit,Low,Closed,2025-11-28 22:32:31.097378,Analyst_A
ALT_000180,CUST_000182,Large Cash,Medium,Closed,2026-02-03 22:32:31.097380,Analyst_B
ALT_000181,CUST_000835,Large Cash,High,Investigating,2025-11-20 22:32:31.097383,Unassigned
ALT_000182,CUST_000400,Structuring,Medium,Escalated,2026-01-17 22:32:31.097385,Analyst_A
ALT_000183,CUST_000020,Structuring,Medium,Investigating,2026-01-06 22:32:31.097387,Analyst_B
ALT_000184,CUST_000474,Rapid Movement,High,Investigating,2025-12-21 22:32:31.097390,Analyst_A
ALT_000185,CUST_000230,Sanctions Hit,Low,Escalated,2025-12-02 22:32:31.097392,Unassigned
ALT_000186,CUST_000981,Large Cash,High,Open,2026-02-06 22:32:31.097394,Analyst_A
ALT_000187,CUST_000150,Sanctions Hit,High,Open,2025-12-25 22:32:31.097397,Analyst_C
ALT_000188,CUST_000237,Sanctions Hit,Medium,Closed,2025-11-23 22:32:31.097399,Analyst_A
ALT_000189,CUST_000194,Rapid Movement,Low,Investigating,2026-02-08 22:32:31.097401,Analyst_B
ALT_000190,CUST_000030,Sanctions Hit,Low,Closed,2025-12-24 22:32:31.097403,Unassigned
ALT_000191,CUST_000043,Wire Pattern,Critical,Open,2025-12-29 22:32:31.097406,Analyst_A
ALT_000192,CUST_000071,Dormant Activation,Medium,Closed,2025-12-23 22:32:31.097408,Analyst_B
ALT_000193,CUST_000077,Wire Pattern,Low,Closed,2026-02-03 22:32:31.097410,Analyst_B
ALT_000194,CUST_000666,Unusual Volume,Medium,Investigating,2026-01-24 22:32:31.097412,Unassigned
ALT_000195,CUST_000121,Sanctions Hit,Low,Investigating,2026-01-28 22:32:31.097415,Analyst_A
ALT_000196,CUST_000304,Structuring,Medium,Closed,2025-11-17 22:32:31.097417,Analyst_A
ALT_000197,CUST_000152,Rapid Movement,Low,Investigating,2025-12-10 22:32:31.097419,Analyst_C
ALT_000198,CUST_000576,Dormant Activation,Medium,Escalated,2026-01-03 22:32:31.097422,Unassigned
ALT_000199,CUST_000611,Large Cash,Low,Closed,2025-12-13 22:32:31.097424,Unassigned
ALT_000200,CUST_000631,Rapid Movement,Medium,Open,2026-01-25 22:32:31.097426,Analyst_B
ALT_000201,CUST_000443,Structuring,Low,Open,2025-12-21 22:32:31.097430,Analyst_B
ALT_000202,CUST_000215,Sanctions Hit,Medium,Open,2025-12-11 22:32:31.097433,Unassigned
ALT_000203,CUST_000041,Structuring,Medium,Open,2026-01-19 22:32:31.097435,Analyst_B
ALT_000204,CUST_000345,Rapid Movement,High,Closed,2026-01-15 22:32:31.097438,Analyst_C
ALT_000205,CUST_000106,Unusual Volume,Low,Open,2026-01-04 22:32:31.097440,Analyst_B
ALT_000206,CUST_000030,Rapid Movement,Medium,Open,2026-02-07 22:32:31.097443,Analyst_B
ALT_000207,CUST_000602,Structuring,Medium,Closed,2025-12-18 22:32:31.097445,Analyst_B
ALT_000208,CUST_000885,Unusual Volume,High,Closed,2025-12-04 22:32:31.097447,Analyst_B
ALT_000209,CUST_000938,Dormant Activation,Low,Escalated,2025-12-04 22:32:31.097450,Analyst_C
ALT_000210,CUST_000411,Wire Pattern,Low,Investigating,2025-12-17 22:32:31.097452,Analyst_B
ALT_000211,CUST_000030,Unusual Volume,Medium,Open,2025-12-10 22:32:31.097455,Analyst_B
ALT_000212,CUST_000330,Structuring,Low,Closed,2026-01-23 22:32:31.097457,Analyst_A
ALT_000213,CUST_000093,Wire Pattern,Low,Investigating,2025-12-12 22:32:31.097459,Analyst_A
ALT_000214,CUST_000310,Unusual Volume,Medium,Closed,2025-12-30 22:32:31.097461,Analyst_C
ALT_000215,CUST_000012,Wire Pattern,Low,Closed,2025-11-22 22:32:31.097464,Unassigned
ALT_000216,CUST_000715,Sanctions Hit,Low,Open,2026-01-17 22:32:31.097467,Analyst_B
ALT_000217,CUST_000605,Unusual Volume,Medium,Closed,2025-12-03 22:32:31.097469,Unassigned
ALT_000218,CUST_000136,Dormant Activation,High,Closed,2025-12-20 22:32:31.097471,Analyst_B
ALT_000219,CUST_000042,Rapid Movement,Critical,Closed,2025-12-24 22:32:31.097473,Analyst_C
ALT_000220,CUST_000687,Rapid Movement,Low,Closed,2025-12-03 22:32:31.097475,Analyst_B
ALT_000221,CUST_000816,Rapid Movement,Medium,Investigating,2025-11-27 22:32:31.097478,Analyst_A
ALT_000222,CUST_000806,Structuring,High,Open,2025-11-15 22:32:31.097480,Analyst_B
ALT_000223,CUST_000511,Sanctions Hit,Critical,Open,2025-12-11 22:32:31.097482,Analyst_C
ALT_000224,CUST_000259,Unusual Volume,Medium,Investigating,2025-11-13 22:32:31.097484,Unassigned
ALT_000225,CUST_000012,Sanctions Hit,Medium,Closed,2026-02-04 22:32:31.097486,Analyst_A
ALT_000226,CUST_000976,Large Cash,Low,Closed,2025-12-17 22:32:31.097489,Analyst_C
ALT_000227,CUST_000811,Large Cash,High,Open,2026-01-16 22:32:31.097491,Analyst_C
ALT_000228,CUST_000896,Large Cash,High,Investigating,2026-01-04 22:32:31.097493,Analyst_C
ALT_000229,CUST_000043,Dormant Activation,Low,Closed,2025-11-21 22:32:31.097496,Analyst_C
ALT_000230,CUST_000052,Unusual Volume,High,Closed,2026-01-26 22:32:31.097498,Analyst_A
ALT_000231,CUST_000911,Sanctions Hit,Low,Closed,2026-01-29 22:32:31.097500,Analyst_B
ALT_000232,CUST_000009,Dormant Activation,Low,Closed,2025-12-05 22:32:31.097502,Unassigned
ALT_000233,CUST_000193,Large Cash,Medium,Open,2026-02-09 22:32:31.097505,Analyst_B
ALT_000234,CUST_000714,Rapid Movement,Medium,Closed,2025-12-08 22:32:31.097509,Analyst_C
ALT_000235,CUST_000386,Rapid Movement,Low,Closed,2025-11-25 22:32:31.097512,Analyst_A
ALT_000236,CUST_000583,Large Cash,Low,Closed,2025-11-17 22:32:31.097514,Analyst_A
ALT_000237,CUST_000463,Rapid Movement,Low,Closed,2026-01-16 22:32:31.097516,Unassigned
ALT_000238,CUST_000302,Unusual Volume,Low,Closed,2026-01-29 22:32:31.097519,Analyst_B
ALT_000239,CUST_000008,Unusual Volume,Medium,Closed,2025-12-23 22:32:31.097521,Analyst_C
ALT_000240,CUST_000493,Large Cash,High,Closed,2025-11-26 22:32:31.097523,Analyst_C
ALT_000241,CUST_000813,Sanctions Hit,Medium,Closed,2025-12-09 22:32:31.097526,Unassigned
ALT_000242,CUST_000282,Structuring,Critical,Open,2026-01-25 22:32:31.097528,Analyst_C
ALT_000243,CUST_000123,Wire Pattern,Medium,Closed,2026-01-17 22:32:31.097530,Analyst_A
ALT_000244,CUST_000818,Wire Pattern,High,Open,2025-12-10 22:32:31.097533,Analyst_B
ALT_000245,CUST_000981,Wire Pattern,Medium,Escalated,2025-11-30 22:32:31.097535,Analyst_C
ALT_000246,CUST_000318,Large Cash,High,Closed,2025-11-28 22:32:31.097538,Analyst_B
ALT_000247,CUST_000730,Unusual Volume,Medium,Open,2025-12-26 22:32:31.097540,Analyst_A
ALT_000248,CUST_000954,Structuring,Critical,Closed,2026-01-11 22:32:31.097543,Analyst_C
ALT_000249,CUST_000766,Sanctions Hit,Medium,Closed,2026-01-04 22:32:31.097545,Analyst_B
ALT_000250,CUST_000165,Dormant Activation,Medium,Closed,2026-01-25 22:32:31.097548,Analyst_C
ALT_000251,CUST_000945,Wire Pattern,Medium,Closed,2025-11-16 22:32:31.097550,Analyst_C
ALT_000252,CUST_000059,Rapid Movement,Low,Investigating,2025-11-22 22:32:31.097552,Analyst_A
ALT_000253,CUST_000197,Sanctions Hit,Medium,Open,2026-02-08 22:32:31.097554,Analyst_C
ALT_000254,CUST_000299,Large Cash,Low,Closed,2025-12-31 22:32:31.097557,Analyst_A
ALT_000255,CUST_000852,Sanctions Hit,Medium,Closed,2025-12-21 22:32:31.097559,Analyst_A
ALT_000256,CUST_000417,Large Cash,Low,Closed,2025-12-22 22:32:31.097561,Analyst_C
ALT_000257,CUST_000710,Sanctions Hit,Low,Closed,2025-12-09 22:32:31.097564,Analyst_B
ALT_000258,CUST_000051,Dormant Activation,Low,Closed,2026-02-09 22:32:31.097566,Analyst_A
ALT_000259,CUST_000905,Rapid Movement,High,Open,2025-12-15 22:32:31.097569,Analyst_A
ALT_000260,CUST_000046,Structuring,Medium,Open,2026-01-14 22:32:31.097571,Analyst_A
ALT_000261,CUST_000571,Sanctions Hit,Medium,Closed,2025-12-28 22:32:31.097573,Analyst_C
ALT_000262,CUST_000271,Wire Pattern,Low,Closed,2026-01-21 22:32:31.097576,Analyst_B
ALT_000263,CUST_000033,Structuring,Low,Investigating,2025-12-23 22:32:31.097578,Analyst_B
ALT_000264,CUST_000539,Rapid Movement,Low,Closed,2025-12-16 22:32:31.097580,Analyst_B
ALT_000265,CUST_000225,Rapid Movement,Low,Investigating,2026-01-02 22:32:31.097583,Analyst_C
ALT_000266,CUST_000902,Large Cash,Low,Investigating,2025-12-24 22:32:31.097585,Unassigned
ALT_000267,CUST_000200,Structuring,Medium,Investigating,2025-12-28 22:32:31.097587,Analyst_A
ALT_000268,CUST_000756,Dormant Activation,High,Investigating,2026-01-20 22:32:31.097590,Analyst_C
ALT_000269,CUST_000568,Rapid Movement,Low,Escalated,2025-11-24 22:32:31.097593,Unassigned
ALT_000270,CUST_000632,Large Cash,Low,Escalated,2025-11-17 22:32:31.097596,Analyst_B
ALT_000271,CUST_000793,Wire Pattern,Medium,Investigating,2025-11-13 22:32:31.097599,Analyst_C
ALT_000272,CUST_000849,Dormant Activation,Medium,Investigating,2025-12-04 22:32:31.097602,Analyst_B
ALT_000273,CUST_000126,Sanctions Hit,High,Closed,2026-02-11 22:32:31.097604,Analyst_C
ALT_000274,CUST_000969,Dormant Activation,Medium,Open,2025-12-26 22:32:31.097607,Unassigned
ALT_000275,CUST_000177,Sanctions Hit,Low,Escalated,2026-01-11 22:32:31.097610,Unassigned
ALT_000276,CUST_000167,Large Cash,Low,Open,2025-11-20 22:32:31.097613,Analyst_C
ALT_000277,CUST_000156,Dormant Activation,Medium,Closed,2026-02-07 22:32:31.097615,Unassigned
ALT_000278,CUST_000397,Unusual Volume,Medium,Investigating,2026-01-18 22:32:31.097617,Analyst_B
ALT_000279,CUST_000397,Dormant Activation,Low,Escalated,2025-12-23 22:32:31.097620,Analyst_A
ALT_000280,CUST_000444,Large Cash,Low,Closed,2026-01-27 22:32:31.097622,Analyst_A
ALT_000281,CUST_000549,Unusual Volume,Low,Closed,2026-02-10 22:32:31.097624,Analyst_A
ALT_000282,CUST_000007,Large Cash,Medium,Closed,2026-02-09 22:32:31.097626,Unassigned
ALT_000283,CUST_000585,Rapid Movement,Low,Open,2026-01-08 22:32:31.097629,Analyst_A
ALT_000284,CUST_000156,Large Cash,Low,Investigating,2025-11-23 22:32:31.097631,Analyst_B
ALT_000285,CUST_000978,Wire Pattern,Critical,Open,2025-12-18 22:32:31.097633,Analyst_A
ALT_000286,CUST_000422,Sanctions Hit,Low,Open,2025-11-23 22:32:31.097636,Unassigned
ALT_000287,CUST_000509,Sanctions Hit,Low,Closed,2026-02-09 22:32:31.097638,Unassigned
ALT_000288,CUST_000675,Structuring,Medium,Closed,2025-12-31 22:32:31.097640,Analyst_C
ALT_000289,CUST_000691,Large Cash,Critical,Escalated,2026-01-29 22:32:31.097643,Analyst_A
ALT_000290,CUST_000245,Rapid Movement,Critical,Open,2026-02-11 22:32:31.097645,Unassigned
ALT_000291,CUST_000688,Wire Pattern,Low,Closed,2026-02-09 22:32:31.097648,Analyst_C
ALT_000292,CUST_000955,Structuring,Low,Escalated,2026-01-30 22:32:31.097650,Unassigned
ALT_000293,CUST_000785,Large Cash,High,Closed,2025-12-01 22:32:31.097653,Analyst_C
ALT_000294,CUST_000030,Rapid Movement,Low,Investigating,2025-11-24 22:32:31.097655,Unassigned
ALT_000295,CUST_000747,Structuring,High,Open,2025-12-30 22:32:31.097657,Analyst_A
ALT_000296,CUST_000059,Structuring,Medium,Investigating,2026-02-11 22:32:31.097659,Analyst_C
ALT_000297,CUST_000909,Sanctions Hit,Medium,Investigating,2026-02-06 22:32:31.097661,Analyst_A
ALT_000298,CUST_000300,Rapid Movement,Low,Investigating,2025-11-24 22:32:31.097664,Analyst_C
ALT_000299,CUST_000679,Unusual Volume,High,Closed,2025-12-02 22:32:31.097666,Analyst_B
