case_id,party_id,case_type,status,priority,opened_date,investigator
CASE_000000,CUST_000675,STR,Closed - Filed,P3,2025-10-14 22:32:31.103481,Inv_Lead
CASE_000001,CUST_000244,Internal Review,Open,P3,2025-12-30 22:32:31.103507,Inv_Lead
CASE_000002,CUST_000236,STR,In Progress,P2,2025-11-02 22:32:31.103514,Inv_Junior
CASE_000003,CUST_000819,Regulatory,Closed - No Action,P2,2025-12-04 22:32:31.103518,Inv_Lead
CASE_000004,CUST_000854,STR,In Progress,P2,2025-10-27 22:32:31.103521,Inv_Lead
CASE_000005,CUST_000373,STR,Closed - No Action,P2,2026-01-06 22:32:31.103525,Inv_Junior
CASE_000006,CUST_000335,Regulatory Filing,In Progress,P2,2025-10-19 22:32:31.103527,Inv_Senior
CASE_000007,CUST_000135,Regulatory Filing,Closed - No Action,P3,2026-01-16 22:32:31.103530,Inv_Junior
CASE_000008,CUST_000729,Internal Review,Closed - No Action,P3,2025-10-28 22:32:31.103533,Inv_Lead
CASE_000009,CUST_000990,Internal Review,Closed - No Action,P2,2025-10-18 22:32:31.103535,Inv_Senior
CASE_000010,CUST_000979,Regulatory,In Progress,P3,2025-11-14 22:32:31.103538,Inv_Lead
CASE_000011,CUST_000223,Internal Review,Closed - Filed,P2,2026-01-09 22:32:31.103541,Inv_Senior
CASE_000012,CUST_000918,Regulatory Filing,In Progress,P2,2026-02-09 22:32:31.103543,Inv_Junior
CASE_000013,CUST_000735,Regulatory Filing,Closed - No Action,P3,2025-11-11 22:32:31.103546,Inv_Lead
CASE_000014,CUST_000156,Internal Review,In Progress,P2,2025-09-18 22:32:31.103548,Inv_Senior
CASE_000015,CUST_000779,STR,In Progress,P2,2025-12-11 22:32:31.103551,Inv_Lead
CASE_000016,CUST_000612,Regulatory,Closed - Filed,P1,2025-11-18 22:32:31.103553,Inv_Senior
CASE_000017,CUST_000592,Regulatory Filing,In Progress,P3,2025-12-06 22:32:31.103556,Inv_Senior
CASE_000018,CUST_000861,Internal Review,In Progress,P2,2026-01-22 22:32:31.103559,Inv_Lead
CASE_000019,CUST_000253,Internal Review,In Progress,P2,2025-11-09 22:32:31.103561,Inv_Senior
CASE_000020,CUST_000578,STR,Closed - No Action,P3,2025-10-07 22:32:31.103563,Inv_Lead
CASE_000021,CUST_000256,STR,Open,P3,2026-01-02 22:32:31.103566,Inv_Senior
CASE_000022,CUST_000783,Regulatory Filing,Closed - Filed,P3,2025-12-13 22:32:31.103568,Inv_Senior
CASE_000023,CUST_000578,Regulatory Filing,Closed - No Action,P3,2025-09-16 22:32:31.103570,Inv_Senior
CASE_000024,CUST_000835,Regulatory,Closed - Filed,P2,2025-10-08 22:32:31.103572,Inv_Lead
CASE_000025,CUST_000948,Regulatory Filing,In Progress,P2,2025-12-07 22:32:31.103575,Inv_Junior
CASE_000026,CUST_000802,Regulatory,Closed - Filed,P1,2025-12-26 22:32:31.103577,Inv_Junior
CASE_000027,CUST_000064,Regulatory,Open,P2,2025-12-09 22:32:31.103579,Inv_Junior
CASE_000028,CUST_000837,Regulatory,In Progress,P2,2025-10-16 22:32:31.103582,Inv_Senior
CASE_000029,CUST_000121,STR,Open,P3,2025-12-01 22:32:31.103584,Inv_Senior
CASE_000030,CUST_000618,Regulatory,In Progress,P1,2026-01-04 22:32:31.103587,Inv_Senior
CASE_000031,CUST_000871,Internal Review,In Progress,P3,2025-08-29 22:32:31.103589,Inv_Junior
CASE_000032,CUST_000349,Regulatory Filing,Closed - No Action,P1,2025-11-20 22:32:31.103593,Inv_Junior
CASE_000033,CUST_000636,Internal Review,In Progress,P3,2025-09-26 22:32:31.103596,Inv_Lead
CASE_000034,CUST_000252,Regulatory,In Progress,P2,2025-09-14 22:32:31.103599,Inv_Lead
CASE_000035,CUST_000837,STR,Closed - Filed,P3,2026-01-18 22:32:31.103601,Inv_Junior
CASE_000036,CUST_000356,Regulatory Filing,Closed - Filed,P3,2025-09-05 22:32:31.103603,Inv_Junior
CASE_000037,CUST_000996,Regulatory Filing,In Progress,P1,2025-09-16 22:32:31.103605,Inv_Senior
CASE_000038,CUST_000817,STR,In Progress,P3,2025-11-23 22:32:31.103608,Inv_Lead
CASE_000039,CUST_000408,STR,Closed - No Action,P2,2025-09-07 22:32:31.103610,Inv_Lead
CASE_000040,CUST_000617,Regulatory,In Progress,P2,2025-10-09 22:32:31.103613,Inv_Lead
CASE_000041,CUST_000621,Regulatory,Closed - No Action,P3,2025-11-24 22:32:31.103616,Inv_Lead
CASE_000042,CUST_000598,STR,Open,P3,2025-10-25 22:32:31.103619,Inv_Junior
CASE_000043,CUST_000750,Regulatory,In Progress,P1,2025-11-20 22:32:31.103622,Inv_Junior
CASE_000044,CUST_000639,Regulatory,Open,P3,2026-01-20 22:32:31.103624,Inv_Junior
CASE_000045,CUST_000974,Regulatory Filing,Open,P3,2025-09-17 22:32:31.103626,Inv_Senior
CASE_000046,CUST_000922,Regulatory Filing,Closed - Filed,P3,2025-09-28 22:32:31.103628,Inv_Junior
CASE_000047,CUST_000900,Regulatory Filing,In Progress,P2,2025-11-28 22:32:31.103630,Inv_Senior
CASE_000048,CUST_000833,Regulatory,Closed - Filed,P2,2025-10-26 22:32:31.103633,Inv_Senior
CASE_000049,CUST_000869,Regulatory,In Progress,P2,2025-08-21 22:32:31.103635,Inv_Senior
