party_id,customer_name,party_type,risk_rating,country_of_origin,kyc_status,onboarding_date
CUST_000000,Sarah Johnson,Individual,Low,KY,Pending,2018-11-23 22:32:30.694490
CUST_000001,Laura Thomas,Trust,Low,JP,Pending,2017-06-10 22:32:30.694513
CUST_000002,Joseph Rodriguez,Corporate,Medium,SG,Verified,2019-08-15 22:32:30.694520
CUST_000003,Michael Nguyen,Individual,Medium,JP,Expired,2023-02-13 22:32:30.694526
CUST_000004,Linda Ali,Individual,Medium,KY,Verified,2018-10-14 22:32:30.694529
CUST_000005,Emma Williams,Individual,Medium,DE,Verified,2023-09-22 22:32:30.694532
CUST_000006,Mary Garcia,Individual,Medium,IN,Pending,2017-06-27 22:32:30.694535
CUST_000007,Amanda Anderson,Corporate,Medium,UK,Verified,2019-09-03 22:32:30.694538
CUST_000008,Raj Abbas,Individual,Low,IN,Pending,2021-06-01 22:32:30.694541
CUST_000009,Mary Singh,Corporate,Low,IN,Pending,2019-02-27 22:32:30.694544
CUST_000010,Richard Nguyen,Individual,Low,DE,Verified,2018-12-03 22:32:30.694546
CUST_000011,Joshua Anderson,Trust,High,JP,Pending,2025-09-30 22:32:30.694548
CUST_000012,Anthony Ali,Corporate,High,UK,Verified,2020-07-03 22:32:30.694552
CUST_000013,Laura Smith,Individual,Low,US,Verified,2019-01-21 22:32:30.694555
CUST_000014,William Ramirez,Individual,Medium,VG,Verified,2019-12-21 22:32:30.694557
CUST_000015,Hannah Moore,Individual,High,DE,Expired,2022-11-03 22:32:30.694560
CUST_000016,Jessica Wilson,Individual,Low,KY,Verified,2018-11-21 22:32:30.694563
CUST_000017,Hannah Miller,Individual,Low,US,Verified,2022-09-13 22:32:30.694566
CUST_000018,Linda Harris,Individual,High,VG,Verified,2020-09-02 22:32:30.694568
CUST_000019,Michael Thompson,Individual,Low,KY,Verified,2023-05-05 22:32:30.694571
CUST_000020,Matthew Abbas,Individual,Medium,IN,Verified,2017-01-23 22:32:30.694573
CUST_000021,Thomas Williams,Individual,Low,SG,Verified,2017-01-13 22:32:30.694576
CUST_000022,Grace Nguyen,Individual,High,KY,Verified,2018-05-29 22:32:30.694579
CUST_000023,Sarah Harris,Individual,High,UK,Verified,2021-07-14 22:32:30.694582
CUST_000024,Linda Singh,Individual,High,UK,Pending,2022-10-02 22:32:30.694584
CUST_000025,Christopher Tanaka,Corporate,Low,SG,Verified,2021-01-01 22:32:30.694587
CUST_000026,Olivia Kumar,Individual,Medium,US,Verified,2025-04-09 22:32:30.694590
CUST_000027,Richard Jones,Individual,Medium,VG,Expired,2018-05-14 22:32:30.694592
CUST_000028,Robert Anderson,Individual,Low,KY,Verified,2025-06-01 22:32:30.694595
CUST_000029,Christopher Garcia,Individual,Medium,UK,Expired,2024-04-25 22:32:30.694597
CUST_000030,Joseph Miller,Individual,Low,US,Verified,2021-02-27 22:32:30.694600
CUST_000031,Andrew Moore,Individual,Low,SG,Pending,2021-06-05 22:32:30.694602
CUST_000032,Grace White,Individual,Low,JP,Verified,2020-08-28 22:32:30.694605
CUST_000033,William White,Trust,Low,DE,Verified,2020-11-17 22:32:30.694607
CUST_000034,Matthew Wilson,Trust,Low,JP,Verified,2023-10-20 22:32:30.694609
CUST_000035,Laura Jones,Corporate,Medium,JP,Pending,2022-04-10 22:32:30.694612
CUST_000036,Carlos Hernandez,Individual,Low,UK,Verified,2019-04-15 22:32:30.694614
CUST_000037,Wei Thomas,Individual,Medium,IN,Verified,2024-06-23 22:32:30.694617
CUST_000038,William Robinson,Individual,Low,IN,Pending,2022-08-01 22:32:30.694619
CUST_000039,Andrew Moore,Individual,Low,SG,Pending,2016-06-05 22:32:30.694622
CUST_000040,Mei Anderson,Individual,Low,KY,Verified,2018-01-12 22:32:30.694624
CUST_000041,Daniel Brown,Individual,Medium,IN,Pending,2022-07-05 22:32:30.694627
CUST_000042,Joseph Williams,Individual,Low,JP,Pending,2017-11-08 22:32:30.694629
CUST_000043,Daniel Sanchez,Trust,Medium,IN,Verified,2016-06-08 22:32:30.694631
CUST_000044,Laura Jones,Individual,Medium,JP,Verified,2022-03-20 22:32:30.694634
CUST_000045,Amanda Kumar,Individual,Medium,VG,Verified,2021-08-13 22:32:30.694636
CUST_000046,Daniel Wilson,Individual,Low,UK,Verified,2024-08-15 22:32:30.694639
CUST_000047,Chloe Sanchez,Individual,Low,UK,Verified,2017-07-23 22:32:30.694641
CUST_000048,Grace Martinez,Individual,Medium,KY,Verified,2021-12-07 22:32:30.694643
CUST_000049,Thomas Rodriguez,Individual,Low,IN,Verified,2020-04-24 22:32:30.694646
CUST_000050,Rachel Singh,Trust,Medium,IN,Verified,2019-10-16 22:32:30.694648
CUST_000051,Wei Taylor,Corporate,Low,DE,Verified,2024-11-24 22:32:30.694650
CUST_000052,Fatima Ramirez,Trust,High,US,Pending,2022-07-05 22:32:30.694653
CUST_000053,Fatima Sanchez,Corporate,Medium,VG,Expired,2023-05-18 22:32:30.694655
CUST_000054,Olivia Anderson,Individual,High,UK,Verified,2020-11-09 22:32:30.694658
CUST_000055,David Wang,Trust,Low,VG,Expired,2024-09-18 22:32:30.694660
CUST_000056,Chloe Garcia,Individual,Medium,UK,Verified,2023-02-02 22:32:30.694663
CUST_000057,Jennifer Davis,Individual,Low,VG,Verified,2021-01-17 22:32:30.694665
CUST_000058,Jessica Hernandez,Individual,Low,SG,Verified,2023-04-23 22:32:30.694667
CUST_000059,Emma Abbas,Individual,Medium,JP,Verified,2024-07-04 22:32:30.694670
CUST_000060,John Harris,Individual,Medium,UK,Pending,2025-01-01 22:32:30.694672
CUST_000061,Andrew Abbas,Individual,High,VG,Verified,2025-07-09 22:32:30.694674
CUST_000062,Grace Kim,Corporate,Medium,IN,Verified,2022-11-01 22:32:30.694677
CUST_000063,Thomas Singh,Individual,Low,US,Verified,2021-10-12 22:32:30.694679
CUST_000064,James Davis,Individual,Low,SG,Verified,2016-05-25 22:32:30.694682
CUST_000065,Wei Moore,Individual,Medium,SG,Verified,2019-03-10 22:32:30.694685
CUST_000066,Hannah Davis,Individual,Low,US,Verified,2021-05-26 22:32:30.694688
CUST_000067,Christopher Ramirez,Corporate,Low,VG,Verified,2023-04-22 22:32:30.694691
CUST_000068,William Robinson,Individual,Low,IN,Pending,2016-05-20 22:32:30.694694
CUST_000069,James Taylor,Trust,Low,KY,Expired,2024-04-18 22:32:30.694696
CUST_000070,Raj Lopez,Corporate,Low,US,Verified,2016-12-18 22:32:30.694699
CUST_000071,Raj Miller,Individual,Low,VG,Expired,2022-06-01 22:32:30.694701
CUST_000072,Megan Wang,Individual,Low,US,Verified,2019-08-11 22:32:30.694703
CUST_000073,Carlos Gonzalez,Corporate,Low,US,Verified,2018-01-01 22:32:30.694706
CUST_000074,Jessica White,Corporate,High,UK,Verified,2022-08-01 22:32:30.694709
CUST_000075,William Nguyen,Corporate,Low,VG,Verified,2023-12-17 22:32:30.694711
CUST_000076,Priya Smith,Corporate,Low,KY,Expired,2017-07-13 22:32:30.694713
CUST_000077,Carlos Lee,Individual,Medium,JP,Verified,2024-04-20 22:32:30.694717
CUST_000078,Chloe Johnson,Individual,Low,UK,Verified,2020-07-02 22:32:30.694720
CUST_000079,Sarah White,Individual,High,US,Verified,2020-04-25 22:32:30.694722
CUST_000080,Megan Thomas,Corporate,Medium,JP,Verified,2020-11-07 22:32:30.694725
CUST_000081,Jennifer Thomas,Individual,Low,DE,Pending,2020-06-30 22:32:30.694727
CUST_000082,Ahmed Garcia,Individual,Low,JP,Verified,2016-03-25 22:32:30.694730
CUST_000083,Linda Chen,Individual,Medium,US,Verified,2022-08-18 22:32:30.694732
CUST_000084,John Nguyen,Individual,High,US,Verified,2020-07-05 22:32:30.694734
CUST_000085,David Rodriguez,Individual,Low,IN,Verified,2025-10-30 22:32:30.694736
CUST_000086,Kevin Singh,Corporate,Medium,VG,Verified,2025-01-29 22:32:30.694739
CUST_000087,William Taylor,Individual,Low,VG,Verified,2021-09-05 22:32:30.694741
CUST_000088,Priya Abbas,Corporate,High,UK,Verified,2020-06-02 22:32:30.694743
CUST_000089,Emma Wilson,Individual,Low,KY,Verified,2020-12-17 22:32:30.694746
CUST_000090,Wei Gonzalez,Individual,High,UK,Pending,2023-05-22 22:32:30.694748
CUST_000091,Megan Sanchez,Corporate,Medium,SG,Pending,2023-09-04 22:32:30.694750
CUST_000092,Olivia Lewis,Corporate,Medium,US,Verified,2019-07-19 22:32:30.694753
CUST_000093,Priya Lewis,Individual,Low,JP,Verified,2022-02-17 22:32:30.694756
CUST_000094,Sarah Thomas,Corporate,Low,DE,Verified,2025-07-17 22:32:30.694759
CUST_000095,Joseph Jones,Individual,Low,US,Pending,2025-07-09 22:32:30.694761
CUST_000096,Hannah Johnson,Individual,Low,US,Verified,2022-12-07 22:32:30.694764
CUST_000097,Fatima Singh,Individual,Low,UK,Verified,2020-07-15 22:32:30.694766
CUST_000098,Joseph Ali,Individual,Medium,DE,Verified,2019-05-22 22:32:30.694768
CUST_000099,Joseph Smith,Individual,Low,DE,Verified,2016-03-11 22:32:30.694770
CUST_000100,John Brown,Individual,Low,DE,Verified,2016-08-20 22:32:30.694773
CUST_000101,Joseph Jones,Individual,High,UK,Verified,2018-10-02 22:32:30.694775
CUST_000102,Robert Perez,Individual,Medium,US,Verified,2018-07-19 22:32:30.694777
CUST_000103,John Wang,Individual,High,UK,Verified,2020-10-23 22:32:30.694780
CUST_000104,Rachel Moore,Trust,High,VG,Verified,2022-11-19 22:32:30.694782
CUST_000105,Chloe Wilson,Individual,Low,VG,Verified,2020-01-26 22:32:30.694784
CUST_000106,Wei Rodriguez,Individual,Low,UK,Verified,2025-12-30 22:32:30.694786
CUST_000107,Ahmed Kumar,Corporate,Medium,DE,Verified,2016-08-02 22:32:30.694789
CUST_000108,Kevin Thomas,Individual,Medium,IN,Verified,2024-11-18 22:32:30.694791
CUST_000109,Kevin Clark,Individual,Low,US,Verified,2021-04-03 22:32:30.694794
CUST_000110,Richard Miller,Individual,Medium,UK,Pending,2024-08-02 22:32:30.694797
CUST_000111,Michael Ramirez,Individual,Low,UK,Verified,2016-03-11 22:32:30.694800
CUST_000112,Matthew Ramirez,Trust,Low,UK,Verified,2023-02-14 22:32:30.694802
CUST_000113,Joshua Robinson,Corporate,Low,IN,Verified,2017-12-06 22:32:30.694804
CUST_000114,Jennifer Miller,Individual,Low,IN,Verified,2021-12-26 22:32:30.694807
CUST_000115,Jennifer Sanchez,Corporate,Low,SG,Verified,2017-07-10 22:32:30.694809
CUST_000116,Hannah Miller,Corporate,Low,VG,Verified,2021-07-26 22:32:30.694811
CUST_000117,Rachel Gonzalez,Individual,Medium,JP,Verified,2021-12-26 22:32:30.694813
CUST_000118,Richard Nguyen,Corporate,Low,DE,Pending,2025-07-31 22:32:30.694816
CUST_000119,Anthony Rodriguez,Individual,Low,KY,Verified,2021-08-06 22:32:30.694818
CUST_000120,Emma Lopez,Corporate,Medium,IN,Pending,2025-07-07 22:32:30.694820
CUST_000121,Laura Robinson,Corporate,High,JP,Pending,2019-09-11 22:32:30.694822
CUST_000122,Rachel Jones,Individual,Medium,IN,Verified,2019-10-15 22:32:30.694825
CUST_000123,Anthony Singh,Individual,Medium,DE,Expired,2023-11-27 22:32:30.694827
CUST_000124,Michael Brown,Individual,Medium,KY,Verified,2022-01-09 22:32:30.694829
CUST_000125,Wei Smith,Individual,Low,SG,Expired,2019-11-19 22:32:30.694832
CUST_000126,Linda Thomas,Corporate,Low,UK,Verified,2022-11-07 22:32:30.694834
CUST_000127,William Clark,Corporate,Low,SG,Verified,2025-04-06 22:32:30.694836
CUST_000128,Chloe Patel,Individual,Low,IN,Verified,2021-10-03 22:32:30.694839
CUST_000129,Amanda Sanchez,Individual,Low,SG,Verified,2020-06-07 22:32:30.694842
CUST_000130,Jennifer Hernandez,Individual,Medium,JP,Verified,2021-01-14 22:32:30.694845
CUST_000131,Andrew Smith,Individual,Low,US,Verified,2017-07-08 22:32:30.694847
CUST_000132,Andrew Taylor,Individual,Low,IN,Verified,2019-12-03 22:32:30.694850
CUST_000133,Grace Jackson,Individual,Low,IN,Verified,2022-12-14 22:32:30.694852
CUST_000134,Emma Singh,Trust,Medium,JP,Verified,2016-10-31 22:32:30.694854
CUST_000135,Chloe Martinez,Individual,Low,VG,Verified,2019-02-06 22:32:30.694856
CUST_000136,Richard Jackson,Individual,Medium,KY,Expired,2018-06-17 22:32:30.694859
CUST_000137,Amanda Brown,Corporate,Low,UK,Pending,2019-03-28 22:32:30.694861
CUST_000138,Fatima Nguyen,Individual,Low,JP,Expired,2024-10-03 22:32:30.694863
CUST_000139,Jennifer Lee,Trust,Low,KY,Verified,2024-08-23 22:32:30.694866
CUST_000140,Jennifer Brown,Trust,Medium,DE,Verified,2025-01-01 22:32:30.694868
CUST_000141,Fatima Patel,Individual,Low,KY,Verified,2021-09-02 22:32:30.694871
CUST_000142,Raj Kim,Individual,Medium,DE,Pending,2021-11-26 22:32:30.694873
CUST_000143,William Brown,Individual,Low,JP,Verified,2017-03-05 22:32:30.694875
CUST_000144,Raj Garcia,Individual,Low,IN,Verified,2022-04-15 22:32:30.694877
CUST_000145,Emily Jones,Individual,Medium,IN,Verified,2019-11-01 22:32:30.694880
CUST_000146,Carlos Jones,Individual,Medium,VG,Expired,2021-12-27 22:32:30.694882
CUST_000147,Rachel Sanchez,Individual,Medium,JP,Verified,2017-08-15 22:32:30.694884
CUST_000148,Sarah Kumar,Individual,Medium,DE,Verified,2024-06-21 22:32:30.694887
CUST_000149,Rachel Ali,Individual,Medium,KY,Verified,2023-11-09 22:32:30.694890
CUST_000150,Carlos Williams,Trust,Medium,KY,Verified,2019-05-02 22:32:30.694893
CUST_000151,Maria Garcia,Individual,Medium,DE,Verified,2020-05-18 22:32:30.694896
CUST_000152,Joshua Ali,Individual,Medium,SG,Verified,2021-08-02 22:32:30.694898
CUST_000153,Ahmed Kim,Individual,Medium,VG,Verified,2020-06-24 22:32:30.694900
CUST_000154,Daniel Taylor,Trust,Medium,US,Pending,2025-08-21 22:32:30.694903
CUST_000155,Amanda Lee,Individual,Medium,IN,Verified,2025-07-31 22:32:30.694905
CUST_000156,Rachel Taylor,Individual,Low,UK,Pending,2025-08-26 22:32:30.694907
CUST_000157,Sophia Rodriguez,Corporate,Medium,KY,Pending,2024-07-20 22:32:30.694909
CUST_000158,Megan Robinson,Individual,Medium,UK,Verified,2018-02-01 22:32:30.694912
CUST_000159,Daniel Jones,Corporate,Low,US,Verified,2022-05-09 22:32:30.694914
CUST_000160,James Robinson,Individual,Medium,JP,Verified,2017-01-26 22:32:30.694916
CUST_000161,Maria Kumar,Individual,Low,UK,Pending,2020-10-10 22:32:30.694919
CUST_000162,Michael Jones,Individual,Low,US,Verified,2020-04-06 22:32:30.694921
CUST_000163,Wei Wilson,Individual,Medium,IN,Verified,2020-12-18 22:32:30.694923
CUST_000164,Raj Taylor,Individual,Low,DE,Verified,2024-06-01 22:32:30.694926
CUST_000165,David Thompson,Corporate,Medium,SG,Verified,2019-04-16 22:32:30.694928
CUST_000166,John Thomas,Individual,Medium,IN,Verified,2020-04-22 22:32:30.694930
CUST_000167,Olivia Jackson,Individual,Low,KY,Verified,2024-07-09 22:32:30.694933
CUST_000168,William Lewis,Individual,Low,US,Verified,2022-05-30 22:32:30.694935
CUST_000169,Wei Martin,Individual,Low,UK,Verified,2019-03-19 22:32:30.694937
CUST_000170,Maria Kim,Individual,Medium,KY,Verified,2022-07-08 22:32:30.694940
CUST_000171,James Singh,Individual,High,SG,Verified,2024-04-07 22:32:30.694942
CUST_000172,Megan Miller,Individual,Medium,DE,Verified,2021-09-06 22:32:30.694944
CUST_000173,David Taylor,Individual,Low,JP,Verified,2019-03-05 22:32:30.694947
CUST_000174,Sarah Miller,Individual,Medium,KY,Pending,2017-10-18 22:32:30.694950
CUST_000175,Mei Martinez,Individual,Low,JP,Verified,2016-08-21 22:32:30.694953
CUST_000176,Laura Jackson,Individual,Medium,US,Verified,2022-09-25 22:32:30.694955
CUST_000177,Carlos Wilson,Individual,Low,SG,Verified,2019-06-07 22:32:30.694958
CUST_000178,Hannah Wilson,Trust,Medium,UK,Verified,2022-04-26 22:32:30.694960
CUST_000179,Thomas Wang,Individual,Low,SG,Verified,2020-05-26 22:32:30.694962
CUST_000180,Chloe Taylor,Individual,High,SG,Verified,2016-10-19 22:32:30.694965
CUST_000181,Jennifer Garcia,Individual,Low,VG,Pending,2020-05-16 22:32:30.694967
CUST_000182,Emma Moore,Trust,Medium,SG,Verified,2020-02-13 22:32:30.694969
CUST_000183,Robert Smith,Corporate,High,SG,Verified,2020-08-05 22:32:30.694972
CUST_000184,Hannah Rodriguez,Individual,Low,IN,Verified,2018-02-21 22:32:30.694974
CUST_000185,Thomas Hernandez,Individual,High,KY,Verified,2019-10-11 22:32:30.694977
CUST_000186,Anthony Singh,Corporate,Medium,UK,Verified,2022-09-23 22:32:30.694979
CUST_000187,Emma Singh,Individual,Low,IN,Verified,2020-10-05 22:32:30.694981
CUST_000188,James Davis,Individual,Low,IN,Verified,2016-12-09 22:32:30.694983
CUST_000189,John Martinez,Individual,Medium,KY,Verified,2025-11-25 22:32:30.694986
CUST_000190,Wei Williams,Individual,Low,KY,Verified,2021-12-16 22:32:30.694988
CUST_000191,Olivia Ali,Corporate,Low,US,Verified,2022-05-17 22:32:30.694990
CUST_000192,Mei Martinez,Trust,Low,KY,Verified,2018-07-14 22:32:30.694992
CUST_000193,Emma Rodriguez,Individual,Medium,VG,Verified,2024-11-10 22:32:30.694994
CUST_000194,Robert Martin,Individual,Low,VG,Expired,2021-06-01 22:32:30.694997
CUST_000195,Olivia Williams,Individual,Medium,IN,Verified,2019-07-18 22:32:30.694999
CUST_000196,Matthew Wilson,Corporate,High,JP,Verified,2022-08-21 22:32:30.695001
CUST_000197,Rachel Miller,Corporate,High,US,Verified,2017-02-25 22:32:30.695004
CUST_000198,Matthew Singh,Corporate,Medium,JP,Pending,2017-12-15 22:32:30.695006
CUST_000199,Joshua Tanaka,Corporate,Low,JP,Pending,2016-04-22 22:32:30.695009
CUST_000200,Jessica Thomas,Individual,Medium,IN,Verified,2018-05-16 22:32:30.695011
CUST_000201,William Lopez,Individual,Low,DE,Expired,2019-01-12 22:32:30.695014
CUST_000202,Joshua Johnson,Individual,Low,IN,Verified,2025-10-15 22:32:30.695018
CUST_000203,Emily Perez,Corporate,Low,UK,Verified,2019-05-25 22:32:30.695020
CUST_000204,Joshua Thomas,Individual,Low,UK,Pending,2020-10-07 22:32:30.695022
CUST_000205,Laura Hernandez,Individual,Medium,KY,Pending,2023-02-10 22:32:30.695025
CUST_000206,Michael Harris,Individual,Medium,KY,Verified,2018-09-26 22:32:30.695027
CUST_000207,Robert Patel,Individual,Low,DE,Verified,2017-04-23 22:32:30.695030
CUST_000208,Joseph Gonzalez,Individual,Low,KY,Verified,2017-05-20 22:32:30.695032
CUST_000209,Grace Thompson,Individual,High,UK,Verified,2019-08-08 22:32:30.695034
CUST_000210,Megan Anderson,Individual,Low,JP,Pending,2019-08-12 22:32:30.695037
CUST_000211,Joseph Johnson,Individual,Low,IN,Verified,2023-07-15 22:32:30.695039
CUST_000212,Richard Sanchez,Individual,Low,SG,Verified,2017-12-31 22:32:30.695041
CUST_000213,Hannah Moore,Individual,Medium,VG,Verified,2025-07-06 22:32:30.695043
CUST_000214,John Moore,Corporate,Medium,SG,Verified,2019-07-18 22:32:30.695045
CUST_000215,Matthew Wang,Individual,Low,SG,Verified,2020-09-13 22:32:30.695048
CUST_000216,Sophia Nguyen,Individual,Low,UK,Verified,2024-03-05 22:32:30.695050
CUST_000217,Hannah Johnson,Corporate,Medium,SG,Expired,2020-03-17 22:32:30.695052
CUST_000218,Sarah Taylor,Individual,Medium,IN,Pending,2019-01-13 22:32:30.695055
CUST_000219,Emily Ali,Corporate,Low,DE,Verified,2018-01-01 22:32:30.695057
CUST_000220,Thomas Williams,Individual,High,US,Pending,2019-02-20 22:32:30.695059
CUST_000221,Michael Abbas,Individual,Low,KY,Pending,2017-05-27 22:32:30.695062
CUST_000222,Emma Thompson,Individual,Low,US,Pending,2016-08-27 22:32:30.695064
CUST_000223,Daniel Ramirez,Individual,High,JP,Verified,2021-10-28 22:32:30.695066
CUST_000224,Carlos Wang,Individual,Low,IN,Verified,2024-06-06 22:32:30.695068
CUST_000225,Sarah Harris,Individual,Medium,IN,Verified,2016-11-15 22:32:30.695071
CUST_000226,Ahmed Gonzalez,Trust,Low,VG,Verified,2018-06-15 22:32:30.695073
CUST_000227,Thomas Williams,Individual,Low,IN,Verified,2023-05-16 22:32:30.695075
CUST_000228,Emma Smith,Corporate,High,KY,Verified,2025-09-25 22:32:30.695077
CUST_000229,Priya Nguyen,Individual,Low,IN,Verified,2019-09-01 22:32:30.695080
CUST_000230,Richard White,Corporate,Medium,SG,Verified,2018-03-26 22:32:30.695083
CUST_000231,Emma Jones,Individual,Low,VG,Verified,2024-11-08 22:32:30.695085
CUST_000232,Hannah Tanaka,Individual,Low,KY,Verified,2023-12-13 22:32:30.695087
CUST_000233,Daniel Davis,Individual,Low,DE,Expired,2025-11-16 22:32:30.695090
CUST_000234,Megan Wang,Individual,Medium,DE,Expired,2021-02-21 22:32:30.695093
CUST_000235,Megan Clark,Corporate,Low,DE,Pending,2022-07-28 22:32:30.695096
CUST_000236,Daniel Sanchez,Individual,Medium,DE,Expired,2021-05-23 22:32:30.695098
CUST_000237,Christopher Singh,Individual,Low,SG,Verified,2024-05-22 22:32:30.695101
CUST_000238,David Gonzalez,Individual,High,IN,Expired,2021-06-16 22:32:30.695103
CUST_000239,Joshua Harris,Individual,Low,US,Verified,2018-05-06 22:32:30.695105
CUST_000240,Emily Tanaka,Trust,Medium,KY,Verified,2023-10-20 22:32:30.695107
CUST_000241,Ahmed Martin,Trust,Medium,SG,Verified,2021-06-27 22:32:30.695110
CUST_000242,Sophia Singh,Trust,Medium,DE,Verified,2020-06-17 22:32:30.695112
CUST_000243,James Martin,Individual,Medium,JP,Verified,2017-05-25 22:32:30.695114
CUST_000244,Christopher Wilson,Individual,Medium,IN,Verified,2019-03-26 22:32:30.695116
CUST_000245,Emma Ali,Trust,Medium,US,Pending,2020-10-19 22:32:30.695119
CUST_000246,Carlos Lee,Individual,Low,JP,Verified,2016-04-19 22:32:30.695121
CUST_000247,Grace Lewis,Trust,Low,VG,Verified,2016-07-29 22:32:30.695123
CUST_000248,Anthony Wilson,Trust,High,JP,Pending,2017-11-02 22:32:30.695126
CUST_000249,Raj Patel,Corporate,Medium,VG,Verified,2017-12-06 22:32:30.695128
CUST_000250,William Garcia,Individual,Medium,VG,Verified,2025-05-22 22:32:30.695130
CUST_000251,Christopher Wang,Individual,Low,DE,Verified,2018-03-05 22:32:30.695132
CUST_000252,Maria Perez,Corporate,Low,VG,Verified,2024-07-16 22:32:30.695135
CUST_000253,Linda Thomas,Individual,Low,UK,Verified,2020-04-09 22:32:30.695137
CUST_000254,Megan Anderson,Individual,Medium,KY,Expired,2023-10-06 22:32:30.695139
CUST_000255,Richard Martinez,Individual,Low,KY,Verified,2019-10-19 22:32:30.695141
CUST_000256,Mary Williams,Trust,Low,DE,Verified,2022-06-11 22:32:30.695144
CUST_000257,Rachel Patel,Individual,Low,UK,Pending,2018-08-30 22:32:30.695146
CUST_000258,Maria Jones,Individual,Low,JP,Verified,2020-09-21 22:32:30.695149
CUST_000259,Grace Clark,Individual,Low,SG,Verified,2020-03-12 22:32:30.695151
CUST_000260,Ahmed Gonzalez,Individual,Low,JP,Verified,2021-11-11 22:32:30.695153
CUST_000261,Andrew Chen,Trust,Medium,IN,Verified,2022-07-27 22:32:30.695156
CUST_000262,Sophia Thomas,Individual,Low,SG,Verified,2024-02-23 22:32:30.695158
CUST_000263,Jessica Smith,Individual,Low,VG,Verified,2020-12-07 22:32:30.695161
CUST_000264,Michael Ramirez,Corporate,Low,US,Verified,2020-02-10 22:32:30.695163
CUST_000265,Joseph Lopez,Corporate,Low,SG,Expired,2022-04-01 22:32:30.695165
CUST_000266,Priya Robinson,Individual,Low,US,Verified,2019-12-18 22:32:30.695168
CUST_000267,Jennifer Singh,Corporate,Low,KY,Verified,2022-02-11 22:32:30.695170
CUST_000268,Rachel Davis,Individual,Medium,US,Verified,2018-07-05 22:32:30.695172
CUST_000269,Grace Rodriguez,Individual,Low,KY,Verified,2017-06-06 22:32:30.695175
CUST_000270,Grace Kim,Corporate,Medium,UK,Verified,2016-05-11 22:32:30.695178
CUST_000271,Mei Abbas,Corporate,Medium,UK,Verified,2018-01-02 22:32:30.695181
CUST_000272,Daniel Lewis,Corporate,Medium,DE,Pending,2018-06-15 22:32:30.695183
CUST_000273,Maria Wang,Trust,Low,DE,Verified,2018-11-16 22:32:30.695185
CUST_000274,Emma Singh,Individual,Low,VG,Verified,2017-01-28 22:32:30.695188
CUST_000275,Anthony Hernandez,Individual,Low,SG,Verified,2018-04-25 22:32:30.695190
CUST_000276,Kevin Lewis,Corporate,Low,VG,Verified,2023-02-15 22:32:30.695192
CUST_000277,Thomas Thomas,Individual,High,KY,Verified,2019-04-01 22:32:30.695195
CUST_000278,Laura Kim,Corporate,Low,VG,Verified,2020-08-28 22:32:30.695197
CUST_000279,Chloe Thomas,Corporate,Low,US,Verified,2023-12-07 22:32:30.695199
CUST_000280,Laura Lewis,Corporate,Medium,KY,Verified,2023-04-29 22:32:30.695202
CUST_000281,John Jackson,Individual,Medium,DE,Pending,2022-12-17 22:32:30.695204
CUST_000282,Rachel Moore,Individual,Low,UK,Expired,2019-10-31 22:32:30.695207
CUST_000283,Hannah Lee,Individual,Low,DE,Pending,2022-09-28 22:32:30.695209
CUST_000284,Wei Garcia,Individual,Low,SG,Pending,2023-07-26 22:32:30.695212
CUST_000285,David Martinez,Individual,Low,KY,Verified,2022-10-01 22:32:30.695214
CUST_000286,Joseph Harris,Individual,Low,KY,Expired,2017-06-10 22:32:30.695217
CUST_000287,Jessica Wilson,Individual,Low,US,Verified,2022-11-06 22:32:30.695219
CUST_000288,John Clark,Individual,Low,SG,Expired,2018-03-08 22:32:30.695221
CUST_000289,Joshua Perez,Individual,Low,UK,Expired,2023-10-06 22:32:30.695224
CUST_000290,Wei Robinson,Individual,Low,JP,Verified,2018-05-07 22:32:30.695226
CUST_000291,Joshua Brown,Individual,Low,KY,Expired,2018-03-08 22:32:30.695228
CUST_000292,Amanda Clark,Corporate,Low,KY,Verified,2020-08-09 22:32:30.695230
CUST_000293,Andrew Ali,Individual,Medium,US,Verified,2022-07-14 22:32:30.695233
CUST_000294,Mary Kumar,Individual,Medium,VG,Verified,2020-09-15 22:32:30.695235
CUST_000295,Andrew Patel,Individual,Low,IN,Verified,2022-03-06 22:32:30.695237
CUST_000296,James Thompson,Corporate,Low,UK,Verified,2019-10-21 22:32:30.695240
CUST_000297,Megan Harris,Individual,Low,DE,Verified,2017-03-03 22:32:30.695242
CUST_000298,Joshua Nguyen,Individual,Medium,SG,Expired,2017-12-30 22:32:30.695244
CUST_000299,Wei Abbas,Individual,Medium,KY,Verified,2023-01-08 22:32:30.695247
CUST_000300,Joseph Chen,Individual,Low,KY,Pending,2022-11-11 22:32:30.695249
CUST_000301,Joseph Moore,Individual,High,DE,Expired,2024-09-20 22:32:30.695251
CUST_000302,Emma Chen,Individual,Low,UK,Expired,2019-08-29 22:32:30.695253
CUST_000303,Mary Harris,Individual,Low,IN,Expired,2018-07-02 22:32:30.695256
CUST_000304,Hannah Sanchez,Corporate,Medium,VG,Verified,2019-12-31 22:32:30.695258
CUST_000305,William Robinson,Trust,Medium,KY,Expired,2021-10-30 22:32:30.695260
CUST_000306,David Tanaka,Individual,Medium,IN,Pending,2021-08-30 22:32:30.695263
CUST_000307,Wei Johnson,Individual,Medium,UK,Verified,2016-11-28 22:32:30.695265
CUST_000308,Sophia Ali,Corporate,Low,DE,Verified,2022-03-21 22:32:30.695267
CUST_000309,Ahmed Johnson,Individual,Medium,US,Verified,2017-06-02 22:32:30.695271
CUST_000310,Linda Ramirez,Individual,Low,VG,Verified,2017-01-24 22:32:30.695274
CUST_000311,David Robinson,Individual,Medium,SG,Verified,2024-06-12 22:32:30.695277
CUST_000312,Emily Brown,Individual,Low,KY,Verified,2022-10-31 22:32:30.695280
CUST_000313,Thomas Harris,Trust,Medium,UK,Verified,2025-08-13 22:32:30.695282
CUST_000314,Daniel Wilson,Corporate,Low,US,Verified,2022-11-11 22:32:30.695285
CUST_000315,Grace Lee,Individual,Medium,SG,Pending,2018-01-29 22:32:30.695287
CUST_000316,Hannah Harris,Individual,Low,JP,Verified,2025-03-15 22:32:30.695289
CUST_000317,Laura Clark,Individual,Medium,UK,Verified,2022-03-16 22:32:30.695292
CUST_000318,Thomas Garcia,Individual,Low,UK,Verified,2021-02-16 22:32:30.695294
CUST_000319,Kevin Johnson,Individual,Low,SG,Verified,2018-09-25 22:32:30.695297
CUST_000320,Wei Brown,Individual,Low,US,Expired,2023-03-19 22:32:30.695299
CUST_000321,Matthew Anderson,Corporate,Low,JP,Verified,2017-09-15 22:32:30.695301
CUST_000322,John Williams,Individual,Medium,IN,Verified,2020-09-18 22:32:30.695303
CUST_000323,Mary Thomas,Individual,Low,IN,Verified,2023-09-09 22:32:30.695306
CUST_000324,Richard Johnson,Trust,High,DE,Verified,2023-10-28 22:32:30.695308
CUST_000325,Maria Martinez,Corporate,Low,US,Pending,2016-10-20 22:32:30.695310
CUST_000326,Rachel Rodriguez,Individual,Low,VG,Verified,2020-01-18 22:32:30.695312
CUST_000327,Kevin Davis,Individual,Medium,KY,Verified,2023-01-18 22:32:30.695315
CUST_000328,Ahmed Wilson,Individual,Medium,SG,Verified,2019-10-14 22:32:30.695317
CUST_000329,Grace Taylor,Individual,Low,DE,Verified,2018-04-13 22:32:30.695320
CUST_000330,Olivia Hernandez,Individual,Low,JP,Verified,2023-01-16 22:32:30.695322
CUST_000331,Carlos Abbas,Corporate,Medium,SG,Verified,2024-07-19 22:32:30.695324
CUST_000332,Sarah Hernandez,Individual,Low,SG,Verified,2024-11-11 22:32:30.695327
CUST_000333,Megan Miller,Individual,High,US,Verified,2019-03-09 22:32:30.695329
CUST_000334,Fatima Johnson,Individual,High,KY,Verified,2017-10-12 22:32:30.695332
CUST_000335,Megan Kumar,Individual,Medium,VG,Expired,2019-07-05 22:32:30.695334
CUST_000336,Andrew Sanchez,Corporate,Low,IN,Expired,2023-05-28 22:32:30.695336
CUST_000337,Richard Jones,Corporate,Medium,UK,Verified,2023-05-15 22:32:30.695339
CUST_000338,Fatima Thomas,Individual,Low,UK,Pending,2025-07-09 22:32:30.695341
CUST_000339,Michael Martin,Individual,Low,SG,Verified,2018-07-30 22:32:30.695343
CUST_000340,Carlos Davis,Individual,Low,IN,Verified,2020-02-18 22:32:30.695346
CUST_000341,Ahmed Williams,Individual,Low,IN,Pending,2023-07-23 22:32:30.695348
CUST_000342,Matthew Nguyen,Individual,Medium,KY,Expired,2018-12-07 22:32:30.695351
CUST_000343,Emma White,Individual,Medium,JP,Expired,2023-06-24 22:32:30.695353
CUST_000344,John Wang,Individual,Medium,JP,Verified,2025-07-01 22:32:30.695355
CUST_000345,Hannah Smith,Individual,Low,DE,Verified,2024-12-18 22:32:30.695358
CUST_000346,Joshua Chen,Individual,Low,US,Pending,2021-06-15 22:32:30.695360
CUST_000347,Michael Ramirez,Individual,Low,KY,Verified,2022-05-21 22:32:30.695362
CUST_000348,Olivia Robinson,Individual,High,KY,Verified,2018-01-16 22:32:30.695364
CUST_000349,Jessica Ramirez,Individual,Low,US,Verified,2020-10-16 22:32:30.695367
CUST_000350,Emily Kim,Individual,Medium,IN,Verified,2024-12-17 22:32:30.695369
CUST_000351,Laura Tanaka,Corporate,Low,JP,Verified,2018-06-13 22:32:30.695371
CUST_000352,Wei Patel,Individual,Low,JP,Verified,2017-06-11 22:32:30.695374
CUST_000353,Grace Ramirez,Individual,Medium,IN,Expired,2024-07-18 22:32:30.695377
CUST_000354,Fatima Moore,Individual,Low,JP,Verified,2026-01-11 22:32:30.695380
CUST_000355,Daniel Thomas,Individual,Medium,SG,Verified,2019-12-01 22:32:30.695383
CUST_000356,Linda Moore,Individual,High,KY,Verified,2024-04-26 22:32:30.695385
CUST_000357,Anthony Thomas,Individual,Low,UK,Verified,2021-07-11 22:32:30.695388
CUST_000358,Grace Kumar,Trust,Low,US,Verified,2018-10-07 22:32:30.695391
CUST_000359,Maria Harris,Individual,Low,JP,Verified,2016-03-18 22:32:30.695393
CUST_000360,Hannah Johnson,Individual,High,DE,Pending,2016-03-28 22:32:30.695395
CUST_000361,Chloe Lee,Individual,Low,JP,Verified,2020-10-02 22:32:30.695398
CUST_000362,Emily Chen,Individual,Medium,JP,Expired,2020-09-25 22:32:30.695400
CUST_000363,Amanda Thompson,Individual,Medium,VG,Verified,2018-10-17 22:32:30.695402
CUST_000364,Thomas Perez,Trust,Medium,SG,Verified,2023-11-08 22:32:30.695405
CUST_000365,Laura Abbas,Individual,Low,US,Verified,2017-08-11 22:32:30.695407
CUST_000366,Laura Singh,Trust,Medium,VG,Verified,2022-11-13 22:32:30.695409
CUST_000367,James Kim,Trust,High,VG,Pending,2022-06-27 22:32:30.695412
CUST_000368,Richard Garcia,Individual,Low,DE,Verified,2022-11-20 22:32:30.695414
CUST_000369,Rachel Clark,Individual,Low,KY,Verified,2018-11-05 22:32:30.695416
CUST_000370,Chloe Singh,Individual,High,DE,Pending,2025-06-04 22:32:30.695419
CUST_000371,Rachel Patel,Individual,Low,KY,Expired,2017-06-20 22:32:30.695421
CUST_000372,Chloe Lewis,Individual,Medium,KY,Pending,2025-01-31 22:32:30.695423
CUST_000373,Mary Garcia,Individual,Low,US,Verified,2018-10-10 22:32:30.695426
CUST_000374,Christopher Anderson,Individual,Low,JP,Pending,2019-08-26 22:32:30.695428
CUST_000375,Sophia Thomas,Individual,Medium,US,Verified,2023-06-26 22:32:30.695430
CUST_000376,Megan Ali,Corporate,Low,SG,Verified,2020-02-02 22:32:30.695433
CUST_000377,Olivia Patel,Individual,Low,KY,Verified,2017-10-21 22:32:30.695435
CUST_000378,Mei Kim,Corporate,Low,VG,Verified,2017-12-24 22:32:30.695437
CUST_000379,Matthew Ramirez,Individual,Low,JP,Verified,2016-07-21 22:32:30.695439
CUST_000380,Mei Perez,Individual,Low,UK,Verified,2025-09-02 22:32:30.695442
CUST_000381,Matthew Robinson,Individual,Low,SG,Pending,2024-02-15 22:32:30.695444
CUST_000382,Laura Martin,Individual,High,US,Verified,2021-05-27 22:32:30.695467
CUST_000383,Thomas Anderson,Corporate,Low,DE,Verified,2016-03-12 22:32:30.695472
CUST_000384,Sarah Gonzalez,Corporate,Medium,SG,Verified,2016-09-11 22:32:30.695475
CUST_000385,Daniel Davis,Corporate,Low,SG,Expired,2024-02-12 22:32:30.695477
CUST_000386,Wei Lopez,Individual,Medium,JP,Verified,2025-09-06 22:32:30.695480
CUST_000387,Richard Wilson,Individual,Low,SG,Verified,2016-09-16 22:32:30.695483
CUST_000388,Kevin Moore,Corporate,High,SG,Pending,2021-08-20 22:32:30.695485
CUST_000389,Fatima Kim,Corporate,Low,UK,Pending,2017-04-02 22:32:30.695487
CUST_000390,Carlos Jackson,Trust,Low,IN,Verified,2020-07-13 22:32:30.695490
CUST_000391,Michael Gonzalez,Individual,Low,DE,Verified,2023-12-31 22:32:30.695492
CUST_000392,Christopher Anderson,Individual,Low,DE,Pending,2017-09-09 22:32:30.695494
CUST_000393,Olivia Lopez,Corporate,Low,DE,Verified,2016-04-22 22:32:30.695497
CUST_000394,Megan Smith,Individual,Low,KY,Verified,2022-11-04 22:32:30.695499
CUST_000395,Wei Rodriguez,Trust,Medium,VG,Pending,2016-04-03 22:32:30.695502
CUST_000396,Laura Williams,Corporate,Low,IN,Verified,2025-09-01 22:32:30.695504
CUST_000397,Jennifer Singh,Individual,Low,DE,Verified,2025-12-26 22:32:30.695506
CUST_000398,Christopher Rodriguez,Corporate,Medium,SG,Verified,2022-09-28 22:32:30.695509
CUST_000399,Chloe Miller,Corporate,Medium,SG,Verified,2019-09-20 22:32:30.695511
CUST_000400,James Kumar,Individual,Low,DE,Verified,2019-05-01 22:32:30.695513
CUST_000401,Christopher Patel,Trust,Low,JP,Pending,2024-11-19 22:32:30.695517
CUST_000402,Kevin Lewis,Individual,Low,DE,Verified,2022-05-01 22:32:30.695521
CUST_000403,Hannah Lopez,Corporate,Medium,SG,Verified,2022-11-24 22:32:30.695524
CUST_000404,Jennifer Taylor,Individual,Medium,KY,Verified,2020-12-28 22:32:30.695526
CUST_000405,Kevin Davis,Corporate,Low,US,Verified,2018-11-24 22:32:30.695528
CUST_000406,John Sanchez,Individual,Medium,US,Expired,2019-12-30 22:32:30.695531
CUST_000407,Chloe Jones,Individual,Medium,IN,Verified,2020-03-17 22:32:30.695533
CUST_000408,Ahmed Brown,Trust,Low,IN,Verified,2020-07-19 22:32:30.695535
CUST_000409,Jessica Martinez,Individual,Medium,DE,Verified,2024-08-01 22:32:30.695538
CUST_000410,Ahmed Martin,Individual,Low,UK,Verified,2016-07-18 22:32:30.695540
CUST_000411,Linda Thomas,Trust,Low,DE,Verified,2020-06-07 22:32:30.695543
CUST_000412,Sarah Singh,Trust,Low,JP,Verified,2020-11-02 22:32:30.695545
CUST_000413,Joshua Abbas,Individual,Low,DE,Expired,2023-01-11 22:32:30.695547
CUST_000414,Carlos Tanaka,Individual,Low,IN,Verified,2023-12-05 22:32:30.695549
CUST_000415,Joseph Kim,Individual,High,US,Verified,2017-01-07 22:32:30.695552
CUST_000416,Andrew Lewis,Individual,Low,SG,Verified,2024-10-28 22:32:30.695554
CUST_000417,Anthony Martin,Individual,Low,DE,Pending,2022-05-19 22:32:30.695556
CUST_000418,Fatima Ramirez,Individual,Low,SG,Verified,2024-04-07 22:32:30.695559
CUST_000419,Megan Kumar,Corporate,High,SG,Verified,2017-11-21 22:32:30.695561
CUST_000420,Maria Brown,Corporate,Low,UK,Verified,2020-12-10 22:32:30.695563
CUST_000421,Maria Miller,Corporate,Low,SG,Verified,2018-10-26 22:32:30.695566
CUST_000422,Amanda Wilson,Individual,Low,US,Pending,2023-03-16 22:32:30.695568
CUST_000423,Thomas Garcia,Individual,Low,KY,Verified,2018-01-11 22:32:30.695570
CUST_000424,William Thomas,Individual,High,KY,Verified,2024-01-01 22:32:30.695573
CUST_000425,Emily Singh,Individual,High,VG,Expired,2025-12-06 22:32:30.695575
CUST_000426,John Hernandez,Individual,Low,JP,Pending,2017-10-29 22:32:30.695577
CUST_000427,James Clark,Corporate,High,DE,Expired,2022-04-23 22:32:30.695580
CUST_000428,Anthony Abbas,Individual,Medium,JP,Pending,2017-03-22 22:32:30.695582
CUST_000429,Kevin Jackson,Individual,Medium,US,Verified,2022-10-12 22:32:30.695584
CUST_000430,Robert Anderson,Individual,Low,SG,Verified,2019-09-21 22:32:30.695587
CUST_000431,Christopher Jackson,Corporate,Low,KY,Verified,2018-07-11 22:32:30.695589
CUST_000432,Grace Jones,Individual,Low,JP,Verified,2017-08-06 22:32:30.695591
CUST_000433,Joseph Taylor,Individual,Medium,US,Verified,2023-12-03 22:32:30.695593
CUST_000434,Fatima Gonzalez,Individual,Low,KY,Verified,2024-02-14 22:32:30.695596
CUST_000435,Emma Davis,Corporate,Low,SG,Verified,2019-03-28 22:32:30.695598
CUST_000436,Wei Anderson,Individual,Low,JP,Pending,2016-06-27 22:32:30.695601
CUST_000437,Jessica Moore,Corporate,Medium,KY,Verified,2018-12-04 22:32:30.695603
CUST_000438,Jessica Jones,Corporate,Low,DE,Expired,2021-07-17 22:32:30.695606
CUST_000439,Jennifer Hernandez,Individual,Medium,IN,Verified,2016-10-24 22:32:30.695608
CUST_000440,Megan Abbas,Individual,High,DE,Verified,2021-04-17 22:32:30.695611
CUST_000441,Ahmed Jackson,Trust,Low,VG,Verified,2020-04-23 22:32:30.695613
CUST_000442,Anthony Davis,Individual,Medium,VG,Verified,2022-05-30 22:32:30.695615
CUST_000443,Grace Martin,Individual,Low,KY,Verified,2025-02-11 22:32:30.695617
CUST_000444,Sophia Moore,Corporate,Medium,IN,Pending,2021-08-05 22:32:30.695620
CUST_000445,Raj Nguyen,Trust,Low,US,Verified,2018-08-01 22:32:30.695622
CUST_000446,Chloe Lewis,Trust,Medium,DE,Verified,2025-01-07 22:32:30.695624
CUST_000447,Linda Abbas,Corporate,Medium,US,Verified,2024-01-07 22:32:30.695627
CUST_000448,Robert Ramirez,Individual,High,IN,Verified,2024-07-06 22:32:30.695629
CUST_000449,Daniel Abbas,Individual,Medium,US,Expired,2020-09-25 22:32:30.695632
CUST_000450,Thomas Johnson,Corporate,Low,IN,Pending,2022-06-17 22:32:30.695634
CUST_000451,Linda Anderson,Individual,Medium,KY,Verified,2023-04-22 22:32:30.695637
CUST_000452,Ahmed Ali,Individual,Medium,US,Verified,2026-01-05 22:32:30.695639
CUST_000453,Mary Moore,Trust,Low,DE,Verified,2023-03-01 22:32:30.695641
CUST_000454,Ahmed Williams,Individual,Low,SG,Expired,2021-10-14 22:32:30.695644
CUST_000455,Emily Patel,Individual,High,VG,Verified,2023-06-13 22:32:30.695646
CUST_000456,Priya Lewis,Individual,Medium,SG,Verified,2021-01-29 22:32:30.695649
CUST_000457,Laura Lopez,Individual,Medium,US,Pending,2017-08-20 22:32:30.695652
CUST_000458,Fatima Ramirez,Individual,Low,SG,Verified,2023-02-04 22:32:30.695655
CUST_000459,Chloe Garcia,Individual,Medium,DE,Pending,2022-05-23 22:32:30.695658
CUST_000460,Kevin Thompson,Individual,Low,DE,Verified,2022-09-14 22:32:30.695661
CUST_000461,Joshua Perez,Individual,Medium,US,Verified,2019-07-23 22:32:30.695665
CUST_000462,Daniel Miller,Corporate,Low,KY,Verified,2017-12-25 22:32:30.695667
CUST_000463,William Perez,Individual,Medium,SG,Expired,2019-08-31 22:32:30.695669
CUST_000464,Joshua Chen,Trust,High,KY,Pending,2025-12-17 22:32:30.695672
CUST_000465,Christopher Sanchez,Individual,Low,KY,Verified,2023-02-26 22:32:30.695674
CUST_000466,Mei Williams,Individual,High,IN,Verified,2018-10-04 22:32:30.695677
CUST_000467,Grace Garcia,Corporate,Low,UK,Verified,2022-01-21 22:32:30.695679
CUST_000468,Daniel Taylor,Individual,Medium,US,Expired,2018-04-27 22:32:30.695682
CUST_000469,Daniel Davis,Trust,Medium,VG,Verified,2023-06-10 22:32:30.695684
CUST_000470,Sophia Wang,Individual,Low,DE,Verified,2025-05-23 22:32:30.695687
CUST_000471,James Nguyen,Trust,Medium,DE,Verified,2018-08-07 22:32:30.695689
CUST_000472,Grace Clark,Individual,Medium,US,Pending,2024-10-05 22:32:30.695692
CUST_000473,Jennifer Gonzalez,Corporate,Low,IN,Verified,2020-11-13 22:32:30.695694
CUST_000474,Priya White,Individual,Low,JP,Verified,2022-08-25 22:32:30.695697
CUST_000475,Maria Chen,Trust,Medium,JP,Verified,2024-04-18 22:32:30.695699
CUST_000476,Anthony Brown,Individual,Medium,JP,Pending,2021-07-17 22:32:30.695701
CUST_000477,Amanda Moore,Individual,Medium,IN,Verified,2018-05-24 22:32:30.695703
CUST_000478,Mei Rodriguez,Trust,Medium,VG,Verified,2020-06-14 22:32:30.695706
CUST_000479,Christopher Lewis,Individual,Low,DE,Expired,2016-02-18 22:32:30.695708
CUST_000480,Chloe Davis,Individual,Medium,US,Verified,2018-03-14 22:32:30.695711
CUST_000481,Mary Abbas,Individual,Low,IN,Verified,2017-06-15 22:32:30.695713
CUST_000482,Rachel Hernandez,Individual,Low,DE,Verified,2022-08-08 22:32:30.695716
CUST_000483,Megan Singh,Individual,Low,KY,Pending,2018-05-07 22:32:30.695718
CUST_000484,James Singh,Individual,Low,SG,Verified,2024-10-09 22:32:30.695720
CUST_000485,Joshua Garcia,Trust,Low,SG,Expired,2018-12-04 22:32:30.695723
CUST_000486,Joseph Davis,Individual,Low,IN,Verified,2022-10-12 22:32:30.695725
CUST_000487,Grace Davis,Individual,Medium,DE,Verified,2021-12-19 22:32:30.695728
CUST_000488,Jessica Chen,Trust,Low,UK,Verified,2019-03-13 22:32:30.695730
CUST_000489,Christopher Wang,Corporate,Low,VG,Pending,2023-08-12 22:32:30.695733
CUST_000490,Laura Clark,Individual,Low,JP,Verified,2023-08-19 22:32:30.695735
CUST_000491,Kevin Patel,Individual,Low,VG,Pending,2024-08-03 22:32:30.695737
CUST_000492,Rachel Robinson,Individual,Low,VG,Verified,2020-09-22 22:32:30.695740
CUST_000493,Mei Martinez,Individual,Low,IN,Verified,2024-05-15 22:32:30.695742
CUST_000494,Andrew Gonzalez,Individual,Medium,KY,Verified,2020-12-26 22:32:30.695745
CUST_000495,Carlos Wang,Individual,Medium,VG,Pending,2017-09-14 22:32:30.695747
CUST_000496,David Jones,Individual,Medium,SG,Verified,2019-04-18 22:32:30.695749
CUST_000497,Laura Clark,Individual,Low,KY,Verified,2021-11-24 22:32:30.695752
CUST_000498,Hannah Wang,Trust,Low,US,Verified,2021-06-04 22:32:30.695754
CUST_000499,Laura Smith,Trust,Medium,VG,Pending,2018-03-20 22:32:30.695756
CUST_000500,Christopher Martin,Individual,Low,VG,Verified,2019-12-06 22:32:30.695759
CUST_000501,Fatima Ali,Individual,Low,US,Pending,2020-10-22 22:32:30.695761
CUST_000502,Chloe Martinez,Individual,Low,VG,Verified,2017-08-05 22:32:30.695764
CUST_000503,Anthony Nguyen,Corporate,Low,US,Verified,2020-01-23 22:32:30.695766
CUST_000504,Kevin Thompson,Individual,Low,KY,Verified,2017-02-04 22:32:30.695768
CUST_000505,Hannah Singh,Individual,Low,SG,Pending,2018-08-22 22:32:30.695771
CUST_000506,Wei Harris,Trust,Low,US,Expired,2016-10-30 22:32:30.695774
CUST_000507,Grace Lee,Corporate,Low,UK,Verified,2023-08-22 22:32:30.695776
CUST_000508,Richard Thomas,Trust,Medium,IN,Verified,2017-07-18 22:32:30.695779
CUST_000509,Ahmed Harris,Corporate,Medium,IN,Verified,2023-04-25 22:32:30.695782
CUST_000510,Joseph Clark,Individual,Medium,US,Verified,2018-06-17 22:32:30.695784
CUST_000511,Robert Lee,Individual,Medium,IN,Verified,2017-08-16 22:32:30.695786
CUST_000512,Kevin Harris,Trust,High,VG,Verified,2019-05-29 22:32:30.695789
CUST_000513,Andrew Martinez,Corporate,Low,JP,Verified,2016-04-18 22:32:30.695795
CUST_000514,Chloe Williams,Individual,Low,JP,Verified,2017-04-04 22:32:30.695799
CUST_000515,David Wang,Individual,Low,IN,Verified,2025-03-03 22:32:30.695802
CUST_000516,Fatima Perez,Individual,Medium,KY,Verified,2020-03-12 22:32:30.695805
CUST_000517,Michael Lewis,Corporate,Medium,DE,Verified,2021-01-29 22:32:30.695807
CUST_000518,Michael Kim,Trust,Low,KY,Verified,2020-03-01 22:32:30.695810
CUST_000519,Grace Smith,Individual,High,DE,Pending,2018-03-13 22:32:30.695812
CUST_000520,Jessica Clark,Individual,Low,JP,Verified,2022-01-12 22:32:30.695815
CUST_000521,Jessica Jones,Individual,High,JP,Verified,2025-03-19 22:32:30.695819
CUST_000522,Kevin Taylor,Trust,Low,US,Verified,2019-10-06 22:32:30.695823
CUST_000523,Hannah Tanaka,Corporate,Low,SG,Verified,2024-10-30 22:32:30.695826
CUST_000524,Sophia Garcia,Corporate,Low,UK,Verified,2025-05-25 22:32:30.695829
CUST_000525,Hannah Nguyen,Individual,Low,KY,Verified,2016-10-17 22:32:30.695831
CUST_000526,Andrew Lee,Individual,Low,VG,Expired,2019-12-12 22:32:30.695834
CUST_000527,Chloe Nguyen,Individual,Low,DE,Verified,2020-06-02 22:32:30.695836
CUST_000528,Robert Tanaka,Individual,Medium,IN,Verified,2023-10-27 22:32:30.695839
CUST_000529,John Thomas,Corporate,Low,VG,Verified,2019-09-01 22:32:30.695841
CUST_000530,Christopher Anderson,Corporate,Low,SG,Verified,2020-01-26 22:32:30.695844
CUST_000531,Linda Ramirez,Trust,Medium,DE,Verified,2024-05-29 22:32:30.695846
CUST_000532,Michael Miller,Trust,Medium,KY,Pending,2024-03-30 22:32:30.695848
CUST_000533,Anthony Hernandez,Individual,Low,US,Verified,2022-05-30 22:32:30.695851
CUST_000534,Megan Johnson,Corporate,Low,VG,Verified,2016-07-04 22:32:30.695853
CUST_000535,Robert Lee,Trust,Low,SG,Verified,2020-04-02 22:32:30.695856
CUST_000536,Jennifer Jackson,Corporate,Low,KY,Verified,2021-02-18 22:32:30.695858
CUST_000537,Matthew White,Individual,Medium,JP,Expired,2024-10-13 22:32:30.695861
CUST_000538,Emma Martinez,Individual,Low,JP,Verified,2018-06-17 22:32:30.695863
CUST_000539,Rachel Kim,Individual,Low,KY,Verified,2023-10-14 22:32:30.695866
CUST_000540,Joshua Kumar,Trust,Medium,KY,Verified,2018-01-18 22:32:30.695868
CUST_000541,Emily Hernandez,Individual,Low,KY,Expired,2019-07-20 22:32:30.695871
CUST_000542,Emily Garcia,Individual,Low,DE,Verified,2020-08-09 22:32:30.695873
CUST_000543,Maria Harris,Individual,Low,KY,Verified,2025-01-25 22:32:30.695876
CUST_000544,Maria Thomas,Individual,High,VG,Verified,2020-05-13 22:32:30.695878
CUST_000545,Chloe Ali,Individual,Low,SG,Verified,2021-02-03 22:32:30.695881
CUST_000546,Jessica Anderson,Individual,Medium,DE,Verified,2017-01-07 22:32:30.695883
CUST_000547,Grace Taylor,Individual,Low,KY,Verified,2025-06-19 22:32:30.695886
CUST_000548,Grace Taylor,Individual,Low,UK,Verified,2021-01-01 22:32:30.695888
CUST_000549,James Robinson,Corporate,Medium,IN,Verified,2024-08-10 22:32:30.695890
CUST_000550,Christopher Nguyen,Individual,High,UK,Verified,2020-05-01 22:32:30.695893
CUST_000551,William Jones,Corporate,Medium,SG,Verified,2021-06-06 22:32:30.695895
CUST_000552,Anthony Thompson,Individual,Medium,JP,Verified,2020-12-18 22:32:30.695898
CUST_000553,Fatima Martin,Individual,Medium,US,Verified,2019-10-07 22:32:30.695900
CUST_000554,Emma Taylor,Corporate,Low,US,Verified,2025-06-10 22:32:30.695902
CUST_000555,Grace Martin,Individual,Low,IN,Expired,2019-10-28 22:32:30.695905
CUST_000556,Richard Harris,Individual,Medium,JP,Verified,2020-11-26 22:32:30.695907
CUST_000557,Kevin Miller,Individual,Low,DE,Verified,2018-07-18 22:32:30.695910
CUST_000558,Rachel Harris,Corporate,Medium,DE,Verified,2017-01-14 22:32:30.695912
CUST_000559,Ahmed Thompson,Individual,High,DE,Expired,2022-08-19 22:32:30.695914
CUST_000560,Ahmed Jackson,Corporate,Low,US,Verified,2017-12-23 22:32:30.695917
CUST_000561,Christopher Johnson,Individual,Low,UK,Verified,2025-11-04 22:32:30.695919
CUST_000562,Sophia Moore,Individual,Medium,US,Verified,2021-08-25 22:32:30.695922
CUST_000563,James Kumar,Individual,Low,VG,Verified,2023-03-27 22:32:30.695924
CUST_000564,Jennifer Abbas,Individual,Medium,KY,Verified,2016-12-06 22:32:30.695926
CUST_000565,Chloe Jackson,Individual,Low,DE,Verified,2026-01-20 22:32:30.695929
CUST_000566,Joseph Abbas,Individual,Medium,UK,Verified,2017-09-22 22:32:30.695931
CUST_000567,Matthew Anderson,Individual,Low,SG,Expired,2023-08-24 22:32:30.695933
CUST_000568,Richard Tanaka,Trust,Medium,IN,Verified,2019-08-09 22:32:30.695936
CUST_000569,Thomas Rodriguez,Individual,Low,SG,Verified,2025-04-08 22:32:30.695938
CUST_000570,Michael Williams,Individual,Low,KY,Verified,2025-07-31 22:32:30.695940
CUST_000571,Megan Lewis,Corporate,Low,UK,Verified,2021-05-03 22:32:30.695943
CUST_000572,Robert Ali,Individual,Medium,US,Verified,2022-03-23 22:32:30.695945
CUST_000573,Olivia Rodriguez,Individual,Medium,US,Verified,2018-03-27 22:32:30.695947
CUST_000574,Linda Jackson,Corporate,Low,VG,Verified,2025-05-16 22:32:30.695950
CUST_000575,Daniel Clark,Trust,Low,VG,Pending,2020-01-08 22:32:30.695952
CUST_000576,Emily Gonzalez,Individual,Low,US,Expired,2025-05-31 22:32:30.695955
CUST_000577,David Nguyen,Trust,Medium,SG,Verified,2025-04-25 22:32:30.695957
CUST_000578,Olivia Kim,Individual,Medium,IN,Verified,2020-10-17 22:32:30.695960
CUST_000579,Raj Moore,Individual,Low,DE,Expired,2025-09-25 22:32:30.695963
CUST_000580,William Taylor,Individual,Low,SG,Verified,2022-11-14 22:32:30.695965
CUST_000581,Kevin Jackson,Trust,Low,IN,Pending,2021-07-03 22:32:30.695967
CUST_000582,Hannah Davis,Individual,Low,VG,Verified,2024-01-26 22:32:30.695970
CUST_000583,Grace Jones,Individual,Low,KY,Verified,2017-06-19 22:32:30.695972
CUST_000584,Jessica Anderson,Individual,High,IN,Verified,2024-07-27 22:32:30.695974
CUST_000585,Sophia Singh,Individual,Low,US,Verified,2017-07-02 22:32:30.695977
CUST_000586,Olivia Garcia,Individual,Medium,VG,Verified,2018-11-23 22:32:30.695980
CUST_000587,Sophia Smith,Individual,Low,VG,Verified,2017-11-28 22:32:30.695982
CUST_000588,Thomas Nguyen,Individual,Low,DE,Verified,2018-11-05 22:32:30.695985
CUST_000589,Sarah Robinson,Individual,Medium,US,Verified,2021-05-17 22:32:30.695987
CUST_000590,Olivia Taylor,Individual,Medium,DE,Verified,2021-11-21 22:32:30.695990
CUST_000591,Fatima Harris,Individual,High,US,Expired,2021-10-19 22:32:30.695992
CUST_000592,Olivia Miller,Individual,Low,DE,Verified,2021-01-21 22:32:30.695995
CUST_000593,Joseph Patel,Individual,Low,IN,Pending,2016-05-03 22:32:30.696000
CUST_000594,Mary Tanaka,Corporate,Medium,SG,Verified,2021-11-08 22:32:30.696003
CUST_000595,Mei Lee,Individual,Low,KY,Verified,2021-11-16 22:32:30.696006
CUST_000596,Maria Anderson,Individual,Low,KY,Expired,2025-03-10 22:32:30.696009
CUST_000597,John Robinson,Individual,Low,US,Verified,2018-06-07 22:32:30.696011
CUST_000598,Megan Clark,Individual,Low,UK,Verified,2018-09-01 22:32:30.696013
CUST_000599,Sarah Rodriguez,Individual,Medium,JP,Verified,2016-04-12 22:32:30.696016
CUST_000600,Robert Williams,Individual,Low,VG,Verified,2020-01-16 22:32:30.696018
CUST_000601,Megan Chen,Individual,Low,VG,Verified,2024-08-06 22:32:30.696021
CUST_000602,Sarah Miller,Individual,Low,US,Expired,2018-10-05 22:32:30.696023
CUST_000603,Rachel Nguyen,Individual,Low,IN,Verified,2016-06-10 22:32:30.696025
CUST_000604,David Harris,Individual,Low,DE,Verified,2022-03-10 22:32:30.696028
CUST_000605,Grace White,Individual,Low,UK,Verified,2024-10-04 22:32:30.696030
CUST_000606,Wei Clark,Individual,Low,SG,Verified,2024-02-01 22:32:30.696033
CUST_000607,Fatima Martinez,Individual,Medium,DE,Verified,2020-01-24 22:32:30.696035
CUST_000608,Joshua Miller,Individual,Low,DE,Verified,2021-09-06 22:32:30.696038
CUST_000609,Chloe Tanaka,Individual,Low,US,Verified,2020-02-27 22:32:30.696041
CUST_000610,Joshua Moore,Individual,Medium,US,Verified,2024-08-29 22:32:30.696043
CUST_000611,Robert White,Corporate,Medium,IN,Verified,2017-12-04 22:32:30.696045
CUST_000612,Amanda Lewis,Individual,Low,VG,Verified,2023-08-04 22:32:30.696048
CUST_000613,Anthony Thomas,Individual,Low,US,Verified,2016-09-22 22:32:30.696050
CUST_000614,Olivia Miller,Corporate,Low,US,Verified,2026-01-18 22:32:30.696053
CUST_000615,Olivia Nguyen,Trust,Medium,US,Pending,2017-08-10 22:32:30.696055
CUST_000616,Matthew Brown,Individual,High,IN,Verified,2025-10-31 22:32:30.696057
CUST_000617,Sophia Moore,Individual,Medium,VG,Verified,2022-09-28 22:32:30.696060
CUST_000618,Richard Davis,Corporate,Low,SG,Verified,2020-11-23 22:32:30.696063
CUST_000619,Grace Garcia,Corporate,Medium,SG,Verified,2018-07-15 22:32:30.696065
CUST_000620,Amanda Abbas,Individual,Low,JP,Verified,2018-01-09 22:32:30.696068
CUST_000621,Mary Brown,Individual,Low,JP,Verified,2019-12-25 22:32:30.696070
CUST_000622,Hannah Thomas,Individual,Low,US,Verified,2021-05-01 22:32:30.696073
CUST_000623,David Kumar,Individual,High,JP,Verified,2020-02-15 22:32:30.696075
CUST_000624,Amanda Jones,Individual,Low,VG,Verified,2021-11-01 22:32:30.696078
CUST_000625,Mei Wilson,Individual,Medium,IN,Verified,2016-11-08 22:32:30.696080
CUST_000626,Fatima Wilson,Individual,Low,SG,Verified,2023-07-07 22:32:30.696082
CUST_000627,Joseph Perez,Corporate,Low,DE,Verified,2023-04-25 22:32:30.696085
CUST_000628,Jessica Abbas,Individual,Low,SG,Expired,2020-12-03 22:32:30.696087
CUST_000629,James Moore,Individual,Low,SG,Pending,2022-03-17 22:32:30.696090
CUST_000630,Jessica Rodriguez,Corporate,Medium,VG,Pending,2024-05-07 22:32:30.696092
CUST_000631,Wei Taylor,Corporate,Low,JP,Pending,2022-12-30 22:32:30.696095
CUST_000632,Emily Davis,Individual,Medium,DE,Expired,2023-12-22 22:32:30.696097
CUST_000633,Mary Rodriguez,Individual,Medium,VG,Verified,2016-04-10 22:32:30.696100
CUST_000634,James Thompson,Individual,High,US,Verified,2017-12-16 22:32:30.696102
CUST_000635,Rachel Ali,Individual,Low,IN,Verified,2017-07-03 22:32:30.696105
CUST_000636,Daniel Johnson,Individual,Low,KY,Verified,2024-10-27 22:32:30.696107
CUST_000637,Emily Taylor,Individual,Low,SG,Verified,2025-09-23 22:32:30.696110
CUST_000638,Jennifer Rodriguez,Individual,High,KY,Verified,2017-01-04 22:32:30.696112
CUST_000639,Joshua Kim,Individual,High,IN,Verified,2018-09-07 22:32:30.696114
CUST_000640,Sarah Jones,Individual,Low,IN,Verified,2021-05-21 22:32:30.696117
CUST_000641,Kevin Lewis,Individual,Medium,VG,Expired,2019-03-12 22:32:30.696119
CUST_000642,Olivia Wang,Individual,Low,VG,Verified,2017-07-01 22:32:30.696121
CUST_000643,Fatima Miller,Individual,Medium,VG,Verified,2016-03-06 22:32:30.696124
CUST_000644,Anthony Wang,Individual,Low,KY,Verified,2025-11-29 22:32:30.696127
CUST_000645,Joseph Tanaka,Corporate,Medium,VG,Verified,2023-05-23 22:32:30.696129
CUST_000646,Robert Kim,Individual,Low,IN,Pending,2023-10-11 22:32:30.696132
CUST_000647,Megan Robinson,Individual,Medium,US,Verified,2025-05-02 22:32:30.696135
CUST_000648,Mary Brown,Corporate,Medium,VG,Pending,2024-12-15 22:32:30.696137
CUST_000649,Kevin Sanchez,Individual,Medium,UK,Verified,2019-06-06 22:32:30.696140
CUST_000650,Emma Miller,Individual,Low,JP,Verified,2025-09-17 22:32:30.696142
CUST_000651,Chloe Lewis,Individual,Low,KY,Verified,2021-01-30 22:32:30.696144
CUST_000652,John Garcia,Individual,Low,UK,Verified,2019-05-21 22:32:30.696147
CUST_000653,Daniel Abbas,Corporate,Low,VG,Verified,2018-07-21 22:32:30.696149
CUST_000654,Jessica Jones,Individual,Low,IN,Verified,2018-03-15 22:32:30.696152
CUST_000655,David Moore,Individual,High,US,Verified,2016-04-22 22:32:30.696154
CUST_000656,Maria Ali,Individual,Low,SG,Expired,2025-07-17 22:32:30.696157
CUST_000657,Mei Lee,Individual,Low,DE,Verified,2023-05-06 22:32:30.696159
CUST_000658,Andrew Abbas,Individual,Low,JP,Pending,2017-10-13 22:32:30.696161
CUST_000659,Priya Jackson,Individual,Low,DE,Verified,2025-08-04 22:32:30.696164
CUST_000660,Grace Wang,Individual,Medium,VG,Verified,2021-07-30 22:32:30.696166
CUST_000661,Carlos Ramirez,Trust,Low,JP,Verified,2021-03-02 22:32:30.696169
CUST_000662,Michael Davis,Individual,High,JP,Verified,2023-06-18 22:32:30.696171
CUST_000663,Mei Wilson,Individual,Low,US,Verified,2020-01-14 22:32:30.696173
CUST_000664,Emma Lewis,Individual,High,JP,Verified,2023-08-27 22:32:30.696176
CUST_000665,Joseph Clark,Individual,Medium,KY,Verified,2017-08-18 22:32:30.696178
CUST_000666,Hannah Robinson,Individual,Low,UK,Expired,2016-05-27 22:32:30.696180
CUST_000667,Sophia Clark,Individual,High,UK,Verified,2017-05-21 22:32:30.696183
CUST_000668,Michael Lee,Individual,Low,UK,Pending,2025-06-15 22:32:30.696185
CUST_000669,Emma Lee,Individual,Medium,KY,Verified,2024-07-08 22:32:30.696187
CUST_000670,Thomas White,Individual,Low,DE,Verified,2020-06-09 22:32:30.696190
CUST_000671,Jessica Patel,Corporate,Medium,US,Verified,2022-11-05 22:32:30.696192
CUST_000672,John Garcia,Individual,Medium,JP,Verified,2023-06-18 22:32:30.696195
CUST_000673,Linda Garcia,Individual,Medium,KY,Verified,2016-12-09 22:32:30.696199
CUST_000674,Emma Miller,Individual,Medium,UK,Verified,2017-11-19 22:32:30.696202
CUST_000675,Olivia Rodriguez,Trust,Low,VG,Verified,2019-08-18 22:32:30.696205
CUST_000676,Mei Brown,Individual,Low,SG,Verified,2022-07-06 22:32:30.696207
CUST_000677,Fatima Singh,Individual,Low,JP,Pending,2019-08-12 22:32:30.696209
CUST_000678,Mei Perez,Trust,Low,KY,Pending,2019-05-20 22:32:30.696212
CUST_000679,Sarah Clark,Corporate,Medium,IN,Verified,2017-06-04 22:32:30.696214
CUST_000680,Matthew Ramirez,Corporate,Low,KY,Verified,2018-07-19 22:32:30.696216
CUST_000681,Jennifer Jackson,Individual,High,US,Verified,2016-11-28 22:32:30.696219
CUST_000682,Carlos Martin,Individual,Medium,US,Verified,2022-06-29 22:32:30.696221
CUST_000683,Matthew Miller,Individual,Medium,KY,Verified,2023-06-07 22:32:30.696223
CUST_000684,Ahmed Wang,Trust,Low,UK,Verified,2022-09-14 22:32:30.696226
CUST_000685,Amanda Martinez,Individual,Medium,SG,Verified,2016-04-05 22:32:30.696228
CUST_000686,Kevin Anderson,Individual,High,JP,Verified,2024-06-25 22:32:30.696231
CUST_000687,Michael Thompson,Individual,Low,US,Verified,2018-09-07 22:32:30.696233
CUST_000688,Mei White,Corporate,Medium,JP,Pending,2020-03-29 22:32:30.696236
CUST_000689,Sarah Moore,Individual,Medium,UK,Pending,2023-08-11 22:32:30.696239
CUST_000690,Ahmed Anderson,Individual,Low,JP,Verified,2021-06-14 22:32:30.696241
CUST_000691,Emma Singh,Individual,Low,VG,Expired,2022-09-20 22:32:30.696243
CUST_000692,Maria Tanaka,Individual,Low,US,Expired,2023-01-01 22:32:30.696246
CUST_000693,Mei Johnson,Individual,Low,UK,Verified,2025-05-28 22:32:30.696248
CUST_000694,Carlos Moore,Individual,Low,UK,Verified,2019-11-05 22:32:30.696250
CUST_000695,Mary Lopez,Individual,Low,SG,Verified,2019-06-15 22:32:30.696253
CUST_000696,Laura Martin,Individual,Low,SG,Expired,2016-03-22 22:32:30.696255
CUST_000697,Hannah Thompson,Individual,Low,VG,Pending,2017-11-04 22:32:30.696258
CUST_000698,James Lopez,Individual,High,UK,Verified,2024-02-15 22:32:30.696260
CUST_000699,Jessica Kumar,Individual,Low,DE,Verified,2019-01-25 22:32:30.696263
CUST_000700,Sophia Jones,Individual,High,UK,Verified,2018-06-23 22:32:30.696266
CUST_000701,Jessica Johnson,Individual,Low,SG,Verified,2021-04-19 22:32:30.696268
CUST_000702,Linda Kim,Individual,Low,DE,Verified,2019-11-09 22:32:30.696270
CUST_000703,Amanda Harris,Individual,Low,US,Pending,2020-07-12 22:32:30.696273
CUST_000704,Joshua Robinson,Individual,Low,US,Verified,2025-07-24 22:32:30.696275
CUST_000705,Hannah Hernandez,Trust,Low,JP,Pending,2022-03-24 22:32:30.696278
CUST_000706,Olivia Martin,Individual,Medium,KY,Pending,2018-11-15 22:32:30.696280
CUST_000707,Daniel Kumar,Corporate,Low,SG,Verified,2018-07-24 22:32:30.696283
CUST_000708,Carlos Garcia,Individual,Medium,KY,Verified,2021-10-24 22:32:30.696286
CUST_000709,Jennifer Martinez,Individual,Medium,DE,Verified,2017-04-11 22:32:30.696288
CUST_000710,William Tanaka,Corporate,Low,SG,Verified,2020-03-16 22:32:30.696291
CUST_000711,Jennifer Garcia,Individual,Low,VG,Verified,2022-07-07 22:32:30.696293
CUST_000712,Laura Lewis,Individual,Medium,UK,Verified,2018-04-12 22:32:30.696296
CUST_000713,Emma Chen,Individual,Low,VG,Verified,2021-06-02 22:32:30.696298
CUST_000714,Carlos Lewis,Individual,Low,DE,Verified,2021-07-05 22:32:30.696300
CUST_000715,Joshua Moore,Trust,High,SG,Verified,2024-05-31 22:32:30.696303
CUST_000716,Amanda Wang,Corporate,Low,IN,Verified,2022-09-22 22:32:30.696305
CUST_000717,Sarah Thompson,Trust,Medium,DE,Verified,2021-11-13 22:32:30.696308
CUST_000718,Emma Davis,Individual,High,IN,Verified,2024-01-10 22:32:30.696310
CUST_000719,Christopher Ali,Corporate,Low,UK,Verified,2017-08-17 22:32:30.696313
CUST_000720,Chloe Kim,Trust,Low,US,Verified,2020-01-21 22:32:30.696315
CUST_000721,Megan Williams,Individual,Low,US,Verified,2020-10-11 22:32:30.696317
CUST_000722,Joseph Sanchez,Individual,Low,DE,Verified,2023-05-21 22:32:30.696320
CUST_000723,Carlos Brown,Corporate,Low,KY,Verified,2016-07-25 22:32:30.696322
CUST_000724,James Wilson,Individual,Medium,SG,Verified,2023-07-24 22:32:30.696324
CUST_000725,Megan Wilson,Corporate,Low,SG,Pending,2022-09-19 22:32:30.696327
CUST_000726,David Taylor,Individual,Low,US,Verified,2016-06-21 22:32:30.696329
CUST_000727,Christopher Lee,Corporate,High,JP,Verified,2018-02-25 22:32:30.696331
CUST_000728,Sarah Smith,Individual,Medium,VG,Verified,2024-06-20 22:32:30.696333
CUST_000729,Chloe Ramirez,Individual,Medium,JP,Verified,2017-01-19 22:32:30.696336
CUST_000730,Emily Rodriguez,Individual,Low,UK,Verified,2020-11-23 22:32:30.696338
CUST_000731,Andrew Nguyen,Corporate,Medium,VG,Verified,2025-06-10 22:32:30.696340
CUST_000732,Joseph Wang,Individual,Low,VG,Verified,2019-10-13 22:32:30.696343
CUST_000733,Mei Thompson,Individual,Low,DE,Verified,2021-06-17 22:32:30.696345
CUST_000734,John Sanchez,Individual,Low,US,Verified,2021-06-01 22:32:30.696349
CUST_000735,Robert Ramirez,Corporate,Medium,JP,Verified,2019-11-03 22:32:30.696352
CUST_000736,Mary Robinson,Individual,Low,JP,Verified,2020-02-23 22:32:30.696354
CUST_000737,John Lee,Corporate,Low,US,Expired,2024-08-01 22:32:30.696356
CUST_000738,Ahmed Ramirez,Individual,Low,JP,Verified,2021-09-25 22:32:30.696359
CUST_000739,Ahmed Sanchez,Individual,Low,IN,Verified,2023-05-14 22:32:30.696361
CUST_000740,Joshua Jackson,Individual,Medium,US,Verified,2023-03-25 22:32:30.696363
CUST_000741,Sarah Sanchez,Individual,Medium,DE,Verified,2023-10-23 22:32:30.696366
CUST_000742,Mary Lee,Corporate,Medium,KY,Verified,2022-05-21 22:32:30.696368
CUST_000743,William Tanaka,Individual,Low,VG,Verified,2018-11-02 22:32:30.696370
CUST_000744,Grace White,Individual,Low,DE,Verified,2025-03-15 22:32:30.696372
CUST_000745,Linda Ramirez,Corporate,Low,SG,Verified,2021-01-16 22:32:30.696375
CUST_000746,Michael Thomas,Individual,Low,UK,Verified,2016-08-03 22:32:30.696377
CUST_000747,Emma Ali,Individual,Low,KY,Verified,2021-12-05 22:32:30.696379
CUST_000748,Sophia Kim,Trust,Medium,SG,Pending,2025-01-19 22:32:30.696382
CUST_000749,Linda Sanchez,Individual,Low,VG,Verified,2020-01-31 22:32:30.696384
CUST_000750,Megan Perez,Individual,Low,JP,Verified,2017-12-18 22:32:30.696387
CUST_000751,Joseph Perez,Trust,Low,US,Verified,2016-10-14 22:32:30.696389
CUST_000752,William Jones,Individual,Low,VG,Verified,2023-12-14 22:32:30.696392
CUST_000753,Raj Davis,Individual,Low,DE,Verified,2025-07-05 22:32:30.696394
CUST_000754,Priya Wang,Individual,High,UK,Verified,2023-01-29 22:32:30.696396
CUST_000755,Richard Thompson,Corporate,Medium,DE,Verified,2021-11-10 22:32:30.696398
CUST_000756,Matthew Martinez,Individual,High,KY,Verified,2018-07-14 22:32:30.696401
CUST_000757,Rachel Miller,Individual,Low,KY,Verified,2019-04-22 22:32:30.696403
CUST_000758,Jessica Taylor,Corporate,Low,UK,Verified,2019-04-30 22:32:30.696405
CUST_000759,Richard Lopez,Corporate,Low,IN,Pending,2025-08-24 22:32:30.696408
CUST_000760,Carlos Martinez,Individual,Low,SG,Verified,2016-04-16 22:32:30.696410
CUST_000761,John Lopez,Individual,Medium,SG,Verified,2025-04-09 22:32:30.696415
CUST_000762,Chloe Robinson,Individual,Low,KY,Verified,2023-12-24 22:32:30.696418
CUST_000763,Ahmed Ali,Corporate,Low,KY,Verified,2017-01-24 22:32:30.696420
CUST_000764,Anthony Kumar,Individual,Low,JP,Pending,2017-07-19 22:32:30.696422
CUST_000765,Maria Lee,Individual,Low,US,Verified,2019-07-02 22:32:30.696425
CUST_000766,Daniel Martinez,Corporate,Medium,JP,Verified,2017-12-19 22:32:30.696427
CUST_000767,Anthony Jones,Corporate,Low,JP,Verified,2018-07-23 22:32:30.696429
CUST_000768,Kevin Lewis,Individual,Low,IN,Verified,2019-10-27 22:32:30.696431
CUST_000769,Megan Moore,Corporate,Low,SG,Verified,2023-08-28 22:32:30.696434
CUST_000770,Fatima Brown,Individual,Low,IN,Verified,2020-09-17 22:32:30.696436
CUST_000771,Matthew Wang,Corporate,Medium,IN,Verified,2023-09-30 22:32:30.696438
CUST_000772,John Martin,Individual,Medium,UK,Verified,2016-05-03 22:32:30.696441
CUST_000773,Grace Lewis,Individual,High,SG,Verified,2022-05-10 22:32:30.696443
CUST_000774,Robert Brown,Corporate,Medium,US,Pending,2022-09-09 22:32:30.696445
CUST_000775,Olivia Jackson,Individual,Low,DE,Pending,2025-12-01 22:32:30.696448
CUST_000776,John Garcia,Individual,Medium,KY,Pending,2023-09-18 22:32:30.696450
CUST_000777,Maria Abbas,Corporate,Low,KY,Verified,2023-12-16 22:32:30.696453
CUST_000778,Raj Harris,Corporate,Low,US,Verified,2017-10-09 22:32:30.696455
CUST_000779,Grace Ali,Individual,Medium,IN,Pending,2024-10-09 22:32:30.696457
CUST_000780,Mei Williams,Individual,Low,JP,Verified,2017-09-17 22:32:30.696460
CUST_000781,Anthony Kumar,Individual,High,UK,Verified,2017-08-18 22:32:30.696462
CUST_000782,Richard Lee,Individual,Low,IN,Pending,2020-09-19 22:32:30.696464
CUST_000783,Carlos Patel,Individual,Medium,KY,Pending,2023-05-15 22:32:30.696467
CUST_000784,Raj Martinez,Individual,Medium,VG,Verified,2018-04-15 22:32:30.696470
CUST_000785,Jennifer Lewis,Trust,Medium,JP,Verified,2019-04-24 22:32:30.696472
CUST_000786,Michael Perez,Individual,Medium,KY,Verified,2018-03-13 22:32:30.696474
CUST_000787,Linda Wang,Individual,Medium,VG,Pending,2023-10-18 22:32:30.696476
CUST_000788,Emily Williams,Individual,Low,IN,Expired,2021-08-22 22:32:30.696479
CUST_000789,Rachel Lewis,Trust,Low,US,Verified,2023-05-28 22:32:30.696481
CUST_000790,Anthony Kim,Individual,Low,US,Verified,2019-11-24 22:32:30.696484
CUST_000791,Priya Tanaka,Individual,Medium,JP,Pending,2022-06-25 22:32:30.696486
CUST_000792,William White,Individual,Low,KY,Verified,2017-05-23 22:32:30.696488
CUST_000793,Olivia Jackson,Individual,Medium,SG,Verified,2022-11-30 22:32:30.696490
CUST_000794,Andrew Clark,Individual,Low,VG,Expired,2021-10-26 22:32:30.696493
CUST_000795,Hannah Abbas,Corporate,Low,UK,Verified,2020-11-10 22:32:30.696495
CUST_000796,Jennifer Perez,Trust,Medium,KY,Verified,2020-02-08 22:32:30.696497
CUST_000797,John Perez,Individual,Low,UK,Verified,2018-10-24 22:32:30.696500
CUST_000798,Michael Singh,Individual,Low,KY,Verified,2022-01-22 22:32:30.696502
CUST_000799,Andrew Jackson,Trust,Low,SG,Pending,2022-08-18 22:32:30.696504
CUST_000800,Thomas Abbas,Corporate,High,SG,Verified,2023-02-26 22:32:30.696507
CUST_000801,Jessica Perez,Individual,Medium,JP,Expired,2022-01-20 22:32:30.696509
CUST_000802,Linda Ali,Individual,Low,JP,Verified,2020-05-03 22:32:30.696512
CUST_000803,Jessica Thompson,Individual,Low,SG,Verified,2016-03-10 22:32:30.696514
CUST_000804,Megan Sanchez,Individual,Low,DE,Verified,2020-07-06 22:32:30.696516
CUST_000805,David Abbas,Corporate,Medium,SG,Verified,2020-11-11 22:32:30.696518
CUST_000806,Linda Martin,Trust,Medium,US,Verified,2024-12-25 22:32:30.696521
CUST_000807,Mei Harris,Trust,Low,US,Verified,2017-01-31 22:32:30.696523
CUST_000808,Hannah Rodriguez,Individual,Low,DE,Verified,2017-12-26 22:32:30.696526
CUST_000809,Priya Garcia,Individual,Low,IN,Verified,2020-10-27 22:32:30.696528
CUST_000810,Emma Wang,Trust,Medium,VG,Verified,2017-07-19 22:32:30.696530
CUST_000811,Olivia Johnson,Corporate,Medium,IN,Verified,2016-09-02 22:32:30.696533
CUST_000812,Olivia Martin,Individual,Low,UK,Verified,2022-07-01 22:32:30.696535
CUST_000813,Emily Wilson,Trust,Low,IN,Verified,2023-10-23 22:32:30.696538
CUST_000814,Hannah Chen,Corporate,Low,KY,Verified,2021-12-06 22:32:30.696541
CUST_000815,Richard Anderson,Individual,High,IN,Verified,2022-07-31 22:32:30.696543
CUST_000816,David Martinez,Individual,Low,KY,Verified,2021-06-12 22:32:30.696545
CUST_000817,John Jackson,Individual,Medium,DE,Verified,2025-07-29 22:32:30.696548
CUST_000818,Michael Wang,Individual,Medium,US,Pending,2019-10-12 22:32:30.696550
CUST_000819,Wei Kim,Individual,Low,JP,Pending,2016-05-25 22:32:30.696553
CUST_000820,Robert Perez,Corporate,Low,KY,Verified,2023-08-10 22:32:30.696555
CUST_000821,Maria Rodriguez,Individual,Low,US,Verified,2017-10-10 22:32:30.696557
CUST_000822,Carlos Harris,Individual,Medium,VG,Pending,2024-06-14 22:32:30.696560
CUST_000823,Jessica Hernandez,Individual,Medium,UK,Verified,2025-11-27 22:32:30.696562
CUST_000824,Emily Tanaka,Individual,Medium,VG,Pending,2023-03-01 22:32:30.696565
CUST_000825,William Lewis,Trust,Low,DE,Pending,2019-11-19 22:32:30.696567
CUST_000826,Robert Clark,Individual,Low,IN,Pending,2019-07-16 22:32:30.696569
CUST_000827,Olivia Thomas,Individual,High,IN,Verified,2019-08-05 22:32:30.696572
CUST_000828,Anthony Tanaka,Corporate,Medium,SG,Verified,2018-01-05 22:32:30.696575
CUST_000829,Christopher Lewis,Individual,Low,SG,Verified,2021-05-28 22:32:30.696577
CUST_000830,Joseph Nguyen,Individual,High,SG,Verified,2022-10-11 22:32:30.696579
CUST_000831,Rachel Martin,Individual,Medium,VG,Verified,2024-05-18 22:32:30.696582
CUST_000832,Kevin Gonzalez,Individual,Low,KY,Verified,2023-11-21 22:32:30.696584
CUST_000833,Olivia Kumar,Individual,Medium,UK,Verified,2022-05-22 22:32:30.696586
CUST_000834,Anthony Robinson,Individual,Medium,SG,Pending,2023-07-05 22:32:30.696588
CUST_000835,Christopher Harris,Individual,Medium,DE,Verified,2021-10-30 22:32:30.696591
CUST_000836,Raj Kim,Trust,Low,DE,Expired,2019-09-13 22:32:30.696593
CUST_000837,Joshua Hernandez,Individual,Low,SG,Pending,2016-09-28 22:32:30.696595
CUST_000838,Richard Abbas,Individual,High,IN,Verified,2023-05-02 22:32:30.696598
CUST_000839,David Taylor,Individual,Low,SG,Verified,2020-06-27 22:32:30.696600
CUST_000840,Jennifer Patel,Individual,Low,UK,Pending,2019-11-30 22:32:30.696602
CUST_000841,Olivia Singh,Individual,Low,SG,Verified,2018-09-30 22:32:30.696605
CUST_000842,Michael Kim,Individual,Low,UK,Verified,2018-05-29 22:32:30.696607
CUST_000843,Sarah Jackson,Trust,Medium,DE,Verified,2022-04-21 22:32:30.696609
CUST_000844,Linda Hernandez,Individual,High,SG,Verified,2023-03-15 22:32:30.696612
CUST_000845,Laura Lewis,Individual,Low,VG,Verified,2017-07-12 22:32:30.696614
CUST_000846,Raj Martinez,Individual,Low,JP,Verified,2016-11-15 22:32:30.696616
CUST_000847,Emma Garcia,Trust,Low,VG,Verified,2020-08-10 22:32:30.696619
CUST_000848,Joseph Lewis,Individual,Medium,DE,Verified,2017-12-22 22:32:30.696621
CUST_000849,Matthew Johnson,Individual,Medium,UK,Verified,2018-11-22 22:32:30.696623
CUST_000850,Joshua Brown,Individual,Low,VG,Verified,2017-10-17 22:32:30.696626
CUST_000851,Sophia Wang,Corporate,Medium,UK,Verified,2020-08-02 22:32:30.696628
CUST_000852,Olivia Thomas,Individual,Medium,VG,Expired,2020-12-02 22:32:30.696630
CUST_000853,Andrew Garcia,Corporate,Medium,VG,Verified,2024-03-14 22:32:30.696633
CUST_000854,Olivia Anderson,Individual,High,UK,Verified,2017-11-14 22:32:30.696635
CUST_000855,Mary Lee,Individual,Low,KY,Verified,2017-03-04 22:32:30.696637
CUST_000856,Michael Perez,Individual,Medium,VG,Verified,2022-02-20 22:32:30.696640
CUST_000857,Jessica Rodriguez,Individual,Low,SG,Verified,2024-03-10 22:32:30.696642
CUST_000858,Robert Jackson,Individual,Medium,JP,Pending,2024-07-08 22:32:30.696644
CUST_000859,Kevin Rodriguez,Individual,Medium,DE,Verified,2018-01-04 22:32:30.696647
CUST_000860,Kevin Lewis,Corporate,Medium,KY,Pending,2019-12-17 22:32:30.696649
CUST_000861,Maria Smith,Individual,Medium,UK,Verified,2020-08-11 22:32:30.696654
CUST_000862,Linda Johnson,Individual,Low,KY,Verified,2024-01-10 22:32:30.696657
CUST_000863,Thomas Wilson,Individual,Low,US,Verified,2020-01-04 22:32:30.696659
CUST_000864,Jessica Singh,Individual,High,US,Expired,2018-11-22 22:32:30.696662
CUST_000865,Carlos Kim,Individual,High,VG,Verified,2025-06-06 22:32:30.696664
CUST_000866,Emma Davis,Individual,Low,VG,Verified,2020-03-18 22:32:30.696667
CUST_000867,Christopher Thomas,Individual,Low,SG,Verified,2025-09-16 22:32:30.696669
CUST_000868,Megan Davis,Corporate,Low,JP,Verified,2016-09-05 22:32:30.696672
CUST_000869,Jennifer Thomas,Trust,Medium,DE,Verified,2016-08-04 22:32:30.696674
CUST_000870,Joshua Tanaka,Individual,Medium,KY,Verified,2025-04-03 22:32:30.696676
CUST_000871,Grace Jones,Individual,Low,US,Verified,2016-11-30 22:32:30.696678
CUST_000872,Sarah Chen,Individual,Low,VG,Verified,2018-08-05 22:32:30.696681
CUST_000873,Carlos Nguyen,Individual,Medium,IN,Verified,2025-07-18 22:32:30.696683
CUST_000874,Mary Wang,Individual,Medium,IN,Pending,2017-07-08 22:32:30.696685
CUST_000875,Ahmed Thomas,Individual,Low,DE,Pending,2026-01-06 22:32:30.696688
CUST_000876,Jessica Jackson,Corporate,Low,KY,Pending,2021-06-18 22:32:30.696690
CUST_000877,Emma Smith,Individual,Low,VG,Verified,2024-07-18 22:32:30.696692
CUST_000878,Maria Thompson,Individual,Low,VG,Verified,2016-08-21 22:32:30.696695
CUST_000879,Rachel Kumar,Individual,Low,US,Verified,2019-01-06 22:32:30.696697
CUST_000880,Joshua Lopez,Individual,Medium,US,Verified,2023-06-30 22:32:30.696700
CUST_000881,Linda Kim,Individual,Medium,VG,Verified,2025-04-29 22:32:30.696702
CUST_000882,Olivia Jones,Individual,Medium,UK,Verified,2018-02-27 22:32:30.696704
CUST_000883,Priya Nguyen,Individual,Medium,VG,Verified,2024-05-24 22:32:30.696706
CUST_000884,Raj Wang,Corporate,Low,DE,Verified,2025-12-26 22:32:30.696709
CUST_000885,Mei Johnson,Individual,Low,VG,Pending,2023-08-21 22:32:30.696711
CUST_000886,Andrew Patel,Individual,Low,SG,Verified,2020-06-01 22:32:30.696713
CUST_000887,Robert Harris,Individual,Low,JP,Verified,2020-12-22 22:32:30.696716
CUST_000888,Olivia Taylor,Individual,Medium,SG,Verified,2021-11-26 22:32:30.696718
CUST_000889,Mary Thompson,Individual,High,SG,Verified,2025-05-30 22:32:30.696720
CUST_000890,John Thompson,Corporate,Low,UK,Verified,2019-02-28 22:32:30.696723
CUST_000891,Rachel Miller,Corporate,Low,UK,Pending,2018-12-08 22:32:30.696725
CUST_000892,Fatima Perez,Corporate,Medium,IN,Pending,2018-08-11 22:32:30.696727
CUST_000893,David Williams,Individual,Low,VG,Verified,2019-03-05 22:32:30.696729
CUST_000894,Matthew Nguyen,Individual,Low,SG,Expired,2020-09-01 22:32:30.696732
CUST_000895,Hannah Lopez,Individual,Medium,UK,Expired,2018-09-11 22:32:30.696735
CUST_000896,Grace Patel,Individual,Medium,US,Pending,2020-08-13 22:32:30.696737
CUST_000897,Emily Rodriguez,Corporate,Low,VG,Pending,2025-11-29 22:32:30.696739
CUST_000898,John Robinson,Individual,Low,DE,Verified,2026-01-05 22:32:30.696742
CUST_000899,Robert Jackson,Individual,Medium,JP,Verified,2020-02-14 22:32:30.696744
CUST_000900,Richard Williams,Individual,Low,KY,Verified,2019-11-26 22:32:30.696746
CUST_000901,Richard Williams,Individual,Low,VG,Verified,2021-06-23 22:32:30.696748
CUST_000902,Daniel Martin,Individual,Medium,KY,Expired,2025-12-15 22:32:30.696751
CUST_000903,Raj Sanchez,Individual,Low,SG,Verified,2025-11-25 22:32:30.696753
CUST_000904,Wei Patel,Individual,Medium,JP,Verified,2020-02-25 22:32:30.696755
CUST_000905,Thomas Williams,Corporate,Low,KY,Pending,2017-12-27 22:32:30.696758
CUST_000906,Richard Jackson,Corporate,High,SG,Pending,2023-01-03 22:32:30.696760
CUST_000907,Matthew Brown,Individual,Low,US,Expired,2020-01-30 22:32:30.696763
CUST_000908,Hannah Moore,Individual,Low,KY,Verified,2022-11-15 22:32:30.696765
CUST_000909,Sarah White,Individual,Low,JP,Verified,2025-11-23 22:32:30.696767
CUST_000910,Emma Sanchez,Individual,Low,IN,Verified,2020-06-15 22:32:30.696770
CUST_000911,Anthony Harris,Individual,Medium,VG,Verified,2016-12-20 22:32:30.696772
CUST_000912,Hannah Lopez,Individual,High,SG,Verified,2018-04-06 22:32:30.696774
CUST_000913,Chloe Chen,Individual,Low,VG,Verified,2018-07-13 22:32:30.696777
CUST_000914,Olivia Kim,Individual,Low,JP,Pending,2021-04-05 22:32:30.696779
CUST_000915,Laura Garcia,Individual,Medium,UK,Verified,2017-01-17 22:32:30.696781
CUST_000916,Emma Garcia,Individual,Medium,SG,Verified,2024-01-29 22:32:30.696783
CUST_000917,Emma Abbas,Trust,Low,KY,Verified,2024-11-20 22:32:30.696786
CUST_000918,Emily Nguyen,Corporate,Low,SG,Verified,2025-01-03 22:32:30.696789
CUST_000919,Christopher Lee,Individual,Low,VG,Verified,2020-03-17 22:32:30.696791
CUST_000920,Michael Garcia,Corporate,Medium,US,Pending,2024-06-02 22:32:30.696793
CUST_000921,Daniel Jackson,Individual,Low,SG,Verified,2023-05-21 22:32:30.696796
CUST_000922,Megan Lewis,Corporate,Medium,KY,Pending,2023-12-08 22:32:30.696798
CUST_000923,Carlos Ramirez,Corporate,Low,UK,Verified,2019-02-20 22:32:30.696800
CUST_000924,William Lewis,Individual,Medium,IN,Pending,2020-03-08 22:32:30.696803
CUST_000925,Matthew Lewis,Individual,Low,DE,Verified,2023-04-05 22:32:30.696805
CUST_000926,Robert Thompson,Individual,Low,US,Verified,2016-12-11 22:32:30.696807
CUST_000927,Maria Ramirez,Individual,Low,IN,Verified,2022-02-11 22:32:30.696810
CUST_000928,Laura Brown,Individual,Medium,UK,Pending,2023-02-03 22:32:30.696812
CUST_000929,John Sanchez,Individual,Low,SG,Verified,2017-03-04 22:32:30.696814
CUST_000930,Olivia Wang,Individual,Low,VG,Verified,2021-08-21 22:32:30.696817
CUST_000931,William Johnson,Corporate,Low,JP,Expired,2025-03-15 22:32:30.696819
CUST_000932,Jessica Abbas,Trust,Low,VG,Pending,2021-11-26 22:32:30.696821
CUST_000933,Anthony Williams,Individual,Medium,IN,Verified,2021-07-14 22:32:30.696823
CUST_000934,David Jones,Individual,Medium,KY,Verified,2020-12-09 22:32:30.696826
CUST_000935,Rachel White,Individual,Medium,VG,Verified,2019-10-02 22:32:30.696828
CUST_000936,Olivia Harris,Individual,Low,US,Verified,2023-05-12 22:32:30.696830
CUST_000937,Ahmed Williams,Trust,Medium,VG,Verified,2018-04-09 22:32:30.696833
CUST_000938,Carlos Martinez,Individual,Low,KY,Expired,2023-07-22 22:32:30.696835
CUST_000939,Anthony White,Individual,Low,DE,Expired,2022-09-22 22:32:30.696837
CUST_000940,Olivia Lewis,Individual,Low,SG,Verified,2018-06-02 22:32:30.696840
CUST_000941,John Kumar,Individual,Low,JP,Verified,2016-10-20 22:32:30.696842
CUST_000942,David Kim,Individual,Medium,IN,Verified,2016-07-31 22:32:30.696844
CUST_000943,Olivia Sanchez,Corporate,Medium,SG,Expired,2025-03-08 22:32:30.696846
CUST_000944,Daniel Moore,Individual,Medium,VG,Expired,2018-10-04 22:32:30.696849
CUST_000945,Rachel Davis,Individual,Low,UK,Verified,2016-06-18 22:32:30.696851
CUST_000946,Mary Lopez,Individual,Low,SG,Pending,2018-10-20 22:32:30.696853
CUST_000947,Chloe Kim,Trust,Low,DE,Verified,2017-07-27 22:32:30.696856
CUST_000948,Andrew Singh,Corporate,Low,VG,Verified,2025-09-25 22:32:30.696858
CUST_000949,Sarah Taylor,Individual,Low,JP,Verified,2025-01-15 22:32:30.696860
CUST_000950,Thomas Lewis,Individual,Low,KY,Verified,2021-07-17 22:32:30.696863
CUST_000951,Amanda Tanaka,Individual,Low,DE,Verified,2021-11-01 22:32:30.696865
CUST_000952,Christopher Chen,Individual,Low,VG,Verified,2021-11-10 22:32:30.696867
CUST_000953,Richard Davis,Trust,Medium,DE,Verified,2019-11-22 22:32:30.696869
CUST_000954,David Jones,Individual,High,SG,Expired,2020-10-01 22:32:30.696872
CUST_000955,Anthony Lopez,Individual,High,JP,Verified,2025-06-17 22:32:30.696874
CUST_000956,Anthony Garcia,Individual,Medium,KY,Verified,2018-12-12 22:32:30.696876
CUST_000957,Daniel Thompson,Individual,Low,VG,Verified,2025-12-25 22:32:30.696879
CUST_000958,John Singh,Individual,Medium,US,Verified,2018-03-17 22:32:30.696881
CUST_000959,Wei Jackson,Corporate,Medium,IN,Verified,2024-03-02 22:32:30.696884
CUST_000960,Megan Hernandez,Individual,Low,KY,Verified,2025-02-28 22:32:30.696886
CUST_000961,Emily White,Individual,Low,US,Verified,2020-06-25 22:32:30.696888
CUST_000962,Raj Anderson,Individual,Medium,DE,Verified,2016-08-10 22:32:30.696891
CUST_000963,Sarah Gonzalez,Individual,Low,UK,Verified,2021-03-22 22:32:30.696893
CUST_000964,David Thomas,Individual,Low,KY,Verified,2018-11-09 22:32:30.696895
CUST_000965,Chloe Johnson,Individual,Low,DE,Verified,2017-04-17 22:32:30.696898
CUST_000966,Olivia Singh,Corporate,Low,US,Verified,2022-05-17 22:32:30.696900
CUST_000967,Ahmed White,Individual,Low,SG,Verified,2019-09-29 22:32:30.696902
CUST_000968,Grace Singh,Individual,Low,SG,Pending,2016-06-19 22:32:30.696904
CUST_000969,David Tanaka,Individual,Low,UK,Verified,2025-01-07 22:32:30.696907
CUST_000970,Linda Jones,Individual,Low,IN,Verified,2020-03-01 22:32:30.696909
CUST_000971,Megan Sanchez,Trust,Medium,KY,Pending,2025-08-11 22:32:30.696912
CUST_000972,Kevin Kim,Corporate,Low,KY,Verified,2023-07-06 22:32:30.696914
CUST_000973,Joshua Clark,Individual,Low,KY,Verified,2023-09-20 22:32:30.696919
CUST_000974,Ahmed Jones,Individual,Low,IN,Pending,2016-05-09 22:32:30.696923
CUST_000975,David Lee,Individual,High,DE,Pending,2018-04-29 22:32:30.696926
CUST_000976,John Lewis,Individual,Low,JP,Expired,2016-02-19 22:32:30.696928
CUST_000977,Grace Kim,Individual,Low,JP,Verified,2019-09-25 22:32:30.696930
CUST_000978,Matthew Rodriguez,Individual,Medium,UK,Verified,2020-10-03 22:32:30.696933
CUST_000979,Mei Ali,Individual,Medium,KY,Verified,2023-01-18 22:32:30.696935
CUST_000980,Emily Rodriguez,Individual,Low,DE,Verified,2025-07-26 22:32:30.696937
CUST_000981,Emma Wang,Corporate,Medium,SG,Verified,2025-04-03 22:32:30.696940
CUST_000982,Jennifer Davis,Individual,Low,US,Verified,2018-05-31 22:32:30.696942
CUST_000983,Priya Martinez,Individual,Low,DE,Expired,2022-12-11 22:32:30.696944
CUST_000984,Megan Hernandez,Corporate,Low,IN,Verified,2019-12-31 22:32:30.696947
CUST_000985,William Lee,Individual,Low,JP,Verified,2019-10-08 22:32:30.696949
CUST_000986,Joseph Thompson,Individual,Medium,JP,Verified,2018-09-16 22:32:30.696951
CUST_000987,Priya Jackson,Individual,Low,SG,Verified,2025-09-20 22:32:30.696954
CUST_000988,Linda Taylor,Individual,Low,SG,Verified,2024-01-29 22:32:30.696956
CUST_000989,Richard Singh,Corporate,Medium,IN,Verified,2016-07-20 22:32:30.696959
CUST_000990,Laura Rodriguez,Corporate,Medium,US,Verified,2022-07-24 22:32:30.696961
CUST_000991,Megan Tanaka,Individual,Low,SG,Verified,2025-11-29 22:32:30.696963
CUST_000992,Wei Garcia,Individual,Medium,UK,Pending,2023-10-07 22:32:30.696966
CUST_000993,Raj Hernandez,Individual,Low,US,Pending,2019-07-04 22:32:30.696968
CUST_000994,Fatima Ali,Individual,Medium,SG,Verified,2024-06-21 22:32:30.696970
CUST_000995,Jessica Hernandez,Individual,Medium,VG,Verified,2017-08-26 22:32:30.696973
CUST_000996,Maria Abbas,Trust,High,DE,Pending,2016-11-19 22:32:30.696975
CUST_000997,Hannah Kumar,Individual,Low,SG,Pending,2018-02-04 22:32:30.696977
CUST_000998,Robert Johnson,Trust,Low,UK,Verified,2016-11-18 22:32:30.696980
CUST_000999,Linda Williams,Individual,Low,KY,Verified,2021-08-15 22:32:30.696982
