from_party_id,to_party_id,relationship_type,percentage
CUST_000793,CUST_000248,Director,99.48
CUST_000282,CUST_000306,Guarantor,80.72
CUST_000777,CUST_000565,Guarantor,86.24
CUST_000805,CUST_000923,Shareholder,71.98
CUST_000588,CUST_000183,Director,36.26
CUST_000729,CUST_000217,Signatory,48.92
CUST_000687,CUST_000110,Director,71.48
CUST_000154,CUST_000767,Signatory,30.45
CUST_000372,CUST_000671,Signatory,85.59
CUST_000575,CUST_000148,Guarantor,49.34
CUST_000488,CUST_000060,Shareholder,68.18
CUST_000942,CUST_000721,Guarantor,50.1
CUST_000263,CUST_000203,Shareholder,96.6
CUST_000214,CUST_000418,Guarantor,44.35
CUST_000359,CUST_000501,Shareholder,42.74
CUST_000575,CUST_000789,Signatory,63.59
CUST_000117,CUST_000116,Shareholder,12.8
CUST_000468,CUST_000312,Shareholder,71.53
CUST_000823,CUST_000348,Signatory,5.75
CUST_000576,CUST_000402,Signatory,92.81
CUST_000129,CUST_000273,Guarantor,53.86
CUST_000600,CUST_000311,Guarantor,30.02
CUST_000630,CUST_000785,Guarantor,26.57
CUST_000039,CUST_000447,Signatory,73.37
CUST_000779,CUST_000427,Director,9.44
CUST_000683,CUST_000828,Director,92.79
CUST_000548,CUST_000558,Shareholder,51.12
CUST_000719,CUST_000688,Guarantor,68.66
CUST_000011,CUST_000975,Director,8.41
CUST_000139,CUST_000875,Director,25.21
CUST_000070,CUST_000121,Signatory,1.5
CUST_000869,CUST_000186,Shareholder,19.39
CUST_000328,CUST_000311,Signatory,55.8
CUST_000473,CUST_000594,Director,50.39
CUST_000293,CUST_000688,Guarantor,78.24
CUST_000207,CUST_000499,Director,64.56
CUST_000272,CUST_000392,Shareholder,72.31
CUST_000942,CUST_000032,Signatory,25.33
CUST_000853,CUST_000951,Director,51.59
CUST_000740,CUST_000844,Shareholder,91.79
CUST_000172,CUST_000202,Director,49.51
CUST_000870,CUST_000252,Director,22.7
CUST_000705,CUST_000992,Signatory,59.3
CUST_000550,CUST_000484,Signatory,15.76
CUST_000082,CUST_000285,Director,67.36
CUST_000295,CUST_000486,Shareholder,46.05
CUST_000109,CUST_000301,Guarantor,33.09
CUST_000790,CUST_000904,Signatory,24.67
CUST_000677,CUST_000278,Signatory,63.41
CUST_000386,CUST_000599,Guarantor,40.96
CUST_000635,CUST_000607,Shareholder,84.01
CUST_000341,CUST_000112,Signatory,6.78
CUST_000552,CUST_000485,Signatory,38.18
CUST_000327,CUST_000003,Shareholder,10.65
CUST_000165,CUST_000043,Signatory,84.79
CUST_000849,CUST_000168,Director,33.6
CUST_000763,CUST_000301,Director,58.91
CUST_000860,CUST_000282,Shareholder,61.59
CUST_000476,CUST_000394,Guarantor,82.23
CUST_000689,CUST_000596,Shareholder,97.38
CUST_000247,CUST_000717,Shareholder,29.17
CUST_000734,CUST_000849,Signatory,46.57
CUST_000495,CUST_000380,Guarantor,54.85
CUST_000318,CUST_000087,Director,23.6
CUST_000738,CUST_000147,Shareholder,17.57
CUST_000094,CUST_000104,Shareholder,1.85
CUST_000996,CUST_000217,Signatory,6.2
CUST_000891,CUST_000030,Shareholder,76.1
CUST_000318,CUST_000883,Shareholder,72.27
CUST_000412,CUST_000719,Director,3.63
CUST_000122,CUST_000808,Director,47.86
CUST_000613,CUST_000047,Shareholder,14.7
CUST_000657,CUST_000998,Director,22.05
CUST_000603,CUST_000786,Signatory,91.61
CUST_000985,CUST_000454,Director,66.91
CUST_000812,CUST_000435,Director,34.94
CUST_000357,CUST_000143,Guarantor,94.94
CUST_000180,CUST_000407,Director,93.42
CUST_000549,CUST_000197,Signatory,41.12
CUST_000717,CUST_000487,Shareholder,27.47
CUST_000485,CUST_000847,Signatory,94.69
CUST_000741,CUST_000760,Guarantor,84.71
CUST_000491,CUST_000099,Signatory,41.81
CUST_000884,CUST_000166,Signatory,36.85
CUST_000221,CUST_000398,Guarantor,64.74
CUST_000693,CUST_000231,Shareholder,83.94
CUST_000474,CUST_000241,Shareholder,12.08
CUST_000013,CUST_000771,Director,59.35
CUST_000137,CUST_000439,Shareholder,34.11
CUST_000544,CUST_000513,Signatory,35.79
CUST_000375,CUST_000845,Director,58.72
CUST_000952,CUST_000383,Director,94.5
CUST_000029,CUST_000123,Shareholder,61.75
CUST_000425,CUST_000405,Shareholder,50.81
CUST_000057,CUST_000577,Guarantor,66.88
CUST_000763,CUST_000531,Signatory,22.52
CUST_000832,CUST_000003,Shareholder,60.16
CUST_000274,CUST_000243,Shareholder,22.06
CUST_000879,CUST_000737,Guarantor,50.6
CUST_000018,CUST_000337,Director,61.87
CUST_000807,CUST_000369,Shareholder,42.52
CUST_000388,CUST_000687,Signatory,63.15
CUST_000920,CUST_000182,Shareholder,88.19
CUST_000755,CUST_000750,Director,5.49
CUST_000672,CUST_000496,Shareholder,85.58
CUST_000823,CUST_000339,Signatory,56.65
CUST_000760,CUST_000089,Director,71.67
CUST_000246,CUST_000582,Director,79.84
CUST_000212,CUST_000565,Guarantor,16.11
CUST_000414,CUST_000850,Shareholder,6.24
CUST_000435,CUST_000023,Signatory,53.89
CUST_000973,CUST_000906,Shareholder,43.42
CUST_000447,CUST_000399,Signatory,56.95
CUST_000883,CUST_000064,Shareholder,80.74
CUST_000670,CUST_000483,Shareholder,41.31
CUST_000783,CUST_000987,Shareholder,68.73
CUST_000167,CUST_000524,Signatory,42.92
CUST_000600,CUST_000970,Signatory,75.24
CUST_000629,CUST_000245,Signatory,94.23
CUST_000196,CUST_000517,Guarantor,24.13
CUST_000664,CUST_000762,Shareholder,7.57
CUST_000094,CUST_000861,Director,48.5
CUST_000334,CUST_000179,Guarantor,43.25
CUST_000649,CUST_000825,Signatory,24.3
CUST_000614,CUST_000612,Shareholder,68.27
CUST_000251,CUST_000033,Signatory,7.17
CUST_000872,CUST_000177,Guarantor,62.02
CUST_000488,CUST_000283,Signatory,9.03
CUST_000587,CUST_000712,Shareholder,89.49
CUST_000634,CUST_000990,Signatory,57.56
CUST_000461,CUST_000837,Signatory,56.57
CUST_000317,CUST_000571,Guarantor,77.76
CUST_000473,CUST_000825,Shareholder,74.79
CUST_000121,CUST_000709,Guarantor,2.54
CUST_000518,CUST_000739,Shareholder,89.31
CUST_000514,CUST_000275,Shareholder,58.08
CUST_000153,CUST_000423,Shareholder,83.78
CUST_000565,CUST_000991,Director,73.23
CUST_000833,CUST_000701,Director,4.12
CUST_000799,CUST_000622,Signatory,12.98
CUST_000550,CUST_000112,Director,18.88
CUST_000524,CUST_000735,Director,35.66
CUST_000491,CUST_000900,Guarantor,42.88
CUST_000833,CUST_000293,Guarantor,73.58
CUST_000330,CUST_000484,Director,37.7
CUST_000932,CUST_000521,Shareholder,83.15
CUST_000888,CUST_000356,Signatory,48.97
CUST_000739,CUST_000622,Signatory,35.39
CUST_000366,CUST_000705,Signatory,81.32
CUST_000252,CUST_000966,Guarantor,15.5
CUST_000849,CUST_000586,Guarantor,59.55
CUST_000185,CUST_000192,Signatory,3.66
CUST_000014,CUST_000205,Signatory,74.73
CUST_000598,CUST_000596,Shareholder,61.42
CUST_000717,CUST_000517,Signatory,82.28
CUST_000826,CUST_000111,Signatory,27.47
CUST_000093,CUST_000729,Signatory,78.53
CUST_000840,CUST_000016,Signatory,30.51
CUST_000253,CUST_000025,Signatory,36.37
CUST_000242,CUST_000134,Signatory,94.26
CUST_000247,CUST_000303,Signatory,46.33
CUST_000225,CUST_000704,Shareholder,52.73
CUST_000600,CUST_000078,Guarantor,93.69
CUST_000046,CUST_000606,Signatory,94.88
CUST_000557,CUST_000163,Shareholder,34.95
CUST_000854,CUST_000581,Guarantor,46.56
CUST_000185,CUST_000274,Shareholder,53.55
CUST_000330,CUST_000255,Shareholder,31.53
CUST_000965,CUST_000773,Shareholder,68.33
CUST_000051,CUST_000797,Shareholder,26.6
CUST_000970,CUST_000162,Guarantor,16.62
CUST_000556,CUST_000748,Shareholder,93.32
CUST_000126,CUST_000184,Signatory,2.16
CUST_000243,CUST_000784,Guarantor,62.01
CUST_000123,CUST_000335,Shareholder,69.7
CUST_000971,CUST_000701,Guarantor,74.97
CUST_000223,CUST_000009,Director,51.85
CUST_000679,CUST_000099,Guarantor,25.62
CUST_000498,CUST_000876,Director,80.56
CUST_000651,CUST_000145,Signatory,9.33
CUST_000592,CUST_000585,Director,95.65
CUST_000052,CUST_000243,Director,32.07
CUST_000826,CUST_000100,Guarantor,8.16
CUST_000754,CUST_000643,Signatory,11.09
CUST_000666,CUST_000251,Shareholder,99.06
CUST_000685,CUST_000455,Signatory,61.22
CUST_000511,CUST_000279,Director,61.41
CUST_000029,CUST_000831,Signatory,82.56
CUST_000200,CUST_000238,Guarantor,49.59
CUST_000193,CUST_000097,Signatory,25.88
CUST_000280,CUST_000843,Signatory,15.84
CUST_000121,CUST_000343,Director,13.78
CUST_000939,CUST_000633,Shareholder,79.61
CUST_000917,CUST_000809,Director,87.24
CUST_000848,CUST_000666,Signatory,83.78
CUST_000702,CUST_000184,Guarantor,96.88
CUST_000731,CUST_000165,Shareholder,87.46
CUST_000227,CUST_000051,Director,41.73
CUST_000562,CUST_000208,Director,17.3
CUST_000869,CUST_000369,Shareholder,78.79
CUST_000286,CUST_000015,Guarantor,51.22
CUST_000139,CUST_000814,Director,35.82
CUST_000779,CUST_000808,Guarantor,3.27
CUST_000787,CUST_000538,Signatory,79.82
CUST_000304,CUST_000098,Guarantor,87.71
CUST_000076,CUST_000944,Guarantor,57.25
CUST_000109,CUST_000025,Director,95.49
CUST_000971,CUST_000437,Signatory,5.31
CUST_000996,CUST_000901,Signatory,8.67
CUST_000483,CUST_000876,Director,12.87
CUST_000884,CUST_000621,Guarantor,37.21
CUST_000608,CUST_000896,Shareholder,36.0
CUST_000346,CUST_000483,Signatory,62.23
CUST_000073,CUST_000530,Shareholder,85.21
CUST_000460,CUST_000243,Director,10.56
CUST_000124,CUST_000801,Shareholder,52.31
CUST_000891,CUST_000133,Signatory,7.85
CUST_000103,CUST_000068,Shareholder,13.14
CUST_000369,CUST_000678,Director,76.81
CUST_000037,CUST_000286,Guarantor,55.66
CUST_000500,CUST_000934,Director,29.92
CUST_000131,CUST_000617,Signatory,32.14
CUST_000778,CUST_000646,Guarantor,51.5
CUST_000059,CUST_000118,Signatory,43.38
CUST_000323,CUST_000516,Guarantor,9.49
CUST_000222,CUST_000098,Guarantor,36.82
CUST_000606,CUST_000027,Guarantor,57.57
CUST_000571,CUST_000090,Signatory,85.28
CUST_000200,CUST_000581,Guarantor,32.42
CUST_000828,CUST_000039,Shareholder,23.81
CUST_000836,CUST_000017,Guarantor,31.87
CUST_000042,CUST_000912,Guarantor,42.59
CUST_000343,CUST_000374,Guarantor,59.47
CUST_000125,CUST_000768,Director,84.8
CUST_000834,CUST_000274,Director,16.07
CUST_000426,CUST_000132,Director,72.49
CUST_000803,CUST_000841,Shareholder,77.88
CUST_000227,CUST_000329,Signatory,67.0
CUST_000394,CUST_000727,Guarantor,90.21
CUST_000388,CUST_000955,Shareholder,86.74
CUST_000193,CUST_000641,Guarantor,93.01
CUST_000229,CUST_000394,Director,62.29
CUST_000565,CUST_000259,Signatory,1.94
CUST_000268,CUST_000507,Signatory,86.12
CUST_000395,CUST_000598,Signatory,61.88
CUST_000015,CUST_000838,Shareholder,45.17
CUST_000805,CUST_000206,Guarantor,70.85
CUST_000719,CUST_000278,Shareholder,58.54
CUST_000586,CUST_000546,Shareholder,30.15
CUST_000200,CUST_000458,Guarantor,89.88
CUST_000663,CUST_000678,Shareholder,27.19
CUST_000098,CUST_000030,Guarantor,4.14
CUST_000485,CUST_000129,Shareholder,16.5
CUST_000279,CUST_000649,Director,18.69
CUST_000371,CUST_000943,Director,98.78
CUST_000293,CUST_000260,Director,44.83
CUST_000861,CUST_000587,Signatory,56.6
CUST_000489,CUST_000721,Director,95.35
CUST_000162,CUST_000027,Shareholder,39.85
CUST_000532,CUST_000135,Signatory,38.55
CUST_000885,CUST_000323,Director,7.04
CUST_000755,CUST_000720,Signatory,56.93
CUST_000656,CUST_000092,Director,57.19
CUST_000499,CUST_000392,Director,64.92
CUST_000599,CUST_000525,Signatory,14.66
CUST_000447,CUST_000295,Director,58.44
CUST_000794,CUST_000636,Signatory,2.7
CUST_000349,CUST_000136,Guarantor,46.64
CUST_000120,CUST_000357,Signatory,63.34
CUST_000332,CUST_000264,Shareholder,36.86
CUST_000322,CUST_000243,Guarantor,81.23
CUST_000283,CUST_000179,Signatory,16.2
CUST_000052,CUST_000552,Guarantor,73.59
CUST_000957,CUST_000266,Signatory,22.55
CUST_000917,CUST_000789,Shareholder,99.68
CUST_000273,CUST_000488,Director,66.77
CUST_000033,CUST_000812,Signatory,11.79
CUST_000649,CUST_000762,Shareholder,23.62
CUST_000037,CUST_000026,Signatory,84.7
CUST_000468,CUST_000477,Shareholder,8.46
CUST_000953,CUST_000133,Guarantor,39.0
CUST_000957,CUST_000352,Guarantor,9.01
CUST_000928,CUST_000764,Director,57.25
CUST_000407,CUST_000277,Shareholder,8.78
CUST_000524,CUST_000793,Director,73.61
CUST_000127,CUST_000197,Guarantor,89.04
CUST_000166,CUST_000352,Shareholder,33.09
CUST_000240,CUST_000841,Signatory,26.59
CUST_000362,CUST_000100,Shareholder,73.23
CUST_000214,CUST_000832,Director,3.46
CUST_000670,CUST_000270,Signatory,18.04
CUST_000743,CUST_000086,Guarantor,5.19
CUST_000649,CUST_000075,Signatory,84.64
CUST_000571,CUST_000209,Director,72.79
CUST_000960,CUST_000238,Shareholder,88.5
CUST_000257,CUST_000112,Signatory,16.62
CUST_000641,CUST_000783,Guarantor,31.43
CUST_000242,CUST_000858,Shareholder,8.58
CUST_000792,CUST_000183,Signatory,88.53
CUST_000605,CUST_000815,Director,24.52
CUST_000143,CUST_000510,Signatory,71.68
CUST_000126,CUST_000603,Director,16.26
CUST_000595,CUST_000008,Guarantor,1.11
CUST_000208,CUST_000339,Shareholder,85.38
CUST_000901,CUST_000992,Signatory,93.84
CUST_000631,CUST_000696,Guarantor,89.58
CUST_000539,CUST_000921,Guarantor,16.84
CUST_000069,CUST_000540,Signatory,85.02
CUST_000512,CUST_000348,Director,65.31
CUST_000044,CUST_000576,Shareholder,96.95
CUST_000983,CUST_000464,Signatory,19.6
CUST_000361,CUST_000555,Signatory,23.32
CUST_000269,CUST_000127,Director,90.62
CUST_000026,CUST_000144,Signatory,95.59
CUST_000204,CUST_000991,Shareholder,41.39
CUST_000422,CUST_000272,Guarantor,98.18
CUST_000589,CUST_000932,Signatory,8.39
CUST_000127,CUST_000331,Director,68.8
CUST_000215,CUST_000778,Shareholder,80.44
CUST_000264,CUST_000667,Director,88.53
CUST_000021,CUST_000212,Signatory,36.66
CUST_000900,CUST_000833,Shareholder,67.72
CUST_000162,CUST_000568,Signatory,91.08
CUST_000411,CUST_000915,Guarantor,99.44
CUST_000228,CUST_000507,Signatory,91.67
CUST_000693,CUST_000147,Shareholder,74.44
CUST_000861,CUST_000931,Shareholder,63.86
CUST_000648,CUST_000638,Director,74.65
CUST_000624,CUST_000751,Guarantor,34.32
CUST_000174,CUST_000480,Director,72.78
CUST_000089,CUST_000080,Director,7.89
CUST_000084,CUST_000052,Shareholder,98.63
CUST_000963,CUST_000784,Shareholder,77.1
CUST_000080,CUST_000978,Director,63.55
CUST_000673,CUST_000068,Shareholder,42.31
CUST_000476,CUST_000269,Director,8.6
CUST_000210,CUST_000909,Signatory,34.5
CUST_000364,CUST_000934,Guarantor,84.71
CUST_000225,CUST_000335,Signatory,39.53
CUST_000712,CUST_000880,Signatory,95.61
CUST_000447,CUST_000259,Guarantor,52.64
CUST_000778,CUST_000905,Shareholder,88.36
CUST_000077,CUST_000946,Director,85.04
CUST_000248,CUST_000535,Signatory,25.04
CUST_000859,CUST_000413,Guarantor,31.19
CUST_000105,CUST_000798,Signatory,20.89
CUST_000292,CUST_000813,Guarantor,16.71
CUST_000443,CUST_000252,Signatory,22.97
CUST_000699,CUST_000791,Shareholder,79.55
CUST_000058,CUST_000957,Shareholder,9.72
CUST_000850,CUST_000730,Signatory,74.14
CUST_000637,CUST_000927,Guarantor,25.41
CUST_000807,CUST_000391,Guarantor,50.59
CUST_000683,CUST_000732,Signatory,4.96
CUST_000189,CUST_000207,Guarantor,71.0
CUST_000112,CUST_000708,Guarantor,15.94
CUST_000073,CUST_000659,Director,80.06
CUST_000675,CUST_000718,Guarantor,10.99
CUST_000700,CUST_000910,Shareholder,19.94
CUST_000079,CUST_000314,Director,92.33
CUST_000270,CUST_000723,Guarantor,69.55
CUST_000593,CUST_000136,Guarantor,10.21
CUST_000517,CUST_000027,Signatory,23.91
CUST_000494,CUST_000230,Shareholder,67.41
CUST_000553,CUST_000433,Director,35.36
CUST_000446,CUST_000043,Guarantor,79.3
CUST_000364,CUST_000070,Director,96.93
CUST_000623,CUST_000150,Shareholder,68.69
CUST_000362,CUST_000279,Signatory,59.92
CUST_000983,CUST_000655,Shareholder,29.08
CUST_000086,CUST_000055,Shareholder,87.88
CUST_000604,CUST_000021,Guarantor,11.25
CUST_000366,CUST_000634,Shareholder,29.58
CUST_000750,CUST_000918,Guarantor,44.12
CUST_000470,CUST_000786,Shareholder,11.82
CUST_000030,CUST_000203,Shareholder,20.19
CUST_000346,CUST_000882,Director,53.72
CUST_000290,CUST_000345,Director,11.31
CUST_000505,CUST_000752,Guarantor,38.2
CUST_000538,CUST_000247,Signatory,91.4
CUST_000417,CUST_000288,Shareholder,47.91
CUST_000792,CUST_000378,Guarantor,60.62
CUST_000324,CUST_000570,Guarantor,20.95
CUST_000340,CUST_000296,Signatory,84.45
CUST_000330,CUST_000038,Shareholder,60.96
CUST_000631,CUST_000129,Director,96.28
CUST_000466,CUST_000691,Director,26.62
CUST_000744,CUST_000184,Signatory,60.35
CUST_000975,CUST_000248,Guarantor,59.18
CUST_000901,CUST_000016,Director,88.85
CUST_000616,CUST_000698,Guarantor,74.38
CUST_000046,CUST_000010,Signatory,17.32
CUST_000823,CUST_000637,Guarantor,84.87
CUST_000677,CUST_000644,Director,87.36
CUST_000921,CUST_000936,Director,53.83
CUST_000997,CUST_000583,Guarantor,49.43
CUST_000795,CUST_000890,Signatory,56.17
CUST_000469,CUST_000575,Signatory,5.99
CUST_000838,CUST_000296,Guarantor,64.51
CUST_000640,CUST_000595,Director,10.03
CUST_000424,CUST_000730,Guarantor,67.54
CUST_000628,CUST_000312,Shareholder,94.05
CUST_000175,CUST_000190,Guarantor,68.14
CUST_000204,CUST_000666,Guarantor,47.98
CUST_000464,CUST_000054,Shareholder,68.32
CUST_000872,CUST_000029,Director,66.88
CUST_000340,CUST_000161,Signatory,53.02
CUST_000128,CUST_000041,Director,79.78
CUST_000848,CUST_000279,Guarantor,92.86
CUST_000595,CUST_000907,Shareholder,5.43
CUST_000733,CUST_000284,Director,91.71
CUST_000912,CUST_000059,Guarantor,39.56
CUST_000154,CUST_000823,Guarantor,18.38
CUST_000986,CUST_000045,Shareholder,7.28
CUST_000299,CUST_000712,Signatory,81.47
CUST_000424,CUST_000697,Signatory,88.02
CUST_000003,CUST_000397,Guarantor,95.51
CUST_000488,CUST_000274,Guarantor,62.44
CUST_000928,CUST_000808,Signatory,7.06
CUST_000128,CUST_000749,Shareholder,40.95
CUST_000778,CUST_000757,Signatory,18.5
CUST_000391,CUST_000696,Signatory,76.78
CUST_000738,CUST_000413,Shareholder,88.76
CUST_000191,CUST_000074,Guarantor,18.71
CUST_000313,CUST_000661,Shareholder,3.82
CUST_000571,CUST_000107,Director,70.56
CUST_000029,CUST_000223,Director,28.76
CUST_000996,CUST_000099,Guarantor,53.29
CUST_000051,CUST_000676,Shareholder,90.68
CUST_000807,CUST_000644,Guarantor,54.52
CUST_000763,CUST_000274,Guarantor,2.81
CUST_000727,CUST_000173,Signatory,71.35
CUST_000898,CUST_000484,Shareholder,96.79
CUST_000414,CUST_000999,Signatory,90.34
CUST_000063,CUST_000979,Guarantor,98.51
CUST_000616,CUST_000918,Signatory,10.09
CUST_000997,CUST_000974,Signatory,94.81
CUST_000451,CUST_000672,Director,89.45
CUST_000323,CUST_000194,Shareholder,23.57
CUST_000327,CUST_000811,Guarantor,9.64
CUST_000675,CUST_000915,Guarantor,94.02
CUST_000001,CUST_000452,Guarantor,25.88
CUST_000642,CUST_000867,Signatory,62.96
CUST_000430,CUST_000853,Shareholder,31.31
CUST_000383,CUST_000272,Guarantor,44.76
CUST_000350,CUST_000686,Director,61.24
CUST_000186,CUST_000422,Shareholder,15.17
CUST_000009,CUST_000912,Shareholder,26.52
CUST_000921,CUST_000952,Guarantor,23.28
CUST_000374,CUST_000581,Signatory,90.97
CUST_000769,CUST_000625,Director,10.14
CUST_000269,CUST_000847,Director,99.5
CUST_000001,CUST_000065,Guarantor,57.87
CUST_000829,CUST_000590,Guarantor,71.83
CUST_000058,CUST_000965,Director,72.89
CUST_000529,CUST_000104,Guarantor,91.65
CUST_000346,CUST_000705,Guarantor,18.19
CUST_000392,CUST_000115,Guarantor,97.06
CUST_000571,CUST_000830,Guarantor,36.51
CUST_000052,CUST_000770,Shareholder,43.53
CUST_000351,CUST_000004,Guarantor,23.19
CUST_000650,CUST_000729,Guarantor,32.64
CUST_000957,CUST_000853,Director,13.22
CUST_000916,CUST_000868,Signatory,59.65
CUST_000608,CUST_000905,Director,97.19
CUST_000608,CUST_000855,Director,89.85
CUST_000491,CUST_000869,Signatory,48.19
CUST_000401,CUST_000334,Guarantor,44.05
CUST_000407,CUST_000741,Guarantor,56.12
CUST_000907,CUST_000491,Director,59.27
CUST_000462,CUST_000908,Guarantor,73.12
CUST_000957,CUST_000351,Director,3.99
CUST_000127,CUST_000233,Shareholder,19.84
CUST_000724,CUST_000900,Director,5.34
CUST_000239,CUST_000107,Signatory,74.4
CUST_000517,CUST_000844,Guarantor,42.11
CUST_000741,CUST_000650,Signatory,2.39
CUST_000774,CUST_000033,Signatory,85.16
CUST_000121,CUST_000801,Shareholder,22.05
CUST_000785,CUST_000499,Shareholder,17.95
CUST_000085,CUST_000182,Director,26.25
CUST_000735,CUST_000753,Shareholder,54.85
CUST_000062,CUST_000584,Signatory,51.73
CUST_000292,CUST_000026,Guarantor,61.73
CUST_000454,CUST_000489,Guarantor,81.83
CUST_000306,CUST_000285,Director,15.1
CUST_000531,CUST_000162,Director,52.48
CUST_000204,CUST_000642,Signatory,93.12
CUST_000700,CUST_000151,Signatory,15.61
CUST_000419,CUST_000760,Signatory,77.91
CUST_000156,CUST_000039,Guarantor,89.53
CUST_000298,CUST_000284,Guarantor,5.7
CUST_000619,CUST_000843,Signatory,36.14
CUST_000383,CUST_000420,Guarantor,6.16
CUST_000788,CUST_000019,Signatory,91.7
CUST_000577,CUST_000769,Guarantor,34.24
CUST_000107,CUST_000199,Guarantor,9.17
CUST_000412,CUST_000655,Guarantor,9.42
CUST_000274,CUST_000123,Signatory,68.45
CUST_000161,CUST_000538,Signatory,99.46
CUST_000135,CUST_000160,Director,60.13
CUST_000506,CUST_000599,Shareholder,1.33
CUST_000479,CUST_000553,Guarantor,30.33
CUST_000204,CUST_000332,Signatory,10.09
CUST_000145,CUST_000726,Shareholder,26.25
CUST_000259,CUST_000219,Director,74.54
CUST_000913,CUST_000267,Signatory,40.54
CUST_000247,CUST_000001,Signatory,25.33
CUST_000878,CUST_000500,Signatory,39.54
CUST_000205,CUST_000882,Director,37.11
CUST_000238,CUST_000460,Signatory,23.67
CUST_000509,CUST_000269,Signatory,12.25
CUST_000559,CUST_000174,Signatory,81.35
CUST_000775,CUST_000682,Director,66.82
CUST_000530,CUST_000665,Director,27.83
CUST_000629,CUST_000533,Director,7.54
CUST_000663,CUST_000225,Guarantor,71.33
CUST_000894,CUST_000320,Director,21.79
CUST_000304,CUST_000747,Guarantor,65.35
CUST_000631,CUST_000963,Shareholder,43.57
CUST_000399,CUST_000207,Signatory,31.42
CUST_000740,CUST_000584,Guarantor,24.03
CUST_000565,CUST_000947,Guarantor,23.72
CUST_000832,CUST_000498,Director,11.11
CUST_000044,CUST_000165,Shareholder,94.1
CUST_000270,CUST_000622,Shareholder,32.74
CUST_000520,CUST_000683,Shareholder,97.07
CUST_000681,CUST_000542,Guarantor,35.65
CUST_000081,CUST_000568,Shareholder,99.27
CUST_000771,CUST_000405,Guarantor,49.78
CUST_000937,CUST_000897,Signatory,6.05
CUST_000693,CUST_000496,Director,36.37
CUST_000697,CUST_000645,Guarantor,84.15
CUST_000245,CUST_000142,Signatory,19.15
CUST_000248,CUST_000181,Shareholder,51.21
CUST_000127,CUST_000401,Guarantor,85.51
CUST_000196,CUST_000999,Shareholder,88.17
CUST_000902,CUST_000509,Guarantor,30.47
CUST_000561,CUST_000243,Signatory,1.36
CUST_000193,CUST_000903,Shareholder,49.33
CUST_000962,CUST_000497,Signatory,79.27
CUST_000896,CUST_000155,Shareholder,22.85
CUST_000145,CUST_000026,Director,16.44
CUST_000134,CUST_000564,Guarantor,40.44
CUST_000493,CUST_000858,Director,30.0
CUST_000439,CUST_000538,Shareholder,25.45
CUST_000133,CUST_000841,Director,84.93
CUST_000673,CUST_000619,Shareholder,15.01
CUST_000995,CUST_000609,Director,8.15
CUST_000042,CUST_000607,Signatory,14.79
CUST_000452,CUST_000395,Shareholder,49.93
CUST_000744,CUST_000729,Guarantor,93.46
CUST_000404,CUST_000240,Shareholder,15.45
CUST_000881,CUST_000666,Director,90.97
CUST_000598,CUST_000715,Guarantor,88.76
CUST_000482,CUST_000996,Guarantor,44.02
CUST_000128,CUST_000414,Shareholder,94.31
CUST_000554,CUST_000416,Shareholder,42.45
CUST_000186,CUST_000640,Shareholder,22.56
CUST_000418,CUST_000908,Signatory,81.62
CUST_000316,CUST_000605,Guarantor,53.66
CUST_000402,CUST_000239,Signatory,53.95
CUST_000821,CUST_000825,Signatory,59.74
CUST_000697,CUST_000533,Shareholder,2.97
CUST_000062,CUST_000457,Shareholder,10.09
CUST_000221,CUST_000654,Signatory,2.96
CUST_000937,CUST_000111,Guarantor,49.2
CUST_000517,CUST_000006,Signatory,40.79
CUST_000489,CUST_000257,Guarantor,96.49
CUST_000693,CUST_000321,Shareholder,71.92
CUST_000606,CUST_000979,Director,74.35
CUST_000379,CUST_000134,Director,29.02
CUST_000939,CUST_000319,Signatory,64.62
CUST_000698,CUST_000604,Shareholder,13.87
CUST_000269,CUST_000196,Shareholder,48.4
CUST_000527,CUST_000439,Guarantor,72.18
CUST_000632,CUST_000131,Signatory,82.6
CUST_000571,CUST_000167,Director,79.84
CUST_000412,CUST_000509,Guarantor,14.1
CUST_000870,CUST_000509,Shareholder,38.22
CUST_000617,CUST_000333,Guarantor,34.41
CUST_000743,CUST_000620,Guarantor,54.24
CUST_000338,CUST_000320,Signatory,34.05
CUST_000060,CUST_000655,Signatory,47.44
CUST_000212,CUST_000791,Shareholder,31.61
CUST_000096,CUST_000087,Director,27.29
CUST_000861,CUST_000769,Shareholder,17.26
CUST_000525,CUST_000589,Director,36.79
CUST_000926,CUST_000963,Guarantor,25.93
CUST_000985,CUST_000590,Signatory,30.92
CUST_000694,CUST_000193,Director,34.59
CUST_000529,CUST_000434,Director,10.5
CUST_000515,CUST_000728,Signatory,15.29
CUST_000931,CUST_000889,Signatory,21.08
CUST_000076,CUST_000803,Guarantor,57.3
CUST_000820,CUST_000880,Signatory,43.05
CUST_000996,CUST_000608,Shareholder,2.73
CUST_000521,CUST_000705,Director,96.89
CUST_000356,CUST_000794,Shareholder,37.77
CUST_000221,CUST_000438,Signatory,46.06
CUST_000638,CUST_000776,Guarantor,23.32
CUST_000185,CUST_000448,Director,39.39
CUST_000571,CUST_000884,Shareholder,41.39
CUST_000488,CUST_000571,Guarantor,40.3
CUST_000771,CUST_000121,Shareholder,7.94
CUST_000393,CUST_000490,Director,87.04
CUST_000489,CUST_000073,Shareholder,3.52
CUST_000363,CUST_000270,Signatory,66.63
CUST_000423,CUST_000614,Director,19.45
CUST_000231,CUST_000518,Director,96.14
CUST_000795,CUST_000812,Guarantor,28.49
CUST_000705,CUST_000320,Guarantor,32.99
CUST_000602,CUST_000590,Guarantor,54.69
CUST_000763,CUST_000768,Director,58.2
CUST_000988,CUST_000197,Shareholder,55.04
CUST_000773,CUST_000980,Guarantor,17.3
CUST_000534,CUST_000601,Shareholder,40.72
CUST_000459,CUST_000838,Guarantor,23.97
CUST_000360,CUST_000623,Signatory,8.8
CUST_000967,CUST_000189,Director,25.4
CUST_000457,CUST_000861,Guarantor,62.39
CUST_000336,CUST_000096,Shareholder,39.17
CUST_000064,CUST_000400,Shareholder,90.44
CUST_000578,CUST_000189,Director,62.54
CUST_000107,CUST_000946,Shareholder,37.51
CUST_000892,CUST_000550,Director,95.83
CUST_000557,CUST_000740,Director,87.46
CUST_000667,CUST_000742,Signatory,43.84
CUST_000489,CUST_000875,Director,78.81
CUST_000483,CUST_000840,Signatory,67.37
CUST_000826,CUST_000426,Shareholder,48.42
CUST_000764,CUST_000771,Director,60.35
CUST_000047,CUST_000875,Shareholder,57.01
CUST_000921,CUST_000502,Guarantor,23.93
CUST_000697,CUST_000720,Director,20.86
CUST_000344,CUST_000963,Shareholder,65.15
CUST_000353,CUST_000811,Signatory,36.45
CUST_000962,CUST_000751,Shareholder,5.67
CUST_000312,CUST_000057,Guarantor,76.02
CUST_000027,CUST_000872,Signatory,28.76
CUST_000502,CUST_000576,Director,86.55
CUST_000284,CUST_000814,Guarantor,7.06
CUST_000780,CUST_000777,Guarantor,54.76
CUST_000895,CUST_000492,Director,19.78
CUST_000233,CUST_000750,Director,43.23
CUST_000870,CUST_000532,Shareholder,38.03
CUST_000948,CUST_000823,Director,46.96
CUST_000659,CUST_000631,Guarantor,59.93
CUST_000374,CUST_000223,Guarantor,46.64
CUST_000917,CUST_000221,Shareholder,65.72
CUST_000524,CUST_000778,Guarantor,22.47
CUST_000071,CUST_000886,Shareholder,46.06
CUST_000638,CUST_000112,Guarantor,7.18
CUST_000184,CUST_000147,Signatory,53.08
CUST_000361,CUST_000423,Signatory,42.62
CUST_000978,CUST_000119,Guarantor,65.44
CUST_000836,CUST_000880,Shareholder,19.35
CUST_000580,CUST_000795,Signatory,27.38
CUST_000609,CUST_000776,Guarantor,68.88
CUST_000637,CUST_000813,Shareholder,35.74
CUST_000560,CUST_000052,Shareholder,89.73
CUST_000125,CUST_000890,Signatory,16.86
CUST_000865,CUST_000444,Shareholder,70.69
CUST_000266,CUST_000053,Shareholder,15.12
CUST_000485,CUST_000275,Signatory,36.13
CUST_000646,CUST_000645,Shareholder,13.72
CUST_000655,CUST_000818,Shareholder,48.03
CUST_000529,CUST_000766,Director,69.19
CUST_000197,CUST_000344,Guarantor,22.85
CUST_000241,CUST_000036,Director,99.25
CUST_000370,CUST_000454,Shareholder,30.24
CUST_000635,CUST_000775,Signatory,64.6
CUST_000960,CUST_000931,Director,33.69
CUST_000726,CUST_000006,Shareholder,29.75
CUST_000561,CUST_000979,Guarantor,26.07
CUST_000767,CUST_000324,Shareholder,45.99
CUST_000101,CUST_000183,Shareholder,92.23
CUST_000903,CUST_000932,Guarantor,44.56
CUST_000971,CUST_000307,Shareholder,73.92
CUST_000068,CUST_000576,Guarantor,42.16
CUST_000310,CUST_000070,Shareholder,66.44
CUST_000810,CUST_000342,Shareholder,26.35
CUST_000602,CUST_000420,Director,90.5
CUST_000492,CUST_000091,Shareholder,97.23
CUST_000764,CUST_000228,Guarantor,65.73
CUST_000120,CUST_000367,Signatory,11.71
CUST_000507,CUST_000261,Shareholder,14.51
CUST_000276,CUST_000376,Director,64.01
CUST_000174,CUST_000810,Signatory,4.58
CUST_000190,CUST_000474,Director,14.54
CUST_000170,CUST_000263,Director,57.32
CUST_000420,CUST_000567,Signatory,84.78
CUST_000844,CUST_000055,Signatory,26.42
CUST_000189,CUST_000737,Signatory,62.71
CUST_000210,CUST_000548,Director,32.75
CUST_000826,CUST_000510,Guarantor,48.5
CUST_000698,CUST_000921,Director,4.12
CUST_000908,CUST_000324,Shareholder,84.32
CUST_000981,CUST_000110,Shareholder,95.59
CUST_000429,CUST_000659,Director,32.92
CUST_000799,CUST_000707,Guarantor,84.09
CUST_000322,CUST_000018,Signatory,11.6
CUST_000456,CUST_000759,Director,94.96
CUST_000741,CUST_000964,Shareholder,99.01
CUST_000367,CUST_000676,Shareholder,2.82
CUST_000406,CUST_000576,Shareholder,14.96
CUST_000368,CUST_000649,Signatory,53.77
CUST_000665,CUST_000135,Guarantor,56.59
CUST_000070,CUST_000433,Shareholder,59.12
CUST_000777,CUST_000695,Shareholder,8.53
CUST_000957,CUST_000138,Shareholder,84.52
CUST_000900,CUST_000388,Shareholder,86.15
CUST_000373,CUST_000309,Guarantor,79.6
CUST_000719,CUST_000336,Guarantor,72.66
CUST_000456,CUST_000791,Guarantor,3.06
CUST_000817,CUST_000127,Signatory,83.23
CUST_000893,CUST_000875,Director,1.73
CUST_000115,CUST_000745,Director,17.98
CUST_000280,CUST_000107,Director,13.39
CUST_000372,CUST_000945,Director,71.97
CUST_000806,CUST_000126,Director,17.69
CUST_000421,CUST_000645,Guarantor,62.01
CUST_000121,CUST_000345,Guarantor,14.56
CUST_000270,CUST_000706,Shareholder,68.84
CUST_000671,CUST_000298,Guarantor,90.03
CUST_000444,CUST_000976,Guarantor,77.44
CUST_000319,CUST_000035,Guarantor,29.99
CUST_000563,CUST_000566,Signatory,72.55
CUST_000354,CUST_000247,Director,99.47
CUST_000279,CUST_000391,Director,67.33
CUST_000995,CUST_000136,Signatory,13.6
CUST_000935,CUST_000119,Director,56.61
CUST_000952,CUST_000694,Shareholder,41.95
CUST_000122,CUST_000683,Guarantor,20.14
CUST_000168,CUST_000982,Guarantor,19.08
CUST_000113,CUST_000211,Signatory,80.62
CUST_000601,CUST_000868,Shareholder,16.57
CUST_000100,CUST_000654,Guarantor,95.15
CUST_000808,CUST_000397,Guarantor,93.58
CUST_000534,CUST_000917,Guarantor,89.29
CUST_000530,CUST_000874,Shareholder,19.19
CUST_000173,CUST_000490,Signatory,39.58
CUST_000138,CUST_000142,Guarantor,49.07
CUST_000050,CUST_000367,Shareholder,70.79
CUST_000046,CUST_000491,Guarantor,28.39
CUST_000017,CUST_000100,Signatory,14.82
CUST_000091,CUST_000559,Guarantor,62.92
CUST_000718,CUST_000907,Shareholder,55.17
CUST_000423,CUST_000596,Shareholder,51.45
CUST_000031,CUST_000231,Signatory,7.32
CUST_000974,CUST_000199,Signatory,55.97
CUST_000957,CUST_000277,Shareholder,22.75
CUST_000938,CUST_000302,Shareholder,42.0
CUST_000420,CUST_000999,Director,35.66
CUST_000706,CUST_000902,Guarantor,57.18
CUST_000423,CUST_000764,Director,36.69
CUST_000690,CUST_000229,Shareholder,51.8
CUST_000971,CUST_000948,Director,87.34
CUST_000911,CUST_000899,Director,78.76
CUST_000196,CUST_000952,Director,89.03
CUST_000942,CUST_000517,Director,78.16
CUST_000388,CUST_000562,Guarantor,41.48
CUST_000363,CUST_000669,Shareholder,60.09
CUST_000088,CUST_000512,Guarantor,65.05
CUST_000567,CUST_000983,Guarantor,60.93
CUST_000375,CUST_000543,Shareholder,64.11
CUST_000371,CUST_000853,Shareholder,63.82
CUST_000138,CUST_000247,Guarantor,68.4
CUST_000551,CUST_000639,Signatory,69.13
CUST_000265,CUST_000752,Guarantor,59.25
CUST_000122,CUST_000567,Guarantor,26.57
CUST_000612,CUST_000076,Signatory,51.92
CUST_000647,CUST_000750,Guarantor,48.15
CUST_000979,CUST_000811,Shareholder,71.03
CUST_000380,CUST_000164,Guarantor,87.16
CUST_000612,CUST_000923,Director,87.33
CUST_000482,CUST_000770,Director,23.66
CUST_000156,CUST_000069,Shareholder,47.95
CUST_000928,CUST_000001,Director,87.42
CUST_000858,CUST_000930,Signatory,60.04
CUST_000813,CUST_000020,Shareholder,70.75
CUST_000838,CUST_000250,Shareholder,74.53
CUST_000534,CUST_000852,Shareholder,8.48
CUST_000433,CUST_000174,Guarantor,41.39
CUST_000887,CUST_000030,Guarantor,50.52
CUST_000602,CUST_000397,Director,98.61
CUST_000004,CUST_000135,Shareholder,87.47
CUST_000425,CUST_000219,Director,96.85
CUST_000906,CUST_000041,Shareholder,71.2
CUST_000244,CUST_000159,Signatory,48.76
CUST_000328,CUST_000015,Shareholder,98.46
CUST_000876,CUST_000492,Director,62.1
CUST_000128,CUST_000676,Guarantor,55.03
CUST_000701,CUST_000222,Shareholder,99.35
CUST_000427,CUST_000549,Signatory,55.59
CUST_000988,CUST_000010,Signatory,20.55
CUST_000196,CUST_000109,Director,42.46
CUST_000079,CUST_000896,Signatory,53.26
CUST_000845,CUST_000320,Shareholder,83.98
CUST_000807,CUST_000052,Shareholder,49.56
CUST_000319,CUST_000358,Shareholder,64.42
CUST_000912,CUST_000693,Shareholder,93.76
CUST_000328,CUST_000880,Guarantor,77.8
CUST_000114,CUST_000794,Signatory,51.87
CUST_000415,CUST_000144,Shareholder,40.37
CUST_000224,CUST_000078,Signatory,64.08
CUST_000553,CUST_000910,Director,98.6
CUST_000262,CUST_000001,Director,65.09
CUST_000934,CUST_000525,Signatory,21.0
CUST_000724,CUST_000636,Signatory,20.48
CUST_000142,CUST_000983,Shareholder,10.79
CUST_000481,CUST_000037,Signatory,18.38
CUST_000387,CUST_000631,Shareholder,89.99
CUST_000247,CUST_000255,Director,31.04
CUST_000395,CUST_000762,Shareholder,7.33
CUST_000225,CUST_000676,Signatory,69.54
CUST_000059,CUST_000855,Director,5.28
CUST_000501,CUST_000607,Guarantor,3.06
CUST_000983,CUST_000701,Guarantor,32.44
CUST_000822,CUST_000533,Director,1.87
CUST_000436,CUST_000139,Signatory,52.05
CUST_000980,CUST_000714,Shareholder,70.25
CUST_000677,CUST_000368,Guarantor,21.46
CUST_000442,CUST_000092,Director,59.63
CUST_000112,CUST_000642,Director,43.78
CUST_000040,CUST_000579,Guarantor,86.16
CUST_000639,CUST_000274,Signatory,51.13
CUST_000731,CUST_000034,Guarantor,36.35
CUST_000386,CUST_000907,Signatory,52.59
CUST_000192,CUST_000841,Shareholder,24.93
CUST_000167,CUST_000009,Shareholder,40.36
CUST_000906,CUST_000393,Shareholder,53.23
CUST_000883,CUST_000720,Guarantor,71.58
CUST_000211,CUST_000214,Director,18.58
CUST_000069,CUST_000910,Guarantor,76.8
CUST_000827,CUST_000524,Director,9.7
CUST_000757,CUST_000014,Signatory,3.14
CUST_000170,CUST_000647,Guarantor,84.97
CUST_000358,CUST_000710,Signatory,8.37
CUST_000040,CUST_000975,Guarantor,86.46
CUST_000803,CUST_000485,Signatory,96.54
CUST_000151,CUST_000152,Shareholder,69.94
CUST_000312,CUST_000374,Guarantor,49.26
CUST_000502,CUST_000320,Director,54.53
CUST_000310,CUST_000059,Director,48.01
CUST_000621,CUST_000061,Signatory,37.33
CUST_000221,CUST_000040,Shareholder,49.35
CUST_000125,CUST_000156,Director,27.35
CUST_000874,CUST_000258,Guarantor,19.84
CUST_000809,CUST_000155,Shareholder,32.83
CUST_000384,CUST_000342,Shareholder,1.3
CUST_000217,CUST_000334,Shareholder,44.14
CUST_000713,CUST_000049,Shareholder,5.38
CUST_000083,CUST_000927,Director,15.41
CUST_000464,CUST_000920,Shareholder,40.02
CUST_000719,CUST_000915,Guarantor,69.5
CUST_000479,CUST_000071,Guarantor,55.02
CUST_000008,CUST_000021,Signatory,32.02
CUST_000763,CUST_000664,Signatory,8.25
CUST_000606,CUST_000164,Director,42.53
CUST_000666,CUST_000009,Guarantor,90.8
CUST_000661,CUST_000207,Shareholder,17.7
CUST_000496,CUST_000962,Director,86.35
CUST_000761,CUST_000557,Shareholder,77.21
CUST_000430,CUST_000666,Signatory,56.57
CUST_000468,CUST_000414,Guarantor,46.17
CUST_000676,CUST_000657,Director,66.05
CUST_000745,CUST_000274,Guarantor,75.69
CUST_000937,CUST_000577,Director,78.2
CUST_000536,CUST_000468,Guarantor,70.24
CUST_000258,CUST_000782,Signatory,37.3
CUST_000514,CUST_000300,Director,3.42
CUST_000632,CUST_000970,Signatory,49.03
CUST_000707,CUST_000318,Shareholder,15.2
CUST_000501,CUST_000902,Shareholder,45.6
CUST_000300,CUST_000619,Shareholder,46.42
CUST_000745,CUST_000462,Shareholder,51.52
CUST_000634,CUST_000416,Guarantor,94.0
CUST_000123,CUST_000802,Signatory,63.3
CUST_000036,CUST_000037,Signatory,4.9
CUST_000545,CUST_000650,Director,73.67
CUST_000443,CUST_000512,Shareholder,69.24
CUST_000969,CUST_000055,Director,78.59
CUST_000110,CUST_000788,Shareholder,38.24
CUST_000862,CUST_000989,Guarantor,91.26
CUST_000216,CUST_000757,Shareholder,68.31
CUST_000129,CUST_000538,Shareholder,17.25
CUST_000328,CUST_000337,Shareholder,69.76
CUST_000766,CUST_000736,Guarantor,43.06
CUST_000093,CUST_000896,Signatory,40.57
CUST_000600,CUST_000595,Guarantor,8.39
CUST_000478,CUST_000668,Shareholder,67.57
CUST_000028,CUST_000524,Shareholder,35.13
CUST_000013,CUST_000618,Guarantor,57.13
CUST_000795,CUST_000693,Guarantor,89.28
CUST_000767,CUST_000688,Shareholder,37.6
CUST_000135,CUST_000678,Signatory,21.16
CUST_000806,CUST_000102,Guarantor,55.2
CUST_000042,CUST_000225,Director,99.51
CUST_000036,CUST_000342,Shareholder,44.95
CUST_000538,CUST_000367,Shareholder,47.81
CUST_000180,CUST_000204,Director,2.83
CUST_000840,CUST_000895,Director,37.17
CUST_000588,CUST_000321,Director,98.01
CUST_000702,CUST_000411,Director,45.87
CUST_000552,CUST_000579,Shareholder,8.16
CUST_000147,CUST_000689,Guarantor,78.0
CUST_000183,CUST_000742,Shareholder,87.24
CUST_000911,CUST_000415,Shareholder,70.72
CUST_000201,CUST_000617,Shareholder,30.14
CUST_000152,CUST_000431,Director,32.47
CUST_000066,CUST_000330,Shareholder,63.05
CUST_000974,CUST_000223,Shareholder,71.68
CUST_000640,CUST_000944,Guarantor,75.0
CUST_000240,CUST_000792,Signatory,87.75
CUST_000311,CUST_000379,Guarantor,64.47
CUST_000639,CUST_000052,Guarantor,58.37
CUST_000270,CUST_000836,Guarantor,46.23
CUST_000759,CUST_000890,Shareholder,88.41
CUST_000975,CUST_000654,Guarantor,37.45
CUST_000586,CUST_000383,Guarantor,29.99
CUST_000632,CUST_000757,Director,84.15
CUST_000192,CUST_000484,Guarantor,39.76
CUST_000082,CUST_000797,Guarantor,89.86
CUST_000265,CUST_000387,Director,67.65
CUST_000839,CUST_000707,Signatory,93.44
CUST_000467,CUST_000071,Guarantor,14.46
CUST_000888,CUST_000247,Shareholder,18.72
CUST_000712,CUST_000909,Director,94.93
CUST_000774,CUST_000272,Shareholder,79.88
CUST_000497,CUST_000074,Shareholder,57.32
CUST_000825,CUST_000773,Director,85.34
CUST_000907,CUST_000734,Shareholder,71.1
CUST_000311,CUST_000011,Director,49.02
CUST_000534,CUST_000488,Guarantor,71.0
CUST_000742,CUST_000882,Signatory,41.96
CUST_000232,CUST_000677,Shareholder,95.46
CUST_000191,CUST_000346,Guarantor,49.77
CUST_000483,CUST_000761,Signatory,14.0
CUST_000089,CUST_000516,Signatory,37.21
CUST_000191,CUST_000604,Signatory,61.47
CUST_000167,CUST_000880,Guarantor,41.51
CUST_000201,CUST_000861,Signatory,95.67
CUST_000984,CUST_000893,Director,95.71
CUST_000605,CUST_000844,Signatory,61.47
CUST_000362,CUST_000652,Guarantor,2.04
CUST_000484,CUST_000763,Signatory,43.73
CUST_000383,CUST_000568,Shareholder,64.67
CUST_000233,CUST_000695,Director,90.3
CUST_000544,CUST_000888,Director,21.32
CUST_000946,CUST_000284,Director,9.47
CUST_000445,CUST_000428,Guarantor,70.12
CUST_000363,CUST_000324,Guarantor,25.73
CUST_000867,CUST_000333,Director,88.31
CUST_000115,CUST_000853,Guarantor,86.69
CUST_000106,CUST_000306,Shareholder,56.17
CUST_000898,CUST_000400,Director,49.18
CUST_000735,CUST_000210,Guarantor,5.35
CUST_000802,CUST_000429,Signatory,99.58
CUST_000657,CUST_000756,Shareholder,24.65
CUST_000029,CUST_000684,Guarantor,41.12
CUST_000312,CUST_000232,Director,62.11
CUST_000530,CUST_000245,Director,41.57
CUST_000203,CUST_000483,Director,81.95
CUST_000289,CUST_000367,Guarantor,8.27
CUST_000899,CUST_000907,Shareholder,76.2
CUST_000023,CUST_000728,Signatory,23.39
CUST_000070,CUST_000758,Shareholder,67.38
CUST_000592,CUST_000150,Director,78.69
CUST_000302,CUST_000208,Guarantor,82.02
CUST_000486,CUST_000482,Signatory,62.93
CUST_000369,CUST_000294,Director,74.82
CUST_000279,CUST_000599,Signatory,73.95
CUST_000527,CUST_000253,Shareholder,2.56
CUST_000280,CUST_000933,Signatory,60.51
CUST_000082,CUST_000103,Shareholder,31.52
CUST_000921,CUST_000118,Director,47.96
CUST_000928,CUST_000971,Director,64.97
CUST_000333,CUST_000569,Signatory,92.33
CUST_000747,CUST_000554,Director,66.99
CUST_000982,CUST_000549,Shareholder,41.47
CUST_000094,CUST_000121,Director,39.56
CUST_000274,CUST_000589,Guarantor,31.16
CUST_000925,CUST_000205,Signatory,62.72
CUST_000566,CUST_000457,Signatory,67.86
CUST_000665,CUST_000878,Signatory,92.62
CUST_000071,CUST_000832,Shareholder,12.46
CUST_000597,CUST_000470,Shareholder,94.75
CUST_000410,CUST_000507,Director,51.66
CUST_000477,CUST_000091,Signatory,67.69
CUST_000609,CUST_000582,Guarantor,68.47
CUST_000193,CUST_000764,Shareholder,16.85
CUST_000588,CUST_000223,Shareholder,69.44
CUST_000639,CUST_000106,Shareholder,21.65
CUST_000201,CUST_000714,Signatory,34.83
CUST_000856,CUST_000264,Signatory,87.37
CUST_000608,CUST_000919,Guarantor,84.31
CUST_000040,CUST_000999,Signatory,69.69
CUST_000154,CUST_000451,Signatory,16.96
CUST_000604,CUST_000080,Director,21.28
CUST_000824,CUST_000319,Guarantor,67.96
CUST_000371,CUST_000442,Signatory,28.71
CUST_000474,CUST_000916,Director,29.87
CUST_000038,CUST_000792,Signatory,19.09
CUST_000143,CUST_000096,Guarantor,40.48
CUST_000180,CUST_000898,Director,13.2
CUST_000746,CUST_000643,Guarantor,70.4
CUST_000988,CUST_000972,Guarantor,1.41
CUST_000546,CUST_000821,Director,4.51
CUST_000941,CUST_000891,Guarantor,79.52
CUST_000207,CUST_000284,Shareholder,14.42
CUST_000654,CUST_000882,Director,82.75
CUST_000538,CUST_000163,Director,2.8
CUST_000992,CUST_000133,Shareholder,16.72
CUST_000600,CUST_000994,Signatory,49.37
CUST_000032,CUST_000973,Signatory,40.88
CUST_000587,CUST_000192,Guarantor,48.31
CUST_000717,CUST_000582,Shareholder,98.66
CUST_000265,CUST_000959,Guarantor,61.8
CUST_000937,CUST_000990,Shareholder,15.42
CUST_000932,CUST_000943,Director,18.86
CUST_000523,CUST_000549,Signatory,78.31
CUST_000956,CUST_000168,Signatory,33.06
CUST_000980,CUST_000363,Shareholder,62.15
CUST_000227,CUST_000957,Guarantor,41.48
CUST_000838,CUST_000147,Shareholder,9.47
CUST_000203,CUST_000988,Signatory,99.63
CUST_000531,CUST_000894,Director,41.98
CUST_000545,CUST_000602,Guarantor,14.63
CUST_000606,CUST_000661,Signatory,82.87
CUST_000389,CUST_000884,Guarantor,47.89
CUST_000236,CUST_000782,Guarantor,13.24
CUST_000553,CUST_000317,Shareholder,58.21
CUST_000259,CUST_000962,Signatory,74.66
CUST_000911,CUST_000561,Guarantor,33.63
CUST_000231,CUST_000012,Signatory,50.74
CUST_000477,CUST_000627,Signatory,88.28
CUST_000287,CUST_000117,Guarantor,38.15
CUST_000923,CUST_000504,Director,93.04
CUST_000706,CUST_000030,Director,26.88
CUST_000431,CUST_000266,Signatory,48.85
CUST_000639,CUST_000119,Signatory,77.01
CUST_000186,CUST_000124,Guarantor,31.96
CUST_000241,CUST_000350,Shareholder,34.88
CUST_000578,CUST_000610,Shareholder,66.17
CUST_000346,CUST_000669,Shareholder,49.58
CUST_000375,CUST_000060,Shareholder,32.47
CUST_000818,CUST_000931,Shareholder,48.24
CUST_000168,CUST_000662,Shareholder,28.14
CUST_000860,CUST_000526,Shareholder,36.14
CUST_000236,CUST_000305,Shareholder,82.3
CUST_000012,CUST_000764,Director,54.68
CUST_000428,CUST_000805,Shareholder,43.76
CUST_000063,CUST_000487,Director,31.06
CUST_000563,CUST_000293,Guarantor,75.51
CUST_000330,CUST_000066,Signatory,85.22
CUST_000135,CUST_000828,Director,26.84
CUST_000875,CUST_000022,Signatory,99.72
CUST_000420,CUST_000631,Guarantor,63.29
CUST_000156,CUST_000148,Director,88.25
CUST_000393,CUST_000694,Guarantor,47.95
CUST_000246,CUST_000058,Shareholder,71.37
CUST_000558,CUST_000260,Director,98.63
CUST_000166,CUST_000664,Guarantor,94.48
CUST_000838,CUST_000265,Guarantor,22.66
CUST_000711,CUST_000879,Shareholder,74.07
CUST_000613,CUST_000203,Shareholder,25.75
CUST_000345,CUST_000351,Director,97.15
CUST_000897,CUST_000277,Guarantor,79.3
CUST_000483,CUST_000569,Signatory,81.69
CUST_000511,CUST_000884,Signatory,93.74
CUST_000866,CUST_000670,Guarantor,73.54
CUST_000138,CUST_000316,Shareholder,32.11
CUST_000625,CUST_000417,Guarantor,66.46
CUST_000407,CUST_000157,Guarantor,54.1
CUST_000796,CUST_000245,Director,73.34
CUST_000820,CUST_000593,Director,27.05
CUST_000982,CUST_000714,Guarantor,55.45
CUST_000900,CUST_000802,Signatory,28.52
CUST_000023,CUST_000219,Shareholder,72.84
CUST_000589,CUST_000465,Signatory,80.28
CUST_000080,CUST_000448,Director,18.63
CUST_000550,CUST_000697,Signatory,96.03
CUST_000683,CUST_000929,Guarantor,55.19
CUST_000832,CUST_000705,Signatory,88.33
CUST_000651,CUST_000438,Shareholder,26.17
CUST_000229,CUST_000388,Signatory,20.19
CUST_000948,CUST_000134,Signatory,94.97
CUST_000235,CUST_000889,Shareholder,99.34
CUST_000079,CUST_000849,Signatory,20.81
CUST_000547,CUST_000341,Director,56.66
CUST_000002,CUST_000476,Guarantor,71.84
CUST_000947,CUST_000430,Director,35.12
CUST_000807,CUST_000219,Shareholder,41.53
CUST_000890,CUST_000486,Shareholder,50.5
CUST_000068,CUST_000887,Guarantor,7.46
CUST_000799,CUST_000852,Guarantor,58.78
CUST_000784,CUST_000845,Director,39.08
CUST_000839,CUST_000664,Director,73.13
CUST_000194,CUST_000000,Shareholder,24.25
CUST_000224,CUST_000532,Guarantor,78.45
CUST_000402,CUST_000799,Director,9.13
CUST_000438,CUST_000093,Signatory,31.12
CUST_000055,CUST_000362,Signatory,55.86
CUST_000303,CUST_000050,Shareholder,15.63
CUST_000552,CUST_000775,Shareholder,22.77
CUST_000527,CUST_000045,Shareholder,16.79
CUST_000898,CUST_000933,Shareholder,86.86
CUST_000023,CUST_000227,Shareholder,42.9
CUST_000106,CUST_000899,Director,71.99
CUST_000665,CUST_000087,Shareholder,59.29
CUST_000202,CUST_000328,Shareholder,61.76
CUST_000282,CUST_000896,Director,93.69
CUST_000292,CUST_000986,Signatory,34.38
CUST_000842,CUST_000736,Guarantor,27.59
CUST_000097,CUST_000572,Shareholder,44.09
CUST_000440,CUST_000732,Director,45.06
CUST_000765,CUST_000056,Guarantor,90.25
CUST_000372,CUST_000638,Director,86.14
CUST_000827,CUST_000063,Shareholder,42.38
CUST_000709,CUST_000099,Guarantor,78.37
CUST_000934,CUST_000361,Guarantor,49.44
CUST_000752,CUST_000046,Shareholder,85.87
CUST_000706,CUST_000373,Guarantor,16.37
CUST_000931,CUST_000260,Guarantor,96.26
CUST_000353,CUST_000732,Signatory,26.01
CUST_000503,CUST_000840,Guarantor,30.48
CUST_000483,CUST_000226,Signatory,1.13
CUST_000055,CUST_000644,Shareholder,33.3
CUST_000206,CUST_000637,Director,77.97
CUST_000416,CUST_000447,Signatory,59.84
CUST_000544,CUST_000035,Signatory,94.27
CUST_000004,CUST_000486,Signatory,83.32
CUST_000004,CUST_000546,Signatory,13.37
CUST_000114,CUST_000622,Shareholder,86.28
CUST_000002,CUST_000461,Director,50.29
CUST_000798,CUST_000513,Guarantor,52.04
CUST_000814,CUST_000582,Signatory,92.01
CUST_000155,CUST_000270,Director,2.68
CUST_000132,CUST_000843,Shareholder,31.52
CUST_000669,CUST_000997,Shareholder,1.57
CUST_000784,CUST_000478,Signatory,16.52
CUST_000564,CUST_000878,Director,88.11
CUST_000822,CUST_000231,Director,43.42
CUST_000591,CUST_000648,Guarantor,86.07
CUST_000700,CUST_000917,Shareholder,6.0
CUST_000071,CUST_000253,Guarantor,22.49
CUST_000671,CUST_000221,Signatory,82.09
CUST_000566,CUST_000106,Shareholder,86.26
CUST_000526,CUST_000933,Shareholder,55.6
CUST_000078,CUST_000764,Guarantor,6.89
CUST_000029,CUST_000919,Director,61.21
CUST_000743,CUST_000091,Signatory,85.86
CUST_000959,CUST_000892,Director,38.72
CUST_000292,CUST_000527,Director,14.21
CUST_000359,CUST_000400,Director,45.29
CUST_000288,CUST_000206,Guarantor,60.14
CUST_000664,CUST_000459,Signatory,82.57
CUST_000464,CUST_000608,Director,89.56
CUST_000760,CUST_000109,Guarantor,62.35
CUST_000258,CUST_000923,Shareholder,6.05
CUST_000017,CUST_000899,Guarantor,87.99
CUST_000298,CUST_000852,Shareholder,61.47
CUST_000949,CUST_000045,Guarantor,38.02
CUST_000902,CUST_000660,Director,18.89
CUST_000728,CUST_000900,Director,40.98
CUST_000045,CUST_000054,Guarantor,51.14
CUST_000974,CUST_000779,Shareholder,66.37
CUST_000713,CUST_000748,Director,33.97
CUST_000207,CUST_000755,Guarantor,66.28
CUST_000921,CUST_000199,Signatory,41.76
CUST_000916,CUST_000075,Signatory,53.97
CUST_000571,CUST_000458,Director,85.4
CUST_000700,CUST_000350,Shareholder,50.9
CUST_000009,CUST_000652,Signatory,96.5
CUST_000970,CUST_000223,Shareholder,52.19
CUST_000430,CUST_000056,Signatory,96.8
CUST_000083,CUST_000569,Director,26.67
CUST_000097,CUST_000974,Director,60.79
CUST_000678,CUST_000380,Guarantor,5.19
CUST_000659,CUST_000093,Signatory,38.97
CUST_000241,CUST_000453,Signatory,35.05
CUST_000204,CUST_000711,Signatory,81.48
CUST_000598,CUST_000782,Guarantor,99.65
CUST_000909,CUST_000635,Director,80.26
CUST_000923,CUST_000094,Shareholder,12.55
CUST_000105,CUST_000909,Director,57.25
CUST_000726,CUST_000584,Shareholder,39.12
CUST_000615,CUST_000667,Shareholder,3.06
CUST_000515,CUST_000061,Director,57.08
CUST_000225,CUST_000018,Signatory,50.71
CUST_000033,CUST_000687,Director,83.02
CUST_000379,CUST_000584,Signatory,32.29
CUST_000978,CUST_000566,Shareholder,93.56
CUST_000409,CUST_000973,Guarantor,6.27
CUST_000394,CUST_000056,Director,5.1
CUST_000157,CUST_000802,Signatory,37.99
CUST_000913,CUST_000219,Signatory,26.26
CUST_000413,CUST_000042,Guarantor,73.94
CUST_000529,CUST_000482,Director,91.45
CUST_000185,CUST_000681,Guarantor,53.88
CUST_000330,CUST_000276,Signatory,14.26
CUST_000577,CUST_000450,Shareholder,54.85
CUST_000018,CUST_000976,Signatory,50.04
CUST_000020,CUST_000704,Shareholder,16.56
CUST_000763,CUST_000827,Signatory,3.26
CUST_000890,CUST_000840,Director,36.99
CUST_000784,CUST_000670,Shareholder,99.01
CUST_000673,CUST_000545,Director,89.9
CUST_000747,CUST_000282,Guarantor,96.52
CUST_000846,CUST_000623,Signatory,21.59
CUST_000123,CUST_000926,Signatory,86.87
CUST_000550,CUST_000163,Guarantor,49.84
CUST_000676,CUST_000801,Shareholder,90.77
CUST_000595,CUST_000300,Signatory,23.7
CUST_000643,CUST_000463,Guarantor,43.42
CUST_000272,CUST_000554,Shareholder,26.8
CUST_000792,CUST_000854,Shareholder,6.83
CUST_000775,CUST_000341,Guarantor,44.84
CUST_000952,CUST_000307,Director,5.17
CUST_000885,CUST_000643,Guarantor,71.43
CUST_000872,CUST_000130,Shareholder,48.33
CUST_000794,CUST_000974,Director,74.77
CUST_000823,CUST_000288,Shareholder,65.68
CUST_000158,CUST_000826,Director,63.18
CUST_000583,CUST_000263,Signatory,95.7
CUST_000280,CUST_000123,Signatory,18.63
CUST_000827,CUST_000717,Signatory,85.22
CUST_000072,CUST_000611,Guarantor,75.51
CUST_000553,CUST_000677,Shareholder,48.91
CUST_000811,CUST_000190,Signatory,22.18
CUST_000746,CUST_000141,Director,25.11
CUST_000000,CUST_000739,Director,11.86
CUST_000611,CUST_000219,Signatory,48.06
CUST_000221,CUST_000685,Shareholder,74.2
CUST_000879,CUST_000734,Guarantor,90.38
CUST_000112,CUST_000426,Signatory,64.37
CUST_000821,CUST_000507,Guarantor,75.58
CUST_000241,CUST_000256,Director,97.7
CUST_000367,CUST_000175,Guarantor,96.84
CUST_000237,CUST_000926,Signatory,99.74
CUST_000950,CUST_000989,Signatory,46.15
CUST_000781,CUST_000843,Guarantor,24.93
CUST_000824,CUST_000973,Director,83.09
CUST_000553,CUST_000868,Director,10.06
CUST_000303,CUST_000325,Guarantor,19.84
CUST_000237,CUST_000955,Shareholder,41.49
CUST_000579,CUST_000157,Director,25.55
CUST_000921,CUST_000761,Director,41.22
CUST_000525,CUST_000016,Shareholder,24.63
CUST_000959,CUST_000950,Guarantor,96.64
CUST_000185,CUST_000588,Guarantor,92.04
CUST_000935,CUST_000249,Director,26.37
CUST_000812,CUST_000431,Director,4.9
CUST_000803,CUST_000677,Guarantor,42.75
CUST_000430,CUST_000463,Shareholder,35.34
CUST_000002,CUST_000559,Shareholder,22.84
CUST_000185,CUST_000824,Shareholder,82.87
CUST_000979,CUST_000155,Director,48.85
CUST_000377,CUST_000331,Shareholder,82.83
CUST_000069,CUST_000419,Shareholder,61.46
CUST_000276,CUST_000975,Shareholder,53.31
CUST_000906,CUST_000523,Signatory,36.8
CUST_000602,CUST_000960,Director,37.65
CUST_000989,CUST_000274,Guarantor,25.05
CUST_000438,CUST_000197,Guarantor,36.78
CUST_000397,CUST_000261,Director,16.18
CUST_000430,CUST_000721,Shareholder,64.46
CUST_000337,CUST_000127,Shareholder,22.68
CUST_000581,CUST_000047,Shareholder,90.83
CUST_000299,CUST_000539,Guarantor,43.84
CUST_000936,CUST_000075,Signatory,75.04
CUST_000735,CUST_000158,Shareholder,75.3
CUST_000096,CUST_000090,Director,23.19
CUST_000063,CUST_000109,Signatory,64.78
CUST_000883,CUST_000176,Shareholder,62.03
CUST_000255,CUST_000711,Guarantor,81.1
CUST_000118,CUST_000522,Director,70.05
CUST_000843,CUST_000262,Guarantor,67.49
CUST_000323,CUST_000251,Guarantor,94.73
CUST_000177,CUST_000853,Shareholder,60.92
CUST_000437,CUST_000275,Shareholder,58.81
CUST_000611,CUST_000658,Guarantor,18.52
CUST_000432,CUST_000001,Shareholder,16.04
CUST_000874,CUST_000496,Signatory,70.85
CUST_000575,CUST_000492,Guarantor,84.96
CUST_000714,CUST_000026,Signatory,79.58
CUST_000227,CUST_000631,Guarantor,93.24
CUST_000334,CUST_000408,Signatory,15.76
CUST_000215,CUST_000301,Signatory,86.39
CUST_000566,CUST_000330,Director,55.85
CUST_000288,CUST_000008,Signatory,71.77
CUST_000475,CUST_000089,Guarantor,30.45
CUST_000679,CUST_000222,Guarantor,3.04
CUST_000259,CUST_000176,Director,1.6
CUST_000203,CUST_000752,Signatory,20.88
CUST_000975,CUST_000823,Shareholder,27.65
CUST_000139,CUST_000970,Signatory,58.79
CUST_000301,CUST_000523,Director,85.85
CUST_000852,CUST_000956,Signatory,34.07
CUST_000921,CUST_000445,Signatory,83.13
CUST_000968,CUST_000554,Guarantor,24.05
CUST_000659,CUST_000905,Shareholder,43.52
CUST_000881,CUST_000921,Signatory,10.32
CUST_000629,CUST_000008,Shareholder,44.35
CUST_000212,CUST_000785,Signatory,70.11
CUST_000553,CUST_000280,Signatory,82.36
CUST_000068,CUST_000977,Signatory,45.57
CUST_000444,CUST_000234,Guarantor,24.52
CUST_000138,CUST_000112,Shareholder,3.72
CUST_000251,CUST_000763,Director,71.61
CUST_000196,CUST_000107,Shareholder,31.75
CUST_000719,CUST_000245,Director,68.18
CUST_000907,CUST_000700,Director,64.6
CUST_000100,CUST_000269,Director,15.78
CUST_000225,CUST_000922,Director,86.63
CUST_000125,CUST_000085,Guarantor,25.23
CUST_000319,CUST_000826,Director,64.45
CUST_000149,CUST_000931,Signatory,55.38
CUST_000014,CUST_000016,Shareholder,58.96
CUST_000351,CUST_000779,Director,45.9
CUST_000480,CUST_000141,Signatory,53.29
CUST_000610,CUST_000837,Guarantor,76.16
CUST_000067,CUST_000383,Signatory,37.92
CUST_000975,CUST_000009,Director,74.87
CUST_000631,CUST_000042,Signatory,11.43
CUST_000457,CUST_000748,Shareholder,58.8
CUST_000876,CUST_000717,Guarantor,49.98
CUST_000938,CUST_000085,Signatory,71.76
CUST_000224,CUST_000639,Signatory,44.96
CUST_000331,CUST_000748,Director,69.12
CUST_000188,CUST_000767,Guarantor,82.92
CUST_000250,CUST_000450,Guarantor,28.96
CUST_000334,CUST_000263,Signatory,39.97
CUST_000926,CUST_000613,Signatory,30.02
CUST_000098,CUST_000756,Guarantor,22.32
CUST_000687,CUST_000163,Director,58.29
CUST_000470,CUST_000964,Director,98.56
CUST_000415,CUST_000289,Guarantor,3.81
CUST_000751,CUST_000832,Shareholder,26.41
CUST_000472,CUST_000260,Guarantor,98.96
CUST_000708,CUST_000076,Director,31.17
CUST_000628,CUST_000665,Shareholder,1.07
CUST_000441,CUST_000557,Shareholder,99.03
CUST_000884,CUST_000553,Guarantor,76.36
CUST_000424,CUST_000161,Director,16.89
CUST_000205,CUST_000746,Signatory,14.05
CUST_000798,CUST_000606,Signatory,54.49
CUST_000431,CUST_000946,Director,2.14
CUST_000717,CUST_000805,Director,75.41
CUST_000553,CUST_000661,Signatory,34.19
CUST_000525,CUST_000411,Shareholder,97.43
CUST_000317,CUST_000566,Shareholder,2.92
CUST_000197,CUST_000585,Shareholder,87.39
CUST_000828,CUST_000339,Director,36.69
CUST_000058,CUST_000110,Guarantor,67.08
CUST_000984,CUST_000651,Guarantor,99.92
CUST_000299,CUST_000721,Signatory,77.64
CUST_000219,CUST_000484,Shareholder,63.1
CUST_000944,CUST_000828,Shareholder,34.58
CUST_000464,CUST_000100,Director,52.12
CUST_000251,CUST_000840,Signatory,53.92
CUST_000899,CUST_000090,Guarantor,67.14
CUST_000795,CUST_000373,Shareholder,80.5
CUST_000198,CUST_000811,Signatory,86.19
CUST_000873,CUST_000363,Signatory,64.68
CUST_000248,CUST_000464,Director,39.88
CUST_000773,CUST_000705,Guarantor,89.15
CUST_000105,CUST_000704,Shareholder,67.32
CUST_000439,CUST_000041,Signatory,12.45
CUST_000484,CUST_000556,Shareholder,6.03
CUST_000313,CUST_000654,Signatory,13.43
CUST_000752,CUST_000267,Director,78.66
CUST_000476,CUST_000465,Director,95.83
CUST_000639,CUST_000599,Signatory,71.83
CUST_000091,CUST_000736,Shareholder,8.0
CUST_000082,CUST_000695,Guarantor,67.41
CUST_000077,CUST_000953,Signatory,14.2
CUST_000109,CUST_000547,Director,45.99
CUST_000012,CUST_000094,Director,18.64
CUST_000028,CUST_000083,Guarantor,65.06
CUST_000674,CUST_000357,Signatory,64.87
CUST_000296,CUST_000923,Shareholder,91.36
CUST_000956,CUST_000458,Shareholder,21.67
CUST_000513,CUST_000602,Guarantor,93.43
CUST_000065,CUST_000839,Shareholder,78.44
CUST_000793,CUST_000844,Shareholder,11.83
CUST_000128,CUST_000084,Signatory,34.98
CUST_000219,CUST_000386,Director,84.68
CUST_000676,CUST_000309,Signatory,13.84
CUST_000481,CUST_000676,Guarantor,17.88
CUST_000109,CUST_000563,Signatory,77.98
CUST_000023,CUST_000304,Signatory,51.13
CUST_000176,CUST_000170,Director,69.32
CUST_000699,CUST_000070,Signatory,64.84
CUST_000111,CUST_000846,Director,18.8
CUST_000348,CUST_000388,Director,96.83
CUST_000987,CUST_000053,Director,83.17
CUST_000481,CUST_000801,Signatory,26.29
CUST_000251,CUST_000914,Signatory,66.61
CUST_000629,CUST_000416,Shareholder,1.95
CUST_000480,CUST_000834,Signatory,1.91
CUST_000549,CUST_000301,Shareholder,5.13
CUST_000801,CUST_000132,Shareholder,50.2
CUST_000964,CUST_000850,Guarantor,61.79
CUST_000733,CUST_000233,Shareholder,16.1
CUST_000981,CUST_000897,Director,50.77
CUST_000130,CUST_000709,Guarantor,63.02
CUST_000156,CUST_000254,Director,66.63
CUST_000286,CUST_000889,Shareholder,84.04
CUST_000605,CUST_000102,Guarantor,46.71
CUST_000860,CUST_000461,Shareholder,97.15
CUST_000926,CUST_000899,Director,94.4
CUST_000855,CUST_000275,Shareholder,98.5
CUST_000360,CUST_000512,Signatory,95.44
CUST_000150,CUST_000545,Shareholder,62.1
CUST_000175,CUST_000924,Shareholder,49.78
CUST_000165,CUST_000358,Guarantor,43.0
CUST_000633,CUST_000379,Guarantor,42.66
CUST_000692,CUST_000684,Guarantor,51.25
CUST_000688,CUST_000947,Guarantor,61.71
CUST_000880,CUST_000116,Shareholder,33.76
CUST_000673,CUST_000413,Director,50.03
CUST_000599,CUST_000307,Guarantor,32.93
CUST_000152,CUST_000010,Guarantor,34.67
CUST_000253,CUST_000879,Guarantor,45.44
CUST_000385,CUST_000851,Director,36.21
CUST_000581,CUST_000420,Shareholder,70.01
CUST_000680,CUST_000955,Shareholder,47.34
CUST_000509,CUST_000596,Shareholder,69.78
CUST_000953,CUST_000664,Director,74.7
CUST_000095,CUST_000803,Shareholder,13.46
CUST_000363,CUST_000387,Shareholder,48.9
CUST_000204,CUST_000918,Guarantor,42.21
CUST_000911,CUST_000645,Guarantor,18.09
CUST_000601,CUST_000345,Director,27.75
CUST_000393,CUST_000283,Signatory,45.55
CUST_000771,CUST_000319,Shareholder,21.75
CUST_000781,CUST_000215,Guarantor,22.73
CUST_000919,CUST_000569,Shareholder,93.84
CUST_000741,CUST_000103,Signatory,10.17
CUST_000228,CUST_000368,Signatory,34.89
CUST_000870,CUST_000544,Shareholder,15.94
CUST_000598,CUST_000985,Shareholder,21.88
CUST_000458,CUST_000409,Shareholder,84.33
CUST_000519,CUST_000664,Director,32.35
CUST_000133,CUST_000413,Guarantor,8.91
CUST_000993,CUST_000613,Guarantor,45.2
CUST_000164,CUST_000419,Signatory,21.64
CUST_000096,CUST_000147,Signatory,66.95
CUST_000748,CUST_000692,Signatory,23.15
CUST_000822,CUST_000867,Guarantor,99.41
CUST_000383,CUST_000708,Signatory,13.04
CUST_000457,CUST_000543,Shareholder,64.84
CUST_000867,CUST_000989,Shareholder,38.31
CUST_000134,CUST_000297,Signatory,53.75
CUST_000434,CUST_000090,Shareholder,37.11
CUST_000080,CUST_000983,Director,86.25
CUST_000979,CUST_000243,Shareholder,35.69
CUST_000505,CUST_000084,Guarantor,35.06
CUST_000494,CUST_000576,Guarantor,46.8
CUST_000027,CUST_000079,Shareholder,41.02
CUST_000471,CUST_000141,Signatory,20.02
CUST_000805,CUST_000573,Guarantor,54.25
CUST_000456,CUST_000073,Shareholder,20.35
CUST_000821,CUST_000603,Signatory,29.16
CUST_000477,CUST_000931,Signatory,77.22
CUST_000806,CUST_000722,Shareholder,21.11
CUST_000308,CUST_000331,Signatory,1.83
CUST_000675,CUST_000977,Signatory,70.14
CUST_000656,CUST_000757,Guarantor,92.24
CUST_000701,CUST_000846,Signatory,21.39
CUST_000755,CUST_000402,Director,78.34
CUST_000655,CUST_000359,Guarantor,83.57
CUST_000061,CUST_000081,Guarantor,76.83
CUST_000545,CUST_000698,Signatory,84.63
CUST_000618,CUST_000987,Shareholder,69.14
CUST_000774,CUST_000956,Director,5.17
CUST_000730,CUST_000528,Director,45.33
CUST_000390,CUST_000946,Guarantor,20.13
CUST_000432,CUST_000956,Director,59.75
CUST_000351,CUST_000084,Guarantor,70.19
CUST_000335,CUST_000603,Signatory,97.66
CUST_000850,CUST_000655,Guarantor,66.71
CUST_000025,CUST_000793,Signatory,46.99
CUST_000960,CUST_000594,Guarantor,88.51
CUST_000639,CUST_000256,Guarantor,15.33
CUST_000618,CUST_000412,Director,22.0
CUST_000157,CUST_000405,Guarantor,27.19
CUST_000170,CUST_000671,Signatory,25.63
CUST_000846,CUST_000875,Signatory,39.52
CUST_000437,CUST_000593,Shareholder,72.78
CUST_000066,CUST_000227,Guarantor,96.42
CUST_000147,CUST_000262,Director,29.0
CUST_000466,CUST_000316,Director,14.0
CUST_000538,CUST_000435,Guarantor,96.84
CUST_000256,CUST_000839,Signatory,66.45
CUST_000940,CUST_000107,Shareholder,22.32
CUST_000691,CUST_000652,Signatory,75.91
CUST_000268,CUST_000965,Director,45.48
CUST_000318,CUST_000013,Shareholder,60.07
CUST_000160,CUST_000935,Signatory,86.91
CUST_000574,CUST_000576,Signatory,22.59
CUST_000170,CUST_000787,Director,43.65
CUST_000151,CUST_000368,Signatory,4.94
CUST_000074,CUST_000210,Shareholder,73.18
CUST_000452,CUST_000319,Shareholder,12.21
CUST_000127,CUST_000598,Director,78.04
CUST_000746,CUST_000134,Guarantor,55.09
CUST_000126,CUST_000150,Director,33.01
CUST_000623,CUST_000088,Director,14.72
CUST_000735,CUST_000112,Signatory,26.7
CUST_000317,CUST_000806,Director,51.69
CUST_000226,CUST_000262,Signatory,3.05
CUST_000499,CUST_000096,Signatory,18.16
CUST_000498,CUST_000075,Shareholder,61.84
CUST_000594,CUST_000529,Guarantor,59.53
CUST_000444,CUST_000096,Director,45.21
CUST_000960,CUST_000888,Guarantor,1.64
CUST_000654,CUST_000110,Guarantor,53.07
CUST_000850,CUST_000746,Shareholder,90.85
CUST_000899,CUST_000044,Guarantor,39.85
CUST_000216,CUST_000003,Director,2.48
CUST_000045,CUST_000103,Signatory,62.7
CUST_000227,CUST_000749,Shareholder,64.25
CUST_000903,CUST_000473,Director,53.49
CUST_000044,CUST_000802,Director,48.0
CUST_000112,CUST_000233,Shareholder,85.7
CUST_000025,CUST_000370,Signatory,76.42
CUST_000867,CUST_000315,Shareholder,69.64
CUST_000017,CUST_000180,Shareholder,47.58
CUST_000027,CUST_000534,Director,37.43
CUST_000736,CUST_000056,Guarantor,44.87
CUST_000739,CUST_000859,Shareholder,89.62
CUST_000196,CUST_000098,Shareholder,87.06
CUST_000757,CUST_000469,Guarantor,28.02
CUST_000355,CUST_000099,Shareholder,55.63
CUST_000946,CUST_000391,Shareholder,86.88
CUST_000539,CUST_000325,Shareholder,61.42
CUST_000848,CUST_000551,Signatory,4.42
CUST_000589,CUST_000577,Shareholder,66.78
CUST_000184,CUST_000075,Shareholder,2.95
CUST_000127,CUST_000842,Director,37.94
CUST_000820,CUST_000757,Signatory,19.29
CUST_000590,CUST_000819,Shareholder,60.31
CUST_000962,CUST_000274,Shareholder,45.27
CUST_000386,CUST_000760,Signatory,30.23
CUST_000274,CUST_000364,Director,54.7
CUST_000822,CUST_000374,Guarantor,29.16
CUST_000992,CUST_000450,Guarantor,3.89
CUST_000483,CUST_000816,Director,67.36
CUST_000510,CUST_000621,Guarantor,3.2
CUST_000495,CUST_000340,Signatory,54.87
CUST_000793,CUST_000665,Shareholder,70.06
CUST_000806,CUST_000986,Shareholder,11.54
CUST_000655,CUST_000058,Shareholder,16.17
CUST_000639,CUST_000860,Guarantor,96.8
CUST_000498,CUST_000013,Director,47.58
CUST_000983,CUST_000704,Signatory,82.67
CUST_000092,CUST_000945,Shareholder,94.82
CUST_000039,CUST_000722,Signatory,78.72
CUST_000620,CUST_000547,Guarantor,94.98
CUST_000090,CUST_000901,Signatory,88.83
CUST_000582,CUST_000377,Signatory,64.34
CUST_000381,CUST_000755,Shareholder,51.74
CUST_000008,CUST_000332,Shareholder,81.46
CUST_000870,CUST_000914,Director,86.52
CUST_000044,CUST_000248,Guarantor,93.43
CUST_000758,CUST_000298,Guarantor,22.56
CUST_000505,CUST_000195,Signatory,71.9
CUST_000003,CUST_000945,Guarantor,97.87
CUST_000701,CUST_000087,Guarantor,54.2
CUST_000868,CUST_000100,Guarantor,88.44
CUST_000609,CUST_000872,Guarantor,54.56
CUST_000326,CUST_000287,Director,61.84
CUST_000451,CUST_000179,Shareholder,41.05
CUST_000712,CUST_000789,Shareholder,24.7
CUST_000897,CUST_000351,Guarantor,77.49
CUST_000311,CUST_000720,Director,36.28
CUST_000381,CUST_000677,Guarantor,84.69
CUST_000310,CUST_000441,Guarantor,86.3
CUST_000922,CUST_000589,Director,38.33
CUST_000381,CUST_000244,Guarantor,15.22
CUST_000735,CUST_000844,Shareholder,41.98
CUST_000531,CUST_000726,Shareholder,18.09
CUST_000312,CUST_000084,Director,70.56
CUST_000246,CUST_000154,Shareholder,39.48
CUST_000212,CUST_000773,Shareholder,75.71
CUST_000656,CUST_000523,Guarantor,48.94
CUST_000681,CUST_000816,Shareholder,10.53
CUST_000426,CUST_000585,Signatory,20.57
CUST_000434,CUST_000978,Director,91.34
CUST_000511,CUST_000701,Signatory,36.93
CUST_000140,CUST_000523,Guarantor,49.56
CUST_000535,CUST_000612,Guarantor,28.02
CUST_000197,CUST_000360,Director,42.62
CUST_000857,CUST_000308,Director,37.42
CUST_000635,CUST_000266,Director,14.5
CUST_000799,CUST_000203,Director,85.63
CUST_000566,CUST_000688,Guarantor,84.36
CUST_000193,CUST_000251,Guarantor,59.84
CUST_000132,CUST_000303,Guarantor,94.94
CUST_000772,CUST_000113,Signatory,62.85
CUST_000717,CUST_000764,Director,30.73
CUST_000517,CUST_000837,Director,3.46
CUST_000083,CUST_000857,Shareholder,41.08
CUST_000801,CUST_000907,Director,40.29
CUST_000400,CUST_000642,Signatory,72.7
CUST_000130,CUST_000344,Guarantor,33.62
CUST_000182,CUST_000232,Shareholder,36.41
CUST_000544,CUST_000186,Shareholder,44.36
CUST_000840,CUST_000947,Signatory,51.35
CUST_000837,CUST_000259,Director,88.14
CUST_000136,CUST_000662,Signatory,24.38
CUST_000977,CUST_000183,Shareholder,70.92
CUST_000871,CUST_000704,Signatory,98.93
CUST_000903,CUST_000323,Guarantor,80.24
CUST_000336,CUST_000464,Guarantor,44.06
CUST_000630,CUST_000008,Signatory,12.97
CUST_000792,CUST_000657,Guarantor,44.73
CUST_000344,CUST_000912,Guarantor,48.7
CUST_000628,CUST_000336,Director,27.01
CUST_000904,CUST_000658,Director,31.13
CUST_000314,CUST_000103,Guarantor,46.86
CUST_000328,CUST_000916,Guarantor,36.38
CUST_000707,CUST_000481,Shareholder,39.48
CUST_000462,CUST_000478,Guarantor,23.57
CUST_000969,CUST_000347,Guarantor,29.34
CUST_000014,CUST_000725,Shareholder,11.28
CUST_000528,CUST_000119,Director,61.75
CUST_000037,CUST_000751,Shareholder,22.83
CUST_000356,CUST_000243,Director,5.72
CUST_000898,CUST_000611,Director,48.76
CUST_000146,CUST_000097,Signatory,92.37
CUST_000700,CUST_000505,Signatory,88.26
CUST_000660,CUST_000756,Signatory,84.99
CUST_000181,CUST_000714,Director,27.3
CUST_000510,CUST_000710,Signatory,35.75
CUST_000053,CUST_000892,Director,74.53
CUST_000230,CUST_000442,Signatory,15.21
CUST_000128,CUST_000181,Shareholder,68.0
CUST_000471,CUST_000853,Signatory,17.71
CUST_000017,CUST_000378,Director,6.11
CUST_000976,CUST_000276,Signatory,12.3
CUST_000415,CUST_000426,Director,67.26
CUST_000988,CUST_000038,Signatory,54.61
CUST_000239,CUST_000202,Signatory,38.41
CUST_000705,CUST_000838,Guarantor,72.41
CUST_000063,CUST_000514,Shareholder,84.17
CUST_000232,CUST_000486,Shareholder,2.19
CUST_000578,CUST_000046,Signatory,91.93
CUST_000059,CUST_000995,Shareholder,82.56
CUST_000006,CUST_000593,Guarantor,52.25
CUST_000661,CUST_000070,Director,22.3
CUST_000677,CUST_000157,Guarantor,95.05
CUST_000327,CUST_000242,Signatory,66.53
CUST_000098,CUST_000303,Signatory,3.53
CUST_000323,CUST_000474,Director,44.35
CUST_000490,CUST_000168,Guarantor,69.3
CUST_000106,CUST_000577,Director,76.35
CUST_000532,CUST_000465,Director,81.85
CUST_000420,CUST_000020,Guarantor,89.28
CUST_000718,CUST_000447,Guarantor,81.65
CUST_000684,CUST_000669,Shareholder,46.01
CUST_000987,CUST_000490,Guarantor,78.52
CUST_000057,CUST_000649,Shareholder,41.27
CUST_000425,CUST_000536,Guarantor,24.77
CUST_000174,CUST_000743,Signatory,28.31
CUST_000324,CUST_000101,Signatory,88.21
CUST_000800,CUST_000297,Guarantor,62.81
CUST_000827,CUST_000018,Guarantor,31.86
CUST_000899,CUST_000716,Director,42.03
CUST_000580,CUST_000244,Shareholder,25.23
CUST_000364,CUST_000115,Shareholder,55.41
CUST_000564,CUST_000164,Guarantor,6.84
CUST_000066,CUST_000664,Guarantor,93.59
CUST_000694,CUST_000580,Shareholder,36.84
CUST_000340,CUST_000771,Guarantor,49.87
CUST_000069,CUST_000529,Guarantor,88.86
CUST_000586,CUST_000749,Director,77.92
CUST_000984,CUST_000227,Guarantor,52.93
CUST_000519,CUST_000075,Signatory,70.05
CUST_000948,CUST_000144,Shareholder,8.64
CUST_000347,CUST_000750,Signatory,69.91
CUST_000499,CUST_000357,Shareholder,26.9
CUST_000448,CUST_000724,Director,77.84
CUST_000436,CUST_000526,Signatory,48.84
CUST_000115,CUST_000272,Shareholder,17.28
CUST_000025,CUST_000656,Shareholder,66.5
CUST_000607,CUST_000815,Guarantor,24.59
CUST_000579,CUST_000205,Guarantor,99.5
CUST_000151,CUST_000156,Director,76.42
CUST_000106,CUST_000800,Signatory,47.37
CUST_000481,CUST_000894,Guarantor,15.36
CUST_000558,CUST_000191,Signatory,90.3
CUST_000023,CUST_000034,Signatory,51.5
CUST_000046,CUST_000590,Guarantor,54.22
CUST_000926,CUST_000720,Signatory,52.78
CUST_000313,CUST_000651,Guarantor,42.35
CUST_000072,CUST_000688,Signatory,56.69
CUST_000176,CUST_000436,Shareholder,73.09
CUST_000313,CUST_000938,Shareholder,49.71
CUST_000690,CUST_000388,Director,57.07
CUST_000014,CUST_000078,Director,40.16
CUST_000668,CUST_000697,Shareholder,51.99
CUST_000841,CUST_000172,Guarantor,11.41
CUST_000752,CUST_000305,Guarantor,46.92
CUST_000204,CUST_000492,Guarantor,55.5
CUST_000449,CUST_000098,Director,99.78
CUST_000845,CUST_000033,Shareholder,79.11
CUST_000756,CUST_000979,Shareholder,40.01
CUST_000235,CUST_000193,Guarantor,82.34
CUST_000168,CUST_000665,Guarantor,81.31
CUST_000335,CUST_000128,Guarantor,37.8
CUST_000826,CUST_000260,Director,98.02
CUST_000579,CUST_000415,Director,46.06
CUST_000213,CUST_000641,Guarantor,94.51
CUST_000797,CUST_000665,Guarantor,36.85
CUST_000468,CUST_000265,Guarantor,91.73
CUST_000502,CUST_000940,Guarantor,2.57
CUST_000359,CUST_000079,Shareholder,37.77
CUST_000519,CUST_000346,Signatory,54.89
CUST_000099,CUST_000844,Guarantor,96.3
CUST_000573,CUST_000698,Director,27.22
CUST_000014,CUST_000343,Director,52.91
CUST_000969,CUST_000697,Shareholder,55.7
CUST_000317,CUST_000060,Signatory,34.63
CUST_000817,CUST_000468,Shareholder,12.38
CUST_000241,CUST_000772,Guarantor,80.02
CUST_000223,CUST_000121,Signatory,66.94
CUST_000079,CUST_000845,Signatory,18.96
CUST_000622,CUST_000721,Director,28.56
CUST_000846,CUST_000434,Director,20.12
CUST_000294,CUST_000170,Shareholder,25.84
CUST_000768,CUST_000732,Shareholder,43.63
CUST_000386,CUST_000891,Shareholder,91.46
CUST_000052,CUST_000424,Shareholder,41.5
CUST_000784,CUST_000886,Shareholder,50.49
CUST_000438,CUST_000465,Shareholder,98.91
CUST_000125,CUST_000447,Guarantor,6.59
CUST_000395,CUST_000712,Guarantor,25.87
CUST_000880,CUST_000782,Signatory,89.99
CUST_000610,CUST_000808,Director,13.78
CUST_000118,CUST_000448,Guarantor,55.09
CUST_000769,CUST_000847,Shareholder,57.26
CUST_000290,CUST_000802,Shareholder,88.63
CUST_000714,CUST_000270,Signatory,93.69
CUST_000666,CUST_000081,Guarantor,52.9
CUST_000697,CUST_000035,Director,61.93
CUST_000402,CUST_000421,Guarantor,41.16
CUST_000147,CUST_000787,Guarantor,12.51
CUST_000074,CUST_000843,Signatory,93.38
CUST_000667,CUST_000930,Guarantor,19.91
CUST_000144,CUST_000842,Director,48.5
CUST_000139,CUST_000148,Signatory,55.9
CUST_000452,CUST_000893,Shareholder,34.52
CUST_000934,CUST_000399,Shareholder,75.81
CUST_000758,CUST_000258,Director,70.45
CUST_000409,CUST_000481,Shareholder,22.9
CUST_000214,CUST_000791,Guarantor,46.14
CUST_000871,CUST_000527,Guarantor,88.77
CUST_000203,CUST_000740,Signatory,58.46
CUST_000833,CUST_000163,Director,24.07
CUST_000198,CUST_000192,Signatory,26.31
CUST_000907,CUST_000763,Signatory,49.3
CUST_000490,CUST_000599,Guarantor,84.16
CUST_000458,CUST_000407,Signatory,23.27
CUST_000023,CUST_000230,Signatory,17.56
CUST_000596,CUST_000048,Director,35.08
CUST_000982,CUST_000113,Director,6.87
CUST_000203,CUST_000589,Guarantor,89.47
CUST_000959,CUST_000417,Guarantor,48.68
CUST_000044,CUST_000062,Signatory,89.53
CUST_000667,CUST_000057,Signatory,60.59
CUST_000737,CUST_000378,Guarantor,75.33
CUST_000036,CUST_000681,Director,22.19
CUST_000704,CUST_000228,Guarantor,6.23
CUST_000709,CUST_000394,Guarantor,48.5
CUST_000383,CUST_000642,Director,65.48
CUST_000374,CUST_000474,Signatory,16.99
CUST_000899,CUST_000762,Shareholder,12.65
CUST_000103,CUST_000683,Guarantor,70.51
CUST_000057,CUST_000433,Shareholder,11.82
CUST_000937,CUST_000939,Director,49.19
CUST_000829,CUST_000028,Shareholder,6.83
CUST_000268,CUST_000406,Director,8.12
CUST_000914,CUST_000788,Guarantor,83.51
CUST_000340,CUST_000967,Signatory,64.05
CUST_000316,CUST_000355,Shareholder,16.31
CUST_000737,CUST_000532,Director,5.1
CUST_000984,CUST_000151,Guarantor,36.02
CUST_000124,CUST_000651,Director,22.41
CUST_000470,CUST_000559,Guarantor,52.27
CUST_000470,CUST_000210,Signatory,68.11
CUST_000517,CUST_000294,Signatory,27.91
CUST_000529,CUST_000018,Guarantor,94.94
CUST_000898,CUST_000176,Signatory,93.57
CUST_000295,CUST_000930,Guarantor,4.05
CUST_000545,CUST_000867,Shareholder,53.99
CUST_000709,CUST_000004,Shareholder,56.9
CUST_000545,CUST_000507,Signatory,29.31
CUST_000556,CUST_000714,Director,27.15
CUST_000833,CUST_000965,Shareholder,35.43
CUST_000462,CUST_000088,Director,47.32
CUST_000094,CUST_000819,Guarantor,27.82
CUST_000864,CUST_000247,Signatory,61.05
CUST_000810,CUST_000843,Guarantor,91.0
CUST_000893,CUST_000335,Shareholder,73.21
CUST_000051,CUST_000590,Guarantor,13.28
CUST_000513,CUST_000754,Signatory,4.42
CUST_000988,CUST_000425,Guarantor,64.76
CUST_000519,CUST_000237,Signatory,65.72
CUST_000131,CUST_000234,Shareholder,63.98
CUST_000704,CUST_000626,Guarantor,11.24
CUST_000255,CUST_000640,Guarantor,35.82
CUST_000637,CUST_000116,Signatory,18.12
CUST_000570,CUST_000097,Guarantor,48.05
CUST_000576,CUST_000801,Guarantor,49.77
CUST_000639,CUST_000876,Director,2.92
CUST_000494,CUST_000118,Guarantor,76.99
CUST_000540,CUST_000359,Guarantor,23.53
CUST_000043,CUST_000222,Shareholder,93.31
CUST_000293,CUST_000823,Director,60.97
CUST_000728,CUST_000052,Signatory,90.81
CUST_000145,CUST_000826,Director,82.45
CUST_000459,CUST_000636,Guarantor,55.2
CUST_000650,CUST_000329,Shareholder,60.42
CUST_000004,CUST_000968,Signatory,42.51
CUST_000956,CUST_000491,Director,40.21
CUST_000646,CUST_000694,Director,27.08
CUST_000442,CUST_000581,Director,14.39
CUST_000948,CUST_000382,Director,8.15
CUST_000292,CUST_000925,Guarantor,61.25
CUST_000444,CUST_000532,Director,62.03
CUST_000930,CUST_000629,Guarantor,27.06
CUST_000500,CUST_000284,Guarantor,32.47
CUST_000160,CUST_000345,Signatory,46.46
CUST_000200,CUST_000319,Signatory,26.85
CUST_000912,CUST_000738,Signatory,60.61
CUST_000827,CUST_000918,Signatory,62.16
CUST_000238,CUST_000536,Shareholder,27.46
CUST_000942,CUST_000097,Shareholder,66.86
CUST_000450,CUST_000392,Signatory,34.37
CUST_000999,CUST_000620,Signatory,31.14
CUST_000144,CUST_000135,Shareholder,63.35
CUST_000102,CUST_000243,Shareholder,29.03
CUST_000332,CUST_000063,Signatory,26.65
CUST_000002,CUST_000672,Shareholder,88.58
CUST_000978,CUST_000723,Signatory,34.35
CUST_000164,CUST_000817,Guarantor,50.96
CUST_000173,CUST_000656,Director,89.4
CUST_000965,CUST_000953,Shareholder,8.01
CUST_000673,CUST_000655,Shareholder,82.68
CUST_000866,CUST_000462,Signatory,5.37
CUST_000550,CUST_000908,Shareholder,59.19
CUST_000973,CUST_000708,Guarantor,43.3
CUST_000501,CUST_000357,Guarantor,94.0
CUST_000267,CUST_000141,Shareholder,98.27
CUST_000923,CUST_000240,Shareholder,86.94
CUST_000422,CUST_000371,Guarantor,63.36
CUST_000705,CUST_000913,Signatory,27.19
CUST_000166,CUST_000033,Director,86.23
CUST_000624,CUST_000202,Signatory,5.56
CUST_000933,CUST_000801,Signatory,19.33
CUST_000216,CUST_000207,Shareholder,30.55
CUST_000602,CUST_000167,Director,69.53
CUST_000380,CUST_000853,Shareholder,51.67
CUST_000311,CUST_000610,Shareholder,93.38
CUST_000890,CUST_000151,Signatory,34.3
CUST_000801,CUST_000529,Guarantor,69.81
CUST_000255,CUST_000366,Signatory,4.83
CUST_000248,CUST_000193,Signatory,68.42
CUST_000411,CUST_000912,Signatory,42.5
CUST_000490,CUST_000737,Guarantor,85.32
CUST_000489,CUST_000512,Director,62.04
CUST_000061,CUST_000919,Shareholder,69.41
CUST_000557,CUST_000922,Guarantor,84.05
CUST_000410,CUST_000245,Signatory,4.29
CUST_000072,CUST_000845,Director,98.73
CUST_000860,CUST_000487,Shareholder,21.99
CUST_000967,CUST_000257,Director,19.6
CUST_000501,CUST_000906,Director,80.23
CUST_000819,CUST_000863,Shareholder,42.91
CUST_000870,CUST_000260,Guarantor,20.75
CUST_000897,CUST_000601,Director,19.08
CUST_000592,CUST_000293,Director,15.81
CUST_000230,CUST_000262,Shareholder,44.6
CUST_000741,CUST_000610,Shareholder,6.76
CUST_000291,CUST_000091,Signatory,1.99
CUST_000973,CUST_000459,Director,81.35
CUST_000150,CUST_000920,Guarantor,56.27
CUST_000768,CUST_000507,Director,26.48
CUST_000320,CUST_000994,Signatory,9.4
CUST_000834,CUST_000478,Shareholder,69.34
CUST_000999,CUST_000141,Signatory,80.67
CUST_000086,CUST_000745,Guarantor,47.85
CUST_000667,CUST_000056,Signatory,81.53
CUST_000719,CUST_000157,Shareholder,89.96
CUST_000348,CUST_000166,Guarantor,44.37
CUST_000224,CUST_000952,Guarantor,93.38
CUST_000415,CUST_000533,Guarantor,16.46
CUST_000374,CUST_000316,Signatory,65.46
CUST_000238,CUST_000800,Shareholder,44.02
CUST_000534,CUST_000639,Guarantor,10.48
CUST_000174,CUST_000948,Shareholder,93.13
CUST_000686,CUST_000157,Shareholder,79.04
CUST_000252,CUST_000555,Guarantor,55.12
CUST_000557,CUST_000087,Director,74.6
CUST_000628,CUST_000315,Guarantor,48.5
CUST_000672,CUST_000214,Shareholder,58.97
CUST_000886,CUST_000775,Shareholder,21.05
CUST_000250,CUST_000640,Signatory,49.4
CUST_000889,CUST_000050,Director,21.29
CUST_000510,CUST_000431,Shareholder,96.23
CUST_000937,CUST_000623,Guarantor,44.59
CUST_000736,CUST_000318,Director,43.02
CUST_000805,CUST_000196,Guarantor,96.85
CUST_000962,CUST_000588,Director,94.78
CUST_000161,CUST_000567,Shareholder,73.89
CUST_000176,CUST_000671,Director,74.61
CUST_000411,CUST_000088,Guarantor,89.57
CUST_000391,CUST_000935,Guarantor,96.6
CUST_000944,CUST_000690,Signatory,88.38
CUST_000712,CUST_000984,Director,3.35
CUST_000900,CUST_000572,Guarantor,67.91
CUST_000670,CUST_000810,Signatory,95.69
CUST_000564,CUST_000691,Guarantor,23.32
CUST_000290,CUST_000237,Director,55.27
CUST_000441,CUST_000243,Guarantor,99.66
CUST_000866,CUST_000645,Guarantor,56.26
CUST_000900,CUST_000715,Director,33.29
CUST_000416,CUST_000399,Director,75.6
CUST_000524,CUST_000425,Signatory,98.85
CUST_000664,CUST_000793,Director,8.72
CUST_000618,CUST_000571,Director,13.38
CUST_000535,CUST_000892,Guarantor,58.86
CUST_000502,CUST_000426,Guarantor,76.36
CUST_000522,CUST_000436,Director,76.67
CUST_000242,CUST_000985,Shareholder,52.63
CUST_000338,CUST_000370,Director,96.76
CUST_000522,CUST_000085,Director,65.58
CUST_000864,CUST_000858,Director,48.19
CUST_000285,CUST_000783,Director,57.13
CUST_000141,CUST_000328,Signatory,81.04
CUST_000064,CUST_000331,Director,90.29
CUST_000094,CUST_000692,Guarantor,83.17
CUST_000834,CUST_000450,Shareholder,59.55
CUST_000618,CUST_000205,Shareholder,7.88
CUST_000152,CUST_000973,Director,73.19
CUST_000408,CUST_000146,Signatory,76.25
CUST_000306,CUST_000726,Shareholder,9.77
CUST_000245,CUST_000280,Director,32.17
CUST_000017,CUST_000787,Guarantor,9.36
CUST_000043,CUST_000435,Director,41.26
CUST_000569,CUST_000521,Signatory,54.43
CUST_000565,CUST_000660,Signatory,17.83
CUST_000289,CUST_000134,Signatory,60.52
CUST_000653,CUST_000589,Shareholder,76.9
CUST_000108,CUST_000188,Director,88.08
CUST_000043,CUST_000072,Director,86.71
CUST_000154,CUST_000544,Signatory,66.51
CUST_000063,CUST_000512,Guarantor,69.19
CUST_000222,CUST_000565,Signatory,12.38
CUST_000810,CUST_000719,Shareholder,22.78
CUST_000385,CUST_000437,Director,96.51
CUST_000565,CUST_000227,Signatory,99.92
CUST_000799,CUST_000378,Signatory,3.17
CUST_000292,CUST_000682,Guarantor,76.52
CUST_000609,CUST_000586,Signatory,63.48
CUST_000504,CUST_000919,Guarantor,4.13
CUST_000633,CUST_000708,Guarantor,58.29
CUST_000033,CUST_000882,Shareholder,59.57
CUST_000477,CUST_000452,Signatory,34.37
CUST_000672,CUST_000153,Signatory,92.17
CUST_000151,CUST_000765,Guarantor,99.47
CUST_000928,CUST_000969,Signatory,92.61
CUST_000281,CUST_000527,Director,1.5
CUST_000764,CUST_000634,Signatory,24.72
CUST_000808,CUST_000861,Guarantor,53.71
CUST_000355,CUST_000297,Guarantor,78.64
CUST_000040,CUST_000325,Shareholder,12.29
CUST_000698,CUST_000725,Guarantor,56.58
CUST_000005,CUST_000384,Director,23.28
CUST_000824,CUST_000695,Director,41.19
CUST_000400,CUST_000639,Director,93.85
CUST_000855,CUST_000637,Guarantor,36.54
CUST_000527,CUST_000273,Guarantor,62.24
CUST_000555,CUST_000720,Signatory,19.71
CUST_000535,CUST_000913,Director,8.59
CUST_000452,CUST_000246,Shareholder,91.58
CUST_000639,CUST_000226,Guarantor,99.2
CUST_000343,CUST_000146,Signatory,3.56
CUST_000345,CUST_000968,Guarantor,48.43
CUST_000979,CUST_000653,Signatory,6.31
CUST_000347,CUST_000825,Guarantor,55.49
CUST_000147,CUST_000550,Guarantor,77.67
CUST_000860,CUST_000840,Shareholder,46.25
CUST_000865,CUST_000454,Director,21.83
