watchlist_id,entity_name,list_source,category,added_date
WL_00000,Bad Actor 0,EU,Adverse Media,2025-07-28 22:32:31.119995
WL_00001,Bad Actor 1,UN,PEP,2025-05-29 22:32:31.120018
WL_00002,Bad Actor 2,HM_TREASURY,Sanctions,2024-03-03 22:32:31.120024
WL_00003,Bad Actor 3,HM_TREASURY,Adverse Media,2023-12-09 22:32:31.120028
WL_00004,Bad Actor 4,EU,PEP,2025-11-26 22:32:31.120031
WL_00005,Bad Actor 5,UN,Sanctions,2025-02-07 22:32:31.120035
WL_00006,Bad Actor 6,HM_TREASURY,PEP,2024-06-14 22:32:31.120038
WL_00007,Bad Actor 7,UN,Sanctions,2025-04-06 22:32:31.120041
WL_00008,Bad Actor 8,HM_TREASURY,Sanctions,2024-01-03 22:32:31.120043
WL_00009,Bad Actor 9,EU,Sanctions,2024-05-16 22:32:31.120046
WL_00010,Bad Actor 10,EU,PEP,2023-12-04 22:32:31.120049
WL_00011,Bad Actor 11,HM_TREASURY,PEP,2023-11-26 22:32:31.120051
WL_00012,Bad Actor 12,EU,PEP,2024-04-08 22:32:31.120054
WL_00013,Bad Actor 13,EU,Adverse Media,2023-12-23 22:32:31.120056
WL_00014,Bad Actor 14,HM_TREASURY,PEP,2025-09-23 22:32:31.120058
WL_00015,Bad Actor 15,OFAC,PEP,2024-02-06 22:32:31.120061
WL_00016,Bad Actor 16,OFAC,PEP,2024-08-03 22:32:31.120064
WL_00017,Bad Actor 17,OFAC,Adverse Media,2025-08-02 22:32:31.120067
WL_00018,Bad Actor 18,UN,Sanctions,2025-04-27 22:32:31.120069
WL_00019,Bad Actor 19,UN,Sanctions,2024-06-27 22:32:31.120072
WL_00020,Bad Actor 20,HM_TREASURY,PEP,2025-04-26 22:32:31.120076
WL_00021,Bad Actor 21,UN,PEP,2025-09-08 22:32:31.120080
WL_00022,Bad Actor 22,HM_TREASURY,Adverse Media,2024-08-30 22:32:31.120083
WL_00023,Bad Actor 23,UN,Sanctions,2025-06-03 22:32:31.120086
WL_00024,Bad Actor 24,HM_TREASURY,PEP,2025-02-14 22:32:31.120088
WL_00025,Bad Actor 25,HM_TREASURY,PEP,2023-10-13 22:32:31.120091
WL_00026,Bad Actor 26,UN,Sanctions,2023-09-12 22:32:31.120093
WL_00027,Bad Actor 27,HM_TREASURY,Adverse Media,2023-05-22 22:32:31.120096
WL_00028,Bad Actor 28,OFAC,PEP,2023-08-20 22:32:31.120098
WL_00029,Bad Actor 29,UN,PEP,2025-09-25 22:32:31.120100
WL_00030,Bad Actor 30,HM_TREASURY,PEP,2024-11-14 22:32:31.120103
WL_00031,Bad Actor 31,HM_TREASURY,Adverse Media,2025-12-10 22:32:31.120106
WL_00032,Bad Actor 32,UN,PEP,2024-12-08 22:32:31.120108
WL_00033,Bad Actor 33,HM_TREASURY,Sanctions,2026-01-30 22:32:31.120111
WL_00034,Bad Actor 34,OFAC,PEP,2024-11-11 22:32:31.120113
WL_00035,Bad Actor 35,UN,Adverse Media,2024-10-05 22:32:31.120116
WL_00036,Bad Actor 36,EU,PEP,2024-04-19 22:32:31.120118
WL_00037,Bad Actor 37,HM_TREASURY,Adverse Media,2024-01-28 22:32:31.120121
WL_00038,Bad Actor 38,UN,Sanctions,2024-04-17 22:32:31.120123
WL_00039,Bad Actor 39,HM_TREASURY,PEP,2025-11-26 22:32:31.120126
WL_00040,Bad Actor 40,EU,Adverse Media,2025-05-05 22:32:31.120128
WL_00041,Bad Actor 41,UN,PEP,2024-06-06 22:32:31.120131
WL_00042,Bad Actor 42,OFAC,PEP,2023-10-12 22:32:31.120133
WL_00043,Bad Actor 43,EU,PEP,2024-10-08 22:32:31.120135
WL_00044,Bad Actor 44,EU,Adverse Media,2025-01-01 22:32:31.120138
WL_00045,Bad Actor 45,EU,PEP,2025-04-18 22:32:31.120140
WL_00046,Bad Actor 46,EU,Adverse Media,2025-09-17 22:32:31.120142
WL_00047,Bad Actor 47,OFAC,Sanctions,2025-06-18 22:32:31.120145
WL_00048,Bad Actor 48,OFAC,Adverse Media,2025-01-01 22:32:31.120147
WL_00049,Bad Actor 49,HM_TREASURY,Sanctions,2024-05-24 22:32:31.120149
