account_id,party_id,account_type,status,currency,balance,open_date
ACC_000000000,CUST_000057,Investment,Active,GBP,1723.55,2022-12-27 10:58:01.829597
ACC_000000001,CUST_000095,Current,Active,GBP,6502.5,2022-05-24 10:58:01.829597
ACC_000000002,CUST_000000,Investment,Active,GBP,19568.56,2022-01-28 10:58:01.829597
ACC_000000003,CUST_000068,Corporate,Active,SGD,14120.09,2023-05-18 10:58:01.829597
ACC_000000004,CUST_000003,Corporate,Active,USD,10117.23,2025-03-27 10:58:01.829597
ACC_000000005,CUST_000015,Savings,Active,SGD,32784.23,2025-01-15 10:58:01.829597
ACC_000000006,CUST_000023,Investment,Active,SGD,29581.19,2024-06-10 10:58:01.829597
ACC_000000007,CUST_000079,Current,Active,GBP,4559.96,2024-11-19 10:58:01.829597
ACC_000000008,CUST_000001,Corporate,Active,EUR,52722.6,2020-09-03 10:58:01.829597
ACC_000000009,CUST_000091,Corporate,Active,EUR,17100.9,2025-10-11 10:58:01.829597
ACC_000000010,CUST_000031,Current,Dormant,SGD,33817.71,2022-11-09 10:58:01.829597
ACC_000000011,CUST_000090,Current,Active,SGD,21283.12,2021-12-24 10:58:01.829597
ACC_000000012,CUST_000083,Corporate,Active,GBP,151791.02,2023-01-24 10:58:01.829597
ACC_000000013,CUST_000023,Corporate,Active,SGD,34898.83,2025-10-06 10:58:01.829597
ACC_000000014,CUST_000011,Current,Active,GBP,30687.9,2021-11-29 10:58:01.829597
ACC_000000015,CUST_000049,Corporate,Active,EUR,37691.44,2024-05-06 10:58:01.829597
ACC_000000016,CUST_000034,Savings,Active,EUR,3861.67,2025-10-13 10:58:01.829597
ACC_000000017,CUST_000032,Savings,Active,USD,5721.01,2025-10-28 10:58:01.829597
ACC_000000018,CUST_000032,Current,Active,EUR,31299.69,2022-10-30 10:58:01.829597
ACC_000000019,CUST_000060,Investment,Active,SGD,17029.55,2023-06-07 10:58:01.829597
ACC_000000020,CUST_000050,Current,Active,EUR,35125.24,2023-04-15 10:58:01.829597
ACC_000000021,CUST_000042,Current,Active,GBP,2715.15,2020-12-13 10:58:01.829597
ACC_000000022,CUST_000011,Investment,Active,EUR,19222.72,2021-04-28 10:58:01.829597
ACC_000000023,CUST_000066,Investment,Active,USD,11903.42,2023-02-16 10:58:01.829597
ACC_000000024,CUST_000064,Investment,Active,EUR,15266.16,2025-03-22 10:58:01.829597
ACC_000000025,CUST_000032,Savings,Active,GBP,23155.87,2025-10-14 10:58:01.829597
ACC_000000026,CUST_000039,Corporate,Active,GBP,17443.36,2020-09-19 10:58:01.829597
ACC_000000027,CUST_000073,Savings,Active,SGD,19405.65,2023-04-04 10:58:01.829597
ACC_000000028,CUST_000042,Corporate,Active,EUR,16655.69,2025-08-27 10:58:01.829597
ACC_000000029,CUST_000043,Savings,Active,GBP,13146.59,2021-05-01 10:58:01.829597
ACC_000000030,CUST_000028,Corporate,Dormant,USD,36947.3,2025-01-23 10:58:01.829597
ACC_000000031,CUST_000012,Savings,Active,SGD,306.95,2025-09-20 10:58:01.829597
ACC_000000032,CUST_000011,Investment,Active,USD,22810.13,2022-10-08 10:58:01.829597
ACC_000000033,CUST_000094,Current,Active,EUR,20839.46,2025-09-21 10:58:01.829597
ACC_000000034,CUST_000045,Savings,Active,EUR,31485.3,2022-04-27 10:58:01.829597
ACC_000000035,CUST_000001,Corporate,Active,EUR,22846.68,2021-04-09 10:58:01.829597
ACC_000000036,CUST_000034,Investment,Active,SGD,43832.54,2024-10-14 10:58:01.829597
ACC_000000037,CUST_000086,Savings,Active,GBP,79900.22,2023-11-04 10:58:01.829597
ACC_000000038,CUST_000080,Savings,Active,SGD,10483.69,2025-06-07 10:58:01.829597
ACC_000000039,CUST_000089,Investment,Dormant,USD,6448.26,2020-10-28 10:58:01.829597
ACC_000000040,CUST_000007,Savings,Active,SGD,13773.7,2021-02-10 10:58:01.829597
ACC_000000041,CUST_000092,Current,Frozen,USD,8489.46,2022-11-29 10:58:01.829597
ACC_000000042,CUST_000025,Savings,Active,SGD,23859.57,2024-09-21 10:58:01.829597
ACC_000000043,CUST_000073,Current,Active,GBP,60718.56,2022-11-10 10:58:01.829597
ACC_000000044,CUST_000089,Current,Active,USD,3744.89,2022-10-09 10:58:01.829597
ACC_000000045,CUST_000033,Investment,Active,EUR,2656.1,2025-11-18 10:58:01.829597
ACC_000000046,CUST_000006,Savings,Active,EUR,7393.38,2022-08-19 10:58:01.829597
ACC_000000047,CUST_000067,Investment,Active,SGD,32374.4,2025-08-24 10:58:01.829597
ACC_000000048,CUST_000057,Savings,Active,EUR,22471.27,2023-10-03 10:58:01.829597
ACC_000000049,CUST_000074,Savings,Dormant,USD,2695.55,2022-06-02 10:58:01.829597
ACC_000000050,CUST_000028,Corporate,Active,EUR,62755.78,2022-10-31 10:58:01.829597
ACC_000000051,CUST_000035,Savings,Active,GBP,39026.27,2022-12-08 10:58:01.829597
ACC_000000052,CUST_000088,Investment,Active,GBP,582.29,2023-03-05 10:58:01.829597
ACC_000000053,CUST_000020,Current,Active,SGD,26343.4,2024-05-01 10:58:01.829597
ACC_000000054,CUST_000035,Savings,Active,USD,36877.77,2020-11-11 10:58:01.829597
ACC_000000055,CUST_000009,Corporate,Active,GBP,11727.52,2024-08-22 10:58:01.829597
ACC_000000056,CUST_000072,Investment,Active,GBP,1785.29,2024-12-16 10:58:01.829597
ACC_000000057,CUST_000023,Savings,Active,USD,2011.85,2022-05-08 10:58:01.829597
ACC_000000058,CUST_000063,Investment,Active,EUR,2752.26,2022-02-02 10:58:01.829597
ACC_000000059,CUST_000098,Corporate,Active,EUR,45883.32,2024-05-05 10:58:01.829597
ACC_000000060,CUST_000048,Corporate,Active,SGD,60389.98,2024-10-07 10:58:01.829597
ACC_000000061,CUST_000098,Investment,Active,EUR,3275.81,2024-08-13 10:58:01.829597
ACC_000000062,CUST_000035,Savings,Active,USD,6726.61,2023-11-20 10:58:01.829597
ACC_000000063,CUST_000081,Current,Active,GBP,4523.68,2025-05-15 10:58:01.829597
ACC_000000064,CUST_000095,Corporate,Active,EUR,5154.73,2022-05-04 10:58:01.829597
ACC_000000065,CUST_000023,Savings,Active,SGD,45425.52,2022-06-27 10:58:01.829597
ACC_000000066,CUST_000022,Savings,Active,EUR,10092.16,2024-06-03 10:58:01.829597
ACC_000000067,CUST_000061,Current,Active,USD,9328.98,2023-07-17 10:58:01.829597
ACC_000000068,CUST_000095,Corporate,Active,SGD,6449.7,2024-05-01 10:58:01.829597
ACC_000000069,CUST_000036,Corporate,Active,EUR,23405.6,2020-11-23 10:58:01.829597
ACC_000000070,CUST_000011,Savings,Active,SGD,11922.92,2021-11-21 10:58:01.829597
ACC_000000071,CUST_000054,Savings,Active,USD,34088.84,2020-11-09 10:58:01.829597
ACC_000000072,CUST_000012,Current,Active,GBP,5753.57,2025-09-12 10:58:01.829597
ACC_000000073,CUST_000022,Current,Active,USD,38754.46,2026-01-19 10:58:01.829597
ACC_000000074,CUST_000088,Corporate,Dormant,USD,23140.95,2023-07-15 10:58:01.829597
ACC_000000075,CUST_000098,Investment,Active,USD,3033.5,2022-08-15 10:58:01.829597
ACC_000000076,CUST_000029,Corporate,Active,USD,13382.42,2022-12-12 10:58:01.829597
ACC_000000077,CUST_000016,Savings,Active,GBP,49789.09,2025-07-18 10:58:01.829597
ACC_000000078,CUST_000061,Corporate,Active,GBP,64085.84,2025-09-10 10:58:01.829597
ACC_000000079,CUST_000083,Investment,Active,SGD,15669.95,2023-02-02 10:58:01.829597
ACC_000000080,CUST_000088,Current,Active,EUR,16388.43,2024-11-28 10:58:01.829597
ACC_000000081,CUST_000085,Investment,Active,GBP,62664.92,2023-04-08 10:58:01.829597
ACC_000000082,CUST_000012,Investment,Active,GBP,22111.82,2024-08-13 10:58:01.829597
ACC_000000083,CUST_000058,Investment,Active,EUR,834.96,2025-05-12 10:58:01.829597
ACC_000000084,CUST_000018,Current,Active,GBP,60974.29,2020-11-14 10:58:01.829597
ACC_000000085,CUST_000048,Investment,Active,USD,7133.0,2024-02-24 10:58:01.829597
ACC_000000086,CUST_000099,Investment,Active,USD,21546.96,2021-03-01 10:58:01.829597
ACC_000000087,CUST_000011,Investment,Active,EUR,4523.46,2025-09-20 10:58:01.829597
ACC_000000088,CUST_000060,Savings,Active,SGD,861.66,2021-03-05 10:58:01.829597
ACC_000000089,CUST_000018,Investment,Active,SGD,9330.02,2024-09-25 10:58:01.829597
ACC_000000090,CUST_000075,Current,Active,EUR,37909.58,2024-01-13 10:58:01.829597
ACC_000000091,CUST_000008,Investment,Active,EUR,8128.96,2024-07-04 10:58:01.829597
ACC_000000092,CUST_000070,Investment,Active,USD,6214.65,2025-03-21 10:58:01.829597
ACC_000000093,CUST_000027,Current,Active,SGD,5978.04,2023-08-25 10:58:01.829597
ACC_000000094,CUST_000077,Investment,Active,GBP,18099.11,2021-06-06 10:58:01.829597
ACC_000000095,CUST_000094,Current,Active,USD,92769.25,2023-01-22 10:58:01.829597
ACC_000000096,CUST_000051,Investment,Active,EUR,15357.89,2022-02-28 10:58:01.829597
ACC_000000097,CUST_000082,Current,Active,SGD,20371.88,2024-05-29 10:58:01.829597
ACC_000000098,CUST_000015,Investment,Frozen,GBP,49265.94,2022-09-04 10:58:01.829597
ACC_000000099,CUST_000068,Investment,Active,GBP,19146.7,2021-07-31 10:58:01.829597
ACC_000000100,CUST_000098,Savings,Dormant,USD,5097.71,2022-06-09 10:58:01.829597
ACC_000000101,CUST_000011,Savings,Active,SGD,8902.45,2023-02-20 10:58:01.829597
ACC_000000102,CUST_000024,Investment,Active,SGD,9274.31,2026-01-22 10:58:01.829597
ACC_000000103,CUST_000051,Investment,Active,EUR,12659.14,2022-05-12 10:58:01.829597
ACC_000000104,CUST_000084,Corporate,Active,SGD,13912.53,2021-07-10 10:58:01.830585
ACC_000000105,CUST_000099,Current,Active,SGD,40208.72,2022-12-30 10:58:01.830585
ACC_000000106,CUST_000052,Corporate,Active,USD,10746.01,2024-06-04 10:58:01.830585
ACC_000000107,CUST_000022,Savings,Active,SGD,15788.69,2020-11-17 10:58:01.830585
ACC_000000108,CUST_000015,Savings,Active,GBP,24519.13,2022-05-21 10:58:01.830585
ACC_000000109,CUST_000056,Savings,Active,USD,11859.37,2025-07-10 10:58:01.830585
ACC_000000110,CUST_000038,Savings,Active,USD,45283.47,2020-11-03 10:58:01.830585
ACC_000000111,CUST_000052,Investment,Active,EUR,22135.16,2021-03-07 10:58:01.830585
ACC_000000112,CUST_000041,Savings,Active,SGD,8705.08,2025-05-08 10:58:01.830585
ACC_000000113,CUST_000057,Investment,Active,EUR,31299.26,2024-08-15 10:58:01.830585
ACC_000000114,CUST_000038,Investment,Active,GBP,18750.76,2025-06-16 10:58:01.830585
ACC_000000115,CUST_000013,Savings,Active,USD,19113.71,2021-02-11 10:58:01.830585
ACC_000000116,CUST_000094,Savings,Active,USD,16400.52,2025-07-03 10:58:01.830585
ACC_000000117,CUST_000004,Current,Active,USD,17179.72,2021-12-10 10:58:01.830585
ACC_000000118,CUST_000034,Corporate,Active,GBP,36242.18,2023-01-01 10:58:01.830585
ACC_000000119,CUST_000086,Savings,Active,GBP,2716.97,2025-03-26 10:58:01.830585
ACC_000000120,CUST_000092,Current,Active,EUR,10175.26,2024-07-30 10:58:01.830585
ACC_000000121,CUST_000074,Current,Active,EUR,1962.65,2024-07-10 10:58:01.830585
ACC_000000122,CUST_000017,Corporate,Active,EUR,34984.1,2022-09-18 10:58:01.830585
ACC_000000123,CUST_000075,Investment,Active,SGD,7946.72,2024-12-03 10:58:01.830585
ACC_000000124,CUST_000008,Savings,Active,USD,56930.34,2022-01-30 10:58:01.830585
ACC_000000125,CUST_000073,Corporate,Active,USD,18694.23,2024-03-07 10:58:01.830585
ACC_000000126,CUST_000057,Savings,Active,EUR,40329.84,2024-12-18 10:58:01.830585
ACC_000000127,CUST_000016,Current,Active,USD,96499.33,2022-04-02 10:58:01.830585
ACC_000000128,CUST_000006,Current,Active,EUR,45781.56,2022-07-20 10:58:01.830585
ACC_000000129,CUST_000045,Investment,Active,SGD,50433.98,2021-04-28 10:58:01.830585
ACC_000000130,CUST_000012,Current,Active,SGD,13105.56,2024-08-16 10:58:01.830585
ACC_000000131,CUST_000039,Current,Active,GBP,20058.58,2023-04-09 10:58:01.830585
ACC_000000132,CUST_000041,Corporate,Active,SGD,7322.01,2023-05-14 10:58:01.830585
ACC_000000133,CUST_000008,Savings,Active,EUR,5457.42,2024-09-11 10:58:01.830585
ACC_000000134,CUST_000049,Savings,Active,SGD,17605.6,2021-01-10 10:58:01.830585
ACC_000000135,CUST_000026,Corporate,Active,GBP,22599.73,2021-01-05 10:58:01.830585
ACC_000000136,CUST_000065,Investment,Active,USD,10360.3,2021-05-12 10:58:01.830585
ACC_000000137,CUST_000004,Savings,Active,EUR,21066.92,2025-10-26 10:58:01.830585
ACC_000000138,CUST_000028,Current,Active,USD,54611.27,2025-08-02 10:58:01.830585
ACC_000000139,CUST_000036,Savings,Active,GBP,20338.93,2022-07-19 10:58:01.830585
ACC_000000140,CUST_000037,Current,Dormant,GBP,31896.84,2023-09-24 10:58:01.830585
ACC_000000141,CUST_000082,Investment,Active,GBP,40909.3,2021-06-15 10:58:01.830585
ACC_000000142,CUST_000007,Corporate,Active,USD,112137.57,2024-07-21 10:58:01.830585
ACC_000000143,CUST_000064,Savings,Active,USD,23107.91,2025-11-09 10:58:01.830585
ACC_000000144,CUST_000085,Corporate,Active,USD,41107.22,2026-01-31 10:58:01.830585
ACC_000000145,CUST_000016,Savings,Active,USD,82185.1,2024-03-26 10:58:01.830585
ACC_000000146,CUST_000070,Current,Active,GBP,72243.67,2021-10-12 10:58:01.830585
ACC_000000147,CUST_000088,Corporate,Active,GBP,3802.04,2025-05-16 10:58:01.830585
ACC_000000148,CUST_000044,Savings,Active,EUR,13038.42,2022-07-14 10:58:01.830585
ACC_000000149,CUST_000003,Current,Active,EUR,9788.69,2024-08-20 10:58:01.830585
