alert_id,party_id,alert_type,severity,status,created_at,assigned_to
ALT_000000,CUST_000054,Dormant Activation,Low,Escalated,2026-01-08 10:58:01.912224,Analyst_C
ALT_000001,CUST_000093,Rapid Movement,Low,Escalated,2025-11-19 10:58:01.912913,Unassigned
ALT_000002,CUST_000042,Wire Pattern,Low,Investigating,2025-12-12 10:58:01.912913,Analyst_C
ALT_000003,CUST_000060,Unusual Volume,Medium,Escalated,2025-12-24 10:58:01.912913,Analyst_B
ALT_000004,CUST_000037,Unusual Volume,Medium,Open,2026-01-30 10:58:01.912913,Unassigned
ALT_000005,CUST_000044,Sanctions Hit,Low,Investigating,2026-01-15 10:58:01.912913,Unassigned
ALT_000006,CUST_000050,Dormant Activation,Medium,Open,2026-02-03 10:58:01.912913,Unassigned
ALT_000007,CUST_000041,Unusual Volume,Medium,Closed,2026-01-08 10:58:01.912913,Analyst_B
ALT_000008,CUST_000023,Sanctions Hit,Critical,Open,2026-02-12 10:58:01.912913,Analyst_A
ALT_000009,CUST_000029,Unusual Volume,Low,Open,2026-02-01 10:58:01.912913,Unassigned
ALT_000010,CUST_000036,Structuring,Medium,Open,2025-12-16 10:58:01.912913,Analyst_C
ALT_000011,CUST_000052,Wire Pattern,Medium,Investigating,2026-01-13 10:58:01.912913,Analyst_A
ALT_000012,CUST_000062,Dormant Activation,High,Closed,2026-01-02 10:58:01.912913,Analyst_A
ALT_000013,CUST_000010,Structuring,Low,Closed,2025-12-24 10:58:01.912913,Analyst_A
ALT_000014,CUST_000077,Dormant Activation,Medium,Open,2026-01-12 10:58:01.912913,Unassigned
ALT_000015,CUST_000022,Rapid Movement,Low,Closed,2026-01-15 10:58:01.912913,Analyst_B
ALT_000016,CUST_000079,Large Cash,Medium,Closed,2025-12-01 10:58:01.912913,Analyst_B
ALT_000017,CUST_000049,Sanctions Hit,Low,Escalated,2026-01-15 10:58:01.912913,Unassigned
ALT_000018,CUST_000084,Dormant Activation,Medium,Closed,2025-12-13 10:58:01.912913,Analyst_C
ALT_000019,CUST_000054,Wire Pattern,Low,Open,2026-01-08 10:58:01.912913,Analyst_C
ALT_000020,CUST_000054,Dormant Activation,Medium,Escalated,2025-12-24 10:58:01.912913,Analyst_C
ALT_000021,CUST_000003,Dormant Activation,Medium,Investigating,2026-01-27 10:58:01.912913,Unassigned
ALT_000022,CUST_000096,Dormant Activation,Low,Open,2026-01-08 10:58:01.912913,Analyst_B
ALT_000023,CUST_000053,Unusual Volume,Low,Closed,2025-12-17 10:58:01.912913,Unassigned
ALT_000024,CUST_000060,Dormant Activation,Low,Escalated,2026-01-29 10:58:01.912913,Analyst_B
ALT_000025,CUST_000077,Unusual Volume,Low,Investigating,2025-12-08 10:58:01.912913,Analyst_A
ALT_000026,CUST_000082,Wire Pattern,Medium,Escalated,2025-11-25 10:58:01.912913,Unassigned
ALT_000027,CUST_000004,Wire Pattern,Low,Closed,2025-11-28 10:58:01.912913,Analyst_B
ALT_000028,CUST_000099,Dormant Activation,High,Closed,2025-12-23 10:58:01.912913,Analyst_A
ALT_000029,CUST_000094,Unusual Volume,Low,Closed,2026-02-11 10:58:01.912913,Analyst_A
