cust_id,customer_name,party_type,risk_rating,country_of_origin,kyc_status,total_transactions,total_amount,avg_amount,max_amount,account_count,total_balance,alert_count,case_count
CUST_000000,Sarah Johnson,Individual,Low,IN,Verified,21,21089.498,1004.26184,9921.549,1,19568.56,0,0
CUST_000001,Laura Thomas,Trust,Medium,KY,Verified,31,38882.87,1254.2861,9980.869,2,75569.28,0,0
CUST_000002,Joseph Rodriguez,Corporate,Low,SG,Pending,0,0.0,0.0,0.0,0,0.0,0,0
CUST_000003,Michael Nguyen,Individual,Low,US,Verified,40,48170.875,1204.2719,9922.407,2,19905.922,1,0
CUST_000004,Linda Ali,Individual,High,IN,Verified,44,64329.992,1462.0453,9929.298,2,38246.64,1,0
CUST_000005,Emma Williams,Individual,Low,KY,Verified,0,0.0,0.0,0.0,0,0.0,0,0
CUST_000006,Mary Garcia,Individual,Low,DE,Expired,50,54827.562,1096.5513,9979.635,2,53174.938,0,0
CUST_000007,Amanda Anderson,Corporate,Medium,IN,Verified,44,36615.52,832.1709,4845.41,2,125911.27,0,0
CUST_000008,Raj Abbas,Individual,Low,KY,Verified,64,71801.95,1121.9055,9937.2,3,70516.72,0,1
CUST_000009,Mary Singh,Corporate,Low,DE,Verified,16,17857.139,1116.0712,3309.89,1,11727.52,0,0
CUST_000010,Richard Nguyen,Individual,Low,SG,Verified,0,0.0,0.0,0.0,0,0.0,1,0
CUST_000011,Joshua Anderson,Trust,Low,IN,Expired,98,126422.92,1290.0298,9979.865,6,98069.58,0,0
CUST_000012,Anthony Ali,Corporate,High,DE,Verified,81,122434.484,1511.5369,9967.47,4,41277.9,0,0
CUST_000013,Laura Smith,Individual,Medium,US,Verified,20,27669.64,1383.482,9906.35,1,19113.71,0,0
CUST_000014,William Ramirez,Individual,Medium,SG,Pending,0,0.0,0.0,0.0,0,0.0,0,0
CUST_000015,Hannah Moore,Individual,Medium,US,Verified,61,56196.69,921.25726,2952.28,3,106569.305,0,0
CUST_000016,Jessica Wilson,Individual,Medium,VG,Verified,51,59358.71,1163.8962,4671.6,3,228473.53,0,0
CUST_000017,Hannah Miller,Individual,Low,UK,Verified,20,20009.3,1000.465,3570.04,1,34984.1,0,0
CUST_000018,Linda Harris,Individual,Medium,IN,Verified,34,43015.242,1265.1542,6096.55,2,70304.31,0,0
CUST_000019,Michael Thompson,Individual,Low,DE,Verified,0,0.0,0.0,0.0,0,0.0,0,1
CUST_000020,Matthew Abbas,Individual,Medium,UK,Pending,26,27244.02,1047.8469,7525.2,1,26343.4,0,1
CUST_000021,Thomas Williams,Individual,Medium,UK,Pending,0,0.0,0.0,0.0,0,0.0,0,0
CUST_000022,Grace Nguyen,Individual,Low,DE,Pending,62,52527.9,847.2242,3969.54,3,64635.312,1,0
CUST_000023,Sarah Harris,Individual,Low,SG,Expired,76,90300.016,1188.1581,9967.341,4,111917.39,1,1
CUST_000024,Linda Singh,Individual,Low,IN,Verified,17,26340.373,1549.4337,9900.603,1,9274.31,0,0
CUST_000025,Christopher Tanaka,Corporate,Low,VG,Verified,13,15134.6,1164.2,3161.35,1,23859.57,0,1
CUST_000026,Olivia Kumar,Individual,Medium,US,Pending,20,17375.54,868.777,3592.17,1,22599.73,0,0
CUST_000027,Richard Jones,Individual,Medium,KY,Verified,14,11902.14,850.15283,2573.49,1,5978.04,0,0
CUST_000028,Robert Anderson,Individual,Low,US,Verified,52,54901.637,1055.8007,9986.809,3,154314.34,0,0
CUST_000029,Christopher Garcia,Individual,Low,KY,Pending,15,16875.379,1125.0253,3402.38,1,13382.42,1,0
CUST_000030,Joseph Miller,Individual,Low,US,Pending,0,0.0,0.0,0.0,0,0.0,0,0
CUST_000031,Andrew Moore,Individual,Low,DE,Verified,20,19289.42,964.471,2526.23,1,33817.71,0,0
CUST_000032,Grace White,Individual,Low,VG,Verified,51,51063.07,1001.2367,5662.54,3,60176.57,0,0
CUST_000033,William White,Trust,Low,IN,Verified,26,15354.69,590.565,2864.4,1,2656.1,0,0
CUST_000034,Matthew Wilson,Trust,High,KY,Verified,72,71306.37,990.3662,4117.3,3,83936.39,0,0
CUST_000035,Laura Jones,Corporate,Low,IN,Verified,54,53894.47,998.0457,4894.8,3,82630.65,0,0
CUST_000036,Carlos Hernandez,Individual,Low,IN,Verified,31,38192.684,1232.0221,9922.965,2,43744.53,1,0
CUST_000037,Wei Thomas,Individual,Medium,IN,Verified,27,25452.05,942.6685,3510.46,1,31896.84,1,0
CUST_000038,William Robinson,Individual,Low,JP,Verified,33,51533.65,1561.6257,9982.184,2,64034.227,0,0
CUST_000039,Andrew Moore,Individual,High,SG,Verified,34,43172.36,1269.7753,9998.0205,2,37501.938,0,1
CUST_000040,Mei Anderson,Individual,High,US,Verified,0,0.0,0.0,0.0,0,0.0,0,0
CUST_000041,Daniel Brown,Individual,Low,IN,Verified,44,72495.46,1647.6241,9928.6,2,16027.09,1,0
CUST_000042,Joseph Williams,Individual,Low,US,Pending,45,47645.14,1058.7809,3753.36,2,19370.84,1,0
CUST_000043,Daniel Sanchez,Trust,Low,IN,Verified,15,14240.67,949.378,3792.31,1,13146.59,0,0
CUST_000044,Laura Jones,Individual,Low,KY,Verified,32,25929.58,810.2994,3212.54,1,13038.42,1,0
CUST_000045,Amanda Kumar,Individual,Low,SG,Verified,38,27110.58,713.43634,2724.68,2,81919.28,0,0
CUST_000046,Daniel Wilson,Individual,Medium,SG,Pending,0,0.0,0.0,0.0,0,0.0,0,0
CUST_000047,Chloe Sanchez,Individual,Low,DE,Verified,0,0.0,0.0,0.0,0,0.0,0,0
CUST_000048,Grace Martinez,Individual,Low,JP,Verified,45,73784.97,1639.666,9934.596,2,67522.984,0,0
CUST_000049,Thomas Rodriguez,Individual,Low,DE,Verified,31,29000.02,935.4845,3403.23,2,55297.04,1,0
CUST_000050,Rachel Singh,Trust,High,DE,Verified,27,36982.996,1369.7406,9901.526,1,35125.24,1,0
CUST_000051,Wei Taylor,Corporate,Low,DE,Verified,36,34390.96,955.30444,4046.77,2,28017.03,0,0
CUST_000052,Fatima Ramirez,Trust,Low,DE,Verified,36,34652.94,962.5817,3750.32,2,32881.17,1,0
CUST_000053,Fatima Sanchez,Corporate,Low,DE,Verified,0,0.0,0.0,0.0,0,0.0,1,0
CUST_000054,Olivia Anderson,Individual,High,VG,Verified,21,35657.87,1697.9939,9977.391,1,34088.84,3,0
CUST_000055,David Wang,Trust,Low,SG,Expired,0,0.0,0.0,0.0,0,0.0,0,1
CUST_000056,Chloe Garcia,Individual,Medium,DE,Verified,16,9534.08,595.88,1780.93,1,11859.37,0,0
CUST_000057,Jennifer Davis,Individual,Medium,IN,Verified,80,91318.58,1141.4822,4903.82,4,95823.92,0,0
CUST_000058,Jessica Hernandez,Individual,Low,SG,Pending,28,26426.08,943.7886,3315.53,1,834.96,0,0
CUST_000059,Emma Abbas,Individual,Medium,SG,Verified,0,0.0,0.0,0.0,0,0.0,0,1
CUST_000060,John Harris,Individual,Low,UK,Verified,38,37457.99,985.7365,9926.937,2,17891.21,2,0
CUST_000061,Andrew Abbas,Individual,Medium,VG,Verified,43,47826.18,1112.2367,5419.11,2,73414.82,0,0
CUST_000062,Grace Kim,Corporate,Medium,DE,Verified,0,0.0,0.0,0.0,0,0.0,1,0
CUST_000063,Thomas Singh,Individual,Low,US,Expired,28,50596.992,1807.0354,9968.802,1,2752.26,0,0
CUST_000064,James Davis,Individual,Low,KY,Pending,40,58111.184,1452.7795,9998.832,2,38374.07,0,1
CUST_000065,Wei Moore,Individual,Medium,JP,Verified,22,20802.13,945.5514,9938.95,1,10360.3,0,0
CUST_000066,Hannah Davis,Individual,Low,IN,Verified,17,24368.5,1433.4412,4433.24,1,11903.42,0,0
CUST_000067,Christopher Ramirez,Corporate,Low,US,Verified,20,17330.23,866.51154,3985.75,1,32374.4,0,0
CUST_000068,William Robinson,Individual,Low,VG,Verified,44,56428.99,1282.477,9914.817,2,33266.79,0,0
CUST_000069,James Taylor,Trust,Low,KY,Verified,0,0.0,0.0,0.0,0,0.0,0,0
CUST_000070,Raj Lopez,Corporate,Medium,VG,Verified,53,93645.75,1766.901,9983.168,2,78458.32,0,0
CUST_000071,Raj Miller,Individual,Low,IN,Verified,0,0.0,0.0,0.0,0,0.0,0,0
CUST_000072,Megan Wang,Individual,Low,SG,Verified,27,28443.033,1053.4457,9973.144,1,1785.29,0,1
CUST_000073,Carlos Gonzalez,Corporate,Low,KY,Verified,57,59695.13,1047.283,9921.05,3,98818.44,0,0
CUST_000074,Jessica White,Corporate,Medium,SG,Expired,35,46197.88,1319.9395,7339.0,2,4658.2,0,0
CUST_000075,William Nguyen,Corporate,Low,IN,Verified,40,36006.09,900.1522,3306.62,2,45856.297,0,0
CUST_000076,Priya Smith,Corporate,Medium,US,Verified,0,0.0,0.0,0.0,0,0.0,0,0
CUST_000077,Carlos Lee,Individual,Low,IN,Verified,10,6137.52,613.752,2824.98,1,18099.11,2,0
CUST_000078,Chloe Johnson,Individual,High,US,Verified,0,0.0,0.0,0.0,0,0.0,0,0
CUST_000079,Sarah White,Individual,Low,KY,Verified,29,38860.23,1340.0079,9920.941,1,4559.96,1,0
CUST_000080,Megan Thomas,Corporate,Low,KY,Verified,29,30183.81,1040.821,4108.48,1,10483.69,0,0
CUST_000081,Jennifer Thomas,Individual,Low,DE,Pending,20,36015.543,1800.7771,9928.941,1,4523.68,0,0
CUST_000082,Ahmed Garcia,Individual,High,VG,Verified,42,63145.53,1503.4651,9950.278,2,61281.18,1,0
CUST_000083,Linda Chen,Individual,Medium,DE,Verified,41,54928.332,1339.7155,9942.062,2,167460.97,0,0
CUST_000084,John Nguyen,Individual,Low,VG,Verified,17,16898.9,994.053,2756.61,1,13912.53,1,0
CUST_000085,David Rodriguez,Individual,Medium,DE,Verified,51,62531.246,1226.1029,9984.458,2,103772.14,0,0
CUST_000086,Kevin Singh,Corporate,Medium,SG,Pending,46,52551.54,1142.4248,5792.42,2,82617.19,0,0
CUST_000087,William Taylor,Individual,Low,KY,Verified,0,0.0,0.0,0.0,0,0.0,0,0
CUST_000088,Priya Abbas,Corporate,Low,US,Verified,76,113679.85,1495.7875,9998.225,4,43913.707,0,0
CUST_000089,Emma Wilson,Individual,Low,VG,Verified,37,50794.34,1372.82,9946.39,2,10193.149,0,0
CUST_000090,Wei Gonzalez,Individual,Low,IN,Verified,29,31664.121,1091.8662,9929.752,1,21283.12,0,0
CUST_000091,Megan Sanchez,Corporate,Medium,VG,Verified,19,38029.504,2001.5529,9977.001,1,17100.9,0,0
CUST_000092,Olivia Lewis,Corporate,High,US,Verified,32,20543.48,641.98376,3172.9,2,18664.719,0,0
CUST_000093,Priya Lewis,Individual,Medium,DE,Verified,0,0.0,0.0,0.0,0,0.0,1,0
CUST_000094,Sarah Thomas,Corporate,Low,VG,Verified,52,48208.863,927.0935,9954.582,3,130009.234,1,0
CUST_000095,Joseph Jones,Individual,Low,JP,Verified,67,72230.74,1078.0708,9937.06,3,18106.93,0,0
CUST_000096,Hannah Johnson,Individual,Medium,SG,Verified,0,0.0,0.0,0.0,0,0.0,1,0
CUST_000097,Fatima Singh,Individual,Medium,KY,Verified,0,0.0,0.0,0.0,0,0.0,0,0
CUST_000098,Joseph Ali,Individual,Medium,US,Verified,89,107597.99,1208.9662,9964.836,4,57290.34,0,0
CUST_000099,Joseph Smith,Individual,Medium,KY,Verified,38,34598.16,910.4779,5891.76,2,61755.68,1,0
