case_id,party_id,case_type,status,priority,opened_date,investigator
CASE_000000,CUST_000039,Internal Review,Closed - Filed,P2,2025-12-31 10:58:01.918148,Inv_Lead
CASE_000001,CUST_000064,Regulatory,Closed - Filed,P3,2026-01-10 10:58:01.918148,Inv_Senior
CASE_000002,CUST_000020,STR,In Progress,P2,2026-02-04 10:58:01.918148,Inv_Junior
CASE_000003,CUST_000023,Regulatory,Open,P3,2025-12-21 10:58:01.918148,Inv_Senior
CASE_000004,CUST_000072,STR,Open,P3,2026-01-02 10:58:01.918148,Inv_Senior
CASE_000005,CUST_000059,Internal Review,Closed - Filed,P3,2026-02-08 10:58:01.918148,Inv_Junior
CASE_000006,CUST_000025,Regulatory Filing,Closed - Filed,P2,2025-10-20 10:58:01.918148,Inv_Lead
CASE_000007,CUST_000008,STR,In Progress,P2,2025-12-13 10:58:01.918148,Inv_Junior
CASE_000008,CUST_000019,Regulatory Filing,Closed - Filed,P2,2026-01-07 10:58:01.918148,Inv_Junior
CASE_000009,CUST_000055,Regulatory Filing,Closed - No Action,P2,2025-08-21 10:58:01.918148,Inv_Senior
