feature_name,data_type,description,is_pii,source_table,format
cust_id,categorical,Feature: cust_id,False,BASE,object
customer_name,categorical,Feature: customer_name,True,BASE,object
party_type,categorical,Feature: party_type,False,BASE,object
risk_rating,categorical,Feature: risk_rating,False,BASE,object
country_of_origin,categorical,Feature: country_of_origin,False,BASE,object
kyc_status,categorical,Feature: kyc_status,False,BASE,object
total_transactions,numeric,Feature: total_transactions,False,BASE,int32
total_amount,numeric,Feature: total_amount,False,BASE,float32
avg_amount,numeric,Feature: avg_amount,False,BASE,float32
max_amount,numeric,Feature: max_amount,False,BASE,float32
account_count,numeric,Feature: account_count,False,BASE,int32
total_balance,numeric,Feature: total_balance,False,BASE,float32
alert_count,numeric,Feature: alert_count,False,BASE,int32
case_count,numeric,Feature: case_count,False,BASE,int32
