algorithm,feature,required
IsolationForest,total_transactions,True
IsolationForest,total_amount,True
IsolationForest,avg_amount,True
IsolationForest,max_amount,True
IsolationForest,account_count,True
IsolationForest,total_balance,True
IsolationForest,alert_count,True
IsolationForest,case_count,True
LocalOutlierFactor,total_transactions,True
LocalOutlierFactor,total_amount,True
LocalOutlierFactor,avg_amount,True
LocalOutlierFactor,max_amount,True
LocalOutlierFactor,account_count,True
LocalOutlierFactor,total_balance,True
LocalOutlierFactor,alert_count,True
LocalOutlierFactor,case_count,True
DBSCAN,total_transactions,True
DBSCAN,total_amount,True
DBSCAN,avg_amount,True
DBSCAN,max_amount,True
DBSCAN,account_count,True
DBSCAN,total_balance,True
DBSCAN,alert_count,True
DBSCAN,case_count,True
StatisticalZScore,total_transactions,True
StatisticalZScore,total_amount,True
StatisticalZScore,avg_amount,True
StatisticalZScore,max_amount,True
StatisticalZScore,account_count,True
StatisticalZScore,total_balance,True
StatisticalZScore,alert_count,True
StatisticalZScore,case_count,True
