party_id,customer_name,party_type,risk_rating,country_of_origin,kyc_status,onboarding_date
CUST_000000,Sarah Johnson,Individual,Low,IN,Verified,2025-04-23 10:58:01.815567
CUST_000001,Laura Thomas,Trust,Medium,KY,Verified,2018-03-02 10:58:01.815567
CUST_000002,Joseph Rodriguez,Corporate,Low,SG,Pending,2019-01-11 10:58:01.815567
CUST_000003,Michael Nguyen,Individual,Low,US,Verified,2025-06-11 10:58:01.815567
CUST_000004,Linda Ali,Individual,High,IN,Verified,2023-07-16 10:58:01.815567
CUST_000005,Emma Williams,Individual,Low,KY,Verified,2025-05-07 10:58:01.815567
CUST_000006,Mary Garcia,Individual,Low,DE,Expired,2025-10-02 10:58:01.815567
CUST_000007,Amanda Anderson,Corporate,Medium,IN,Verified,2016-06-18 10:58:01.815567
CUST_000008,Raj Abbas,Individual,Low,KY,Verified,2022-05-26 10:58:01.815567
CUST_000009,Mary Singh,Corporate,Low,DE,Verified,2025-04-23 10:58:01.815567
CUST_000010,Richard Nguyen,Individual,Low,SG,Verified,2020-05-04 10:58:01.815567
CUST_000011,Joshua Anderson,Trust,Low,IN,Expired,2023-06-09 10:58:01.815567
CUST_000012,Anthony Ali,Corporate,High,DE,Verified,2022-12-25 10:58:01.815567
CUST_000013,Laura Smith,Individual,Medium,US,Verified,2018-08-08 10:58:01.815567
CUST_000014,William Ramirez,Individual,Medium,SG,Pending,2020-08-29 10:58:01.815567
CUST_000015,Hannah Moore,Individual,Medium,US,Verified,2023-09-14 10:58:01.815567
CUST_000016,Jessica Wilson,Individual,Medium,VG,Verified,2020-01-22 10:58:01.815567
CUST_000017,Hannah Miller,Individual,Low,UK,Verified,2024-08-15 10:58:01.815567
CUST_000018,Linda Harris,Individual,Medium,IN,Verified,2017-12-29 10:58:01.815567
CUST_000019,Michael Thompson,Individual,Low,DE,Verified,2016-03-17 10:58:01.815567
CUST_000020,Matthew Abbas,Individual,Medium,UK,Pending,2019-09-14 10:58:01.815567
CUST_000021,Thomas Williams,Individual,Medium,UK,Pending,2019-08-23 10:58:01.815567
CUST_000022,Grace Nguyen,Individual,Low,DE,Pending,2020-10-20 10:58:01.815567
CUST_000023,Sarah Harris,Individual,Low,SG,Expired,2023-05-19 10:58:01.815567
CUST_000024,Linda Singh,Individual,Low,IN,Verified,2017-04-22 10:58:01.815567
CUST_000025,Christopher Tanaka,Corporate,Low,VG,Verified,2020-10-19 10:58:01.815567
CUST_000026,Olivia Kumar,Individual,Medium,US,Pending,2017-01-18 10:58:01.815567
CUST_000027,Richard Jones,Individual,Medium,KY,Verified,2021-07-16 10:58:01.815567
CUST_000028,Robert Anderson,Individual,Low,US,Verified,2023-12-21 10:58:01.815567
CUST_000029,Christopher Garcia,Individual,Low,KY,Pending,2025-01-17 10:58:01.815567
CUST_000030,Joseph Miller,Individual,Low,US,Pending,2025-01-06 10:58:01.815567
CUST_000031,Andrew Moore,Individual,Low,DE,Verified,2018-09-18 10:58:01.815567
CUST_000032,Grace White,Individual,Low,VG,Verified,2021-04-09 10:58:01.815567
CUST_000033,William White,Trust,Low,IN,Verified,2022-02-17 10:58:01.815567
CUST_000034,Matthew Wilson,Trust,High,KY,Verified,2021-05-10 10:58:01.815567
CUST_000035,Laura Jones,Corporate,Low,IN,Verified,2021-06-30 10:58:01.815567
CUST_000036,Carlos Hernandez,Individual,Low,IN,Verified,2020-11-13 10:58:01.815567
CUST_000037,Wei Thomas,Individual,Medium,IN,Verified,2016-06-01 10:58:01.815567
CUST_000038,William Robinson,Individual,Low,JP,Verified,2017-12-05 10:58:01.815567
CUST_000039,Andrew Moore,Individual,High,SG,Verified,2025-07-01 10:58:01.815567
CUST_000040,Mei Anderson,Individual,High,US,Verified,2018-07-21 10:58:01.815567
CUST_000041,Daniel Brown,Individual,Low,IN,Verified,2018-10-11 10:58:01.815567
CUST_000042,Joseph Williams,Individual,Low,US,Pending,2018-11-10 10:58:01.815567
CUST_000043,Daniel Sanchez,Trust,Low,IN,Verified,2024-12-31 10:58:01.815567
CUST_000044,Laura Jones,Individual,Low,KY,Verified,2025-06-04 10:58:01.815567
CUST_000045,Amanda Kumar,Individual,Low,SG,Verified,2021-08-03 10:58:01.815567
CUST_000046,Daniel Wilson,Individual,Medium,SG,Pending,2017-12-09 10:58:01.815567
CUST_000047,Chloe Sanchez,Individual,Low,DE,Verified,2022-04-20 10:58:01.815567
CUST_000048,Grace Martinez,Individual,Low,JP,Verified,2017-02-15 10:58:01.815567
CUST_000049,Thomas Rodriguez,Individual,Low,DE,Verified,2016-06-10 10:58:01.815567
CUST_000050,Rachel Singh,Trust,High,DE,Verified,2024-11-17 10:58:01.815567
CUST_000051,Wei Taylor,Corporate,Low,DE,Verified,2023-04-26 10:58:01.815567
CUST_000052,Fatima Ramirez,Trust,Low,DE,Verified,2023-12-16 10:58:01.815567
CUST_000053,Fatima Sanchez,Corporate,Low,DE,Verified,2023-12-21 10:58:01.815567
CUST_000054,Olivia Anderson,Individual,High,VG,Verified,2020-02-03 10:58:01.815567
CUST_000055,David Wang,Trust,Low,SG,Expired,2021-01-27 10:58:01.815567
CUST_000056,Chloe Garcia,Individual,Medium,DE,Verified,2024-07-13 10:58:01.815567
CUST_000057,Jennifer Davis,Individual,Medium,IN,Verified,2021-05-16 10:58:01.815567
CUST_000058,Jessica Hernandez,Individual,Low,SG,Pending,2024-01-18 10:58:01.815567
CUST_000059,Emma Abbas,Individual,Medium,SG,Verified,2022-12-25 10:58:01.815567
CUST_000060,John Harris,Individual,Low,UK,Verified,2020-12-01 10:58:01.815567
CUST_000061,Andrew Abbas,Individual,Medium,VG,Verified,2023-04-21 10:58:01.815567
CUST_000062,Grace Kim,Corporate,Medium,DE,Verified,2016-04-19 10:58:01.815567
CUST_000063,Thomas Singh,Individual,Low,US,Expired,2025-04-05 10:58:01.815567
CUST_000064,James Davis,Individual,Low,KY,Pending,2021-02-18 10:58:01.815567
CUST_000065,Wei Moore,Individual,Medium,JP,Verified,2017-01-16 10:58:01.815567
CUST_000066,Hannah Davis,Individual,Low,IN,Verified,2016-06-11 10:58:01.815567
CUST_000067,Christopher Ramirez,Corporate,Low,US,Verified,2016-07-03 10:58:01.815567
CUST_000068,William Robinson,Individual,Low,VG,Verified,2019-12-07 10:58:01.815567
CUST_000069,James Taylor,Trust,Low,KY,Verified,2025-01-02 10:58:01.815567
CUST_000070,Raj Lopez,Corporate,Medium,VG,Verified,2025-07-15 10:58:01.815567
CUST_000071,Raj Miller,Individual,Low,IN,Verified,2018-10-16 10:58:01.815567
CUST_000072,Megan Wang,Individual,Low,SG,Verified,2020-01-16 10:58:01.815567
CUST_000073,Carlos Gonzalez,Corporate,Low,KY,Verified,2016-09-23 10:58:01.815567
CUST_000074,Jessica White,Corporate,Medium,SG,Expired,2025-12-09 10:58:01.815567
CUST_000075,William Nguyen,Corporate,Low,IN,Verified,2025-01-21 10:58:01.815567
CUST_000076,Priya Smith,Corporate,Medium,US,Verified,2017-08-27 10:58:01.815567
CUST_000077,Carlos Lee,Individual,Low,IN,Verified,2016-08-02 10:58:01.815567
CUST_000078,Chloe Johnson,Individual,High,US,Verified,2023-06-15 10:58:01.815567
CUST_000079,Sarah White,Individual,Low,KY,Verified,2024-03-28 10:58:01.815567
CUST_000080,Megan Thomas,Corporate,Low,KY,Verified,2021-07-19 10:58:01.815567
CUST_000081,Jennifer Thomas,Individual,Low,DE,Pending,2020-08-28 10:58:01.815567
CUST_000082,Ahmed Garcia,Individual,High,VG,Verified,2020-09-15 10:58:01.815567
CUST_000083,Linda Chen,Individual,Medium,DE,Verified,2023-09-16 10:58:01.815567
CUST_000084,John Nguyen,Individual,Low,VG,Verified,2016-05-29 10:58:01.815567
CUST_000085,David Rodriguez,Individual,Medium,DE,Verified,2021-08-10 10:58:01.815567
CUST_000086,Kevin Singh,Corporate,Medium,SG,Pending,2025-06-12 10:58:01.815567
CUST_000087,William Taylor,Individual,Low,KY,Verified,2024-04-04 10:58:01.815567
CUST_000088,Priya Abbas,Corporate,Low,US,Verified,2021-11-08 10:58:01.815567
CUST_000089,Emma Wilson,Individual,Low,VG,Verified,2026-01-30 10:58:01.815567
CUST_000090,Wei Gonzalez,Individual,Low,IN,Verified,2021-09-22 10:58:01.815567
CUST_000091,Megan Sanchez,Corporate,Medium,VG,Verified,2023-02-17 10:58:01.815567
CUST_000092,Olivia Lewis,Corporate,High,US,Verified,2017-04-24 10:58:01.815567
CUST_000093,Priya Lewis,Individual,Medium,DE,Verified,2017-04-20 10:58:01.815567
CUST_000094,Sarah Thomas,Corporate,Low,VG,Verified,2021-01-01 10:58:01.815567
CUST_000095,Joseph Jones,Individual,Low,JP,Verified,2022-11-27 10:58:01.815567
CUST_000096,Hannah Johnson,Individual,Medium,SG,Verified,2021-05-12 10:58:01.815567
CUST_000097,Fatima Singh,Individual,Medium,KY,Verified,2018-04-17 10:58:01.815567
CUST_000098,Joseph Ali,Individual,Medium,US,Verified,2017-11-29 10:58:01.815567
CUST_000099,Joseph Smith,Individual,Medium,KY,Verified,2017-04-27 10:58:01.815567
