kyc_id,party_id,verification_status,risk_score,last_review,next_review,doc_type,reviewer
KYC_000000,CUST_000000,Verified,0.875,2025-06-23 10:58:01.921150,2026-08-24 10:58:01.922145,National ID,KYC_Team_1
KYC_000001,CUST_000001,Verified,0.213,2025-07-09 10:58:01.921150,2027-01-21 10:58:01.922145,Driving License,KYC_Team_2
KYC_000002,CUST_000002,Pending Review,0.325,2025-12-20 10:58:01.921150,2026-05-25 10:58:01.922145,National ID,KYC_Team_2
KYC_000003,CUST_000003,Verified,0.151,2025-06-09 10:58:01.921150,2026-09-18 10:58:01.922145,Passport,KYC_Team_1
KYC_000004,CUST_000004,Verified,0.621,2026-01-28 10:58:01.921150,2026-05-07 10:58:01.922145,National ID,KYC_Team_1
KYC_000005,CUST_000005,Verified,0.42,2025-07-06 10:58:01.921150,2026-09-23 10:58:01.922145,Driving License,KYC_Team_2
KYC_000006,CUST_000006,Verified,0.613,2025-08-19 10:58:01.921150,2026-12-06 10:58:01.922145,Driving License,KYC_Team_2
KYC_000007,CUST_000007,Verified,0.762,2025-02-19 10:58:01.921150,2026-06-29 10:58:01.922145,Passport,KYC_Team_1
KYC_000008,CUST_000008,Verified,0.546,2025-05-06 10:58:01.921150,2026-11-24 10:58:01.922145,Utility Bill,KYC_Team_2
KYC_000009,CUST_000009,Pending Review,0.628,2025-06-14 10:58:01.921150,2026-11-02 10:58:01.922145,Passport,KYC_Team_2
KYC_000010,CUST_000010,Pending Review,0.935,2025-06-28 10:58:01.921150,2026-10-03 10:58:01.922145,Passport,Auto_Verified
KYC_000011,CUST_000011,Verified,0.299,2025-06-10 10:58:01.921150,2026-11-17 10:58:01.922145,Driving License,Auto_Verified
KYC_000012,CUST_000012,Verified,0.359,2025-12-22 10:58:01.921150,2026-08-03 10:58:01.922145,National ID,Auto_Verified
KYC_000013,CUST_000013,Verified,0.718,2025-12-04 10:58:01.921150,2027-01-01 10:58:01.922145,National ID,Auto_Verified
KYC_000014,CUST_000014,Verified,0.611,2025-12-16 10:58:01.921150,2027-01-20 10:58:01.922145,Utility Bill,Auto_Verified
KYC_000015,CUST_000015,Verified,0.179,2025-08-23 10:58:01.921150,2026-10-21 10:58:01.922145,Utility Bill,KYC_Team_2
KYC_000016,CUST_000016,Verified,0.376,2026-01-01 10:58:01.921150,2026-05-04 10:58:01.922145,Utility Bill,KYC_Team_2
KYC_000017,CUST_000017,Verified,0.468,2025-11-05 10:58:01.921150,2026-10-21 10:58:01.922145,Utility Bill,Auto_Verified
KYC_000018,CUST_000018,Pending Review,0.419,2025-09-25 10:58:01.921150,2026-09-23 10:58:01.922145,Passport,KYC_Team_1
KYC_000019,CUST_000019,Verified,0.178,2025-11-17 10:58:01.921150,2027-01-27 10:58:01.922145,Passport,Auto_Verified
KYC_000020,CUST_000020,Pending Review,0.924,2025-11-23 10:58:01.921150,2026-06-22 10:58:01.922145,National ID,KYC_Team_1
KYC_000021,CUST_000021,Pending Review,0.762,2025-06-02 10:58:01.921150,2026-10-27 10:58:01.922145,Passport,KYC_Team_2
KYC_000022,CUST_000022,Verified,0.481,2025-10-01 10:58:01.921150,2027-02-04 10:58:01.922145,National ID,KYC_Team_1
KYC_000023,CUST_000023,Pending Review,0.68,2025-05-05 10:58:01.921150,2026-10-23 10:58:01.922145,National ID,KYC_Team_2
KYC_000024,CUST_000024,Pending Review,0.897,2025-03-15 10:58:01.921150,2026-05-05 10:58:01.922145,National ID,KYC_Team_1
KYC_000025,CUST_000025,Verified,0.136,2025-04-24 10:58:01.921150,2026-04-08 10:58:01.922145,National ID,KYC_Team_2
KYC_000026,CUST_000026,Verified,0.25,2025-11-01 10:58:01.921150,2026-12-06 10:58:01.922145,Driving License,KYC_Team_2
KYC_000027,CUST_000027,Verified,0.543,2025-04-25 10:58:01.921150,2026-09-09 10:58:01.922145,National ID,Auto_Verified
KYC_000028,CUST_000028,Expired,0.799,2026-02-15 10:58:01.921150,2026-11-11 10:58:01.922145,Passport,KYC_Team_2
KYC_000029,CUST_000029,Verified,0.036,2025-05-24 10:58:01.921150,2026-07-11 10:58:01.922145,Passport,Auto_Verified
KYC_000030,CUST_000030,Verified,0.984,2025-05-01 10:58:01.921150,2027-02-13 10:58:01.922145,Passport,Auto_Verified
KYC_000031,CUST_000031,Verified,0.455,2025-11-17 10:58:01.921150,2026-06-06 10:58:01.922145,Passport,Auto_Verified
KYC_000032,CUST_000032,Verified,0.359,2025-07-19 10:58:01.921150,2026-11-27 10:58:01.922145,Driving License,KYC_Team_1
KYC_000033,CUST_000033,Verified,0.293,2026-01-09 10:58:01.921150,2026-12-13 10:58:01.922145,Utility Bill,KYC_Team_1
KYC_000034,CUST_000034,Pending Review,0.174,2025-10-14 10:58:01.921150,2027-02-04 10:58:01.922145,Utility Bill,KYC_Team_2
KYC_000035,CUST_000035,Verified,0.792,2025-06-07 10:58:01.921150,2027-02-13 10:58:01.922145,National ID,Auto_Verified
KYC_000036,CUST_000036,Pending Review,0.955,2025-03-08 10:58:01.921150,2026-12-12 10:58:01.922145,National ID,Auto_Verified
KYC_000037,CUST_000037,Pending Review,0.414,2025-12-31 10:58:01.921150,2026-04-30 10:58:01.922145,Passport,KYC_Team_2
KYC_000038,CUST_000038,Verified,0.952,2025-09-02 10:58:01.921150,2026-08-14 10:58:01.922145,Passport,Auto_Verified
KYC_000039,CUST_000039,Verified,0.824,2026-02-04 10:58:01.921150,2026-11-13 10:58:01.922145,Utility Bill,KYC_Team_2
KYC_000040,CUST_000040,Pending Review,0.481,2025-09-25 10:58:01.921150,2026-10-28 10:58:01.922145,Utility Bill,Auto_Verified
KYC_000041,CUST_000041,Expired,0.674,2025-03-06 10:58:01.921150,2026-04-28 10:58:01.922145,Passport,KYC_Team_1
KYC_000042,CUST_000042,Verified,0.435,2025-03-06 10:58:01.921150,2026-11-18 10:58:01.922145,National ID,KYC_Team_2
KYC_000043,CUST_000043,Verified,0.559,2025-12-17 10:58:01.921150,2026-08-19 10:58:01.922145,Driving License,KYC_Team_2
KYC_000044,CUST_000044,Verified,0.058,2025-07-31 10:58:01.921150,2026-06-03 10:58:01.922145,Driving License,KYC_Team_1
KYC_000045,CUST_000045,Pending Review,0.696,2025-08-10 10:58:01.921150,2026-05-23 10:58:01.922145,Utility Bill,KYC_Team_2
KYC_000046,CUST_000046,Pending Review,0.053,2025-04-21 10:58:01.921150,2026-08-19 10:58:01.922145,Utility Bill,KYC_Team_1
KYC_000047,CUST_000047,Verified,0.817,2025-12-25 10:58:01.922145,2026-07-24 10:58:01.922145,Utility Bill,Auto_Verified
KYC_000048,CUST_000048,Expired,0.825,2025-09-05 10:58:01.922145,2026-12-11 10:58:01.922145,Driving License,KYC_Team_1
KYC_000049,CUST_000049,Verified,0.237,2025-12-01 10:58:01.922145,2026-10-23 10:58:01.922145,Driving License,KYC_Team_1
KYC_000050,CUST_000050,Pending Review,0.324,2026-02-03 10:58:01.922145,2026-08-17 10:58:01.922145,Passport,KYC_Team_2
KYC_000051,CUST_000051,Verified,0.481,2026-01-07 10:58:01.922145,2027-01-04 10:58:01.922145,National ID,Auto_Verified
KYC_000052,CUST_000052,Verified,0.597,2025-06-27 10:58:01.922145,2026-04-12 10:58:01.922145,Utility Bill,KYC_Team_1
KYC_000053,CUST_000053,Verified,0.287,2025-02-20 10:58:01.922145,2026-12-26 10:58:01.922145,Passport,Auto_Verified
KYC_000054,CUST_000054,Verified,0.592,2025-03-17 10:58:01.922145,2026-04-27 10:58:01.922145,Driving License,KYC_Team_1
KYC_000055,CUST_000055,Verified,0.298,2025-06-17 10:58:01.922145,2026-04-11 10:58:01.922145,Passport,KYC_Team_2
KYC_000056,CUST_000056,Verified,0.055,2025-06-30 10:58:01.922145,2026-12-06 10:58:01.922145,Driving License,KYC_Team_1
KYC_000057,CUST_000057,Verified,0.003,2025-04-02 10:58:01.922145,2026-05-13 10:58:01.922145,National ID,KYC_Team_1
KYC_000058,CUST_000058,Verified,0.101,2025-10-03 10:58:01.922145,2026-12-05 10:58:01.922145,Driving License,Auto_Verified
KYC_000059,CUST_000059,Verified,0.792,2025-04-19 10:58:01.922145,2026-10-22 10:58:01.922145,Passport,KYC_Team_1
KYC_000060,CUST_000060,Pending Review,0.961,2025-03-18 10:58:01.922145,2026-10-16 10:58:01.922145,National ID,KYC_Team_2
KYC_000061,CUST_000061,Pending Review,0.427,2026-02-15 10:58:01.922145,2026-05-06 10:58:01.922145,Driving License,KYC_Team_2
KYC_000062,CUST_000062,Verified,0.513,2025-09-02 10:58:01.922145,2026-11-11 10:58:01.922145,Utility Bill,KYC_Team_1
KYC_000063,CUST_000063,Verified,0.147,2026-01-26 10:58:01.922145,2027-01-04 10:58:01.922145,Driving License,KYC_Team_1
KYC_000064,CUST_000064,Verified,0.551,2025-03-19 10:58:01.922145,2026-07-26 10:58:01.922145,National ID,Auto_Verified
KYC_000065,CUST_000065,Expired,0.145,2025-04-05 10:58:01.922145,2026-09-16 10:58:01.922145,Passport,Auto_Verified
KYC_000066,CUST_000066,Expired,0.611,2025-07-01 10:58:01.922145,2026-07-27 10:58:01.922145,National ID,KYC_Team_2
KYC_000067,CUST_000067,Verified,0.933,2025-09-04 10:58:01.922145,2027-01-12 10:58:01.922145,Passport,Auto_Verified
KYC_000068,CUST_000068,Expired,0.196,2025-05-02 10:58:01.922145,2026-04-29 10:58:01.922145,Driving License,KYC_Team_1
KYC_000069,CUST_000069,Pending Review,0.765,2025-12-13 10:58:01.922145,2026-12-01 10:58:01.922145,Driving License,KYC_Team_2
KYC_000070,CUST_000070,Pending Review,0.024,2025-11-01 10:58:01.922145,2026-03-27 10:58:01.922145,National ID,Auto_Verified
KYC_000071,CUST_000071,Verified,0.375,2026-01-24 10:58:01.922145,2026-05-16 10:58:01.922145,Utility Bill,KYC_Team_2
KYC_000072,CUST_000072,Verified,0.111,2025-03-25 10:58:01.922145,2026-11-10 10:58:01.922145,Driving License,KYC_Team_1
KYC_000073,CUST_000073,Verified,0.352,2025-09-26 10:58:01.922145,2026-06-18 10:58:01.922145,Utility Bill,Auto_Verified
KYC_000074,CUST_000074,Verified,0.174,2025-09-05 10:58:01.922145,2026-06-20 10:58:01.922145,Utility Bill,KYC_Team_1
KYC_000075,CUST_000075,Verified,0.373,2026-01-20 10:58:01.922145,2026-10-06 10:58:01.922145,National ID,KYC_Team_1
KYC_000076,CUST_000076,Verified,0.418,2026-01-12 10:58:01.922145,2026-04-11 10:58:01.922145,Driving License,KYC_Team_2
KYC_000077,CUST_000077,Verified,0.301,2025-05-13 10:58:01.922145,2026-04-30 10:58:01.922145,Utility Bill,KYC_Team_2
KYC_000078,CUST_000078,Verified,0.657,2025-04-15 10:58:01.922145,2026-10-18 10:58:01.922145,Driving License,KYC_Team_2
KYC_000079,CUST_000079,Verified,0.919,2025-08-06 10:58:01.922145,2026-08-18 10:58:01.922145,Passport,Auto_Verified
KYC_000080,CUST_000080,Verified,0.401,2026-01-01 10:58:01.922145,2026-08-26 10:58:01.922145,Utility Bill,Auto_Verified
KYC_000081,CUST_000081,Expired,0.192,2025-07-28 10:58:01.922145,2027-01-13 10:58:01.922145,National ID,KYC_Team_2
KYC_000082,CUST_000082,Pending Review,0.271,2025-10-10 10:58:01.922145,2026-11-06 10:58:01.922145,National ID,Auto_Verified
KYC_000083,CUST_000083,Verified,0.854,2025-11-18 10:58:01.922145,2026-11-04 10:58:01.922145,Utility Bill,Auto_Verified
KYC_000084,CUST_000084,Verified,0.572,2025-10-18 10:58:01.922145,2027-02-01 10:58:01.922145,Driving License,KYC_Team_2
KYC_000085,CUST_000085,Verified,0.455,2025-07-28 10:58:01.922145,2026-08-01 10:58:01.922145,Passport,KYC_Team_1
KYC_000086,CUST_000086,Verified,0.15,2026-01-03 10:58:01.922145,2026-09-09 10:58:01.922145,Passport,Auto_Verified
KYC_000087,CUST_000087,Expired,0.45,2026-02-07 10:58:01.922145,2026-06-22 10:58:01.922145,National ID,Auto_Verified
KYC_000088,CUST_000088,Verified,0.278,2025-11-03 10:58:01.922145,2026-07-05 10:58:01.922145,National ID,KYC_Team_1
KYC_000089,CUST_000089,Verified,0.943,2025-11-26 10:58:01.922145,2026-06-21 10:58:01.922145,Driving License,KYC_Team_1
KYC_000090,CUST_000090,Pending Review,0.884,2025-08-03 10:58:01.922145,2026-04-28 10:58:01.922145,National ID,KYC_Team_1
KYC_000091,CUST_000091,Verified,0.084,2025-07-26 10:58:01.922145,2027-01-22 10:58:01.922145,Driving License,KYC_Team_2
KYC_000092,CUST_000092,Verified,0.517,2025-09-25 10:58:01.922145,2026-07-29 10:58:01.922145,Utility Bill,KYC_Team_1
KYC_000093,CUST_000093,Verified,0.225,2025-03-23 10:58:01.922145,2026-05-12 10:58:01.922145,Passport,KYC_Team_2
KYC_000094,CUST_000094,Verified,0.411,2025-03-20 10:58:01.922145,2026-10-27 10:58:01.922145,Utility Bill,KYC_Team_1
KYC_000095,CUST_000095,Verified,0.877,2025-12-01 10:58:01.922145,2026-12-17 10:58:01.922145,National ID,KYC_Team_1
KYC_000096,CUST_000096,Verified,0.528,2025-12-18 10:58:01.922145,2026-03-28 10:58:01.922145,Passport,KYC_Team_2
KYC_000097,CUST_000097,Verified,0.334,2025-09-18 10:58:01.922145,2026-03-21 10:58:01.922145,Passport,KYC_Team_2
KYC_000098,CUST_000098,Pending Review,0.208,2025-06-11 10:58:01.922145,2026-10-07 10:58:01.922145,Utility Bill,KYC_Team_1
KYC_000099,CUST_000099,Verified,0.8,2025-07-11 10:58:01.922145,2026-05-17 10:58:01.922145,Driving License,KYC_Team_1
