party_id,external_id,rating,notes
CUST_000000,EXT_000000,5,Note 0
CUST_000001,EXT_000001,2,Note 1
CUST_000002,EXT_000002,2,Note 2
CUST_000003,EXT_000003,4,Note 3
CUST_000004,EXT_000004,4,Note 4
CUST_000005,EXT_000005,3,Note 5
CUST_000006,EXT_000006,5,Note 6
CUST_000007,EXT_000007,3,Note 7
CUST_000008,EXT_000008,3,Note 8
CUST_000009,EXT_000009,1,Note 9
CUST_000010,EXT_000010,1,Note 10
CUST_000011,EXT_000011,4,Note 11
CUST_000012,EXT_000012,3,Note 12
CUST_000013,EXT_000013,4,Note 13
CUST_000014,EXT_000014,5,Note 14
CUST_000015,EXT_000015,2,Note 15
CUST_000016,EXT_000016,1,Note 16
CUST_000017,EXT_000017,5,Note 17
CUST_000018,EXT_000018,5,Note 18
CUST_000019,EXT_000019,1,Note 19
CUST_000020,EXT_000020,1,Note 20
CUST_000021,EXT_000021,3,Note 21
CUST_000022,EXT_000022,4,Note 22
CUST_000023,EXT_000023,5,Note 23
CUST_000024,EXT_000024,3,Note 24
CUST_000025,EXT_000025,3,Note 25
CUST_000026,EXT_000026,5,Note 26
CUST_000027,EXT_000027,5,Note 27
CUST_000028,EXT_000028,2,Note 28
CUST_000029,EXT_000029,4,Note 29
