node_id,label,node_type,risk_score,country,total_transactions
CUST_000000,Linda Tanaka,INDIVIDUAL,0.319,US,3
CUST_000001,Maria Clark,BUSINESS,0.993,UK,4
CUST_000002,Andrew Anderson,INDIVIDUAL,0.678,IN,6
CUST_000003,Sophia Perez,INDIVIDUAL,0.73,JP,1
CUST_000004,Wei Williams,INDIVIDUAL,0.213,SG,5
CUST_000005,Anthony Moore,BUSINESS,0.079,JP,8
CUST_000006,Linda Hernandez,BUSINESS,0.277,IN,3
CUST_000007,Mary Kumar,HIGH_RISK,0.249,VG,5
CUST_000008,Megan Singh,INDIVIDUAL,0.235,UK,4
CUST_000009,Sarah Singh,INDIVIDUAL,0.193,IN,8
CUST_000011,Linda Gonzalez,INDIVIDUAL,0.575,VG,4
CUST_000012,Maria Nguyen,INDIVIDUAL,0.328,IN,7
CUST_000013,Ahmed Brown,BUSINESS,0.82,IN,7
CUST_000014,Ahmed Kim,INDIVIDUAL,0.184,SG,7
CUST_000015,Richard Patel,BUSINESS,0.465,US,3
CUST_000016,Raj Johnson,BUSINESS,0.014,JP,5
CUST_000017,Sarah Nguyen,INDIVIDUAL,0.482,JP,6
CUST_000018,Emily Johnson,PEP,0.056,VG,6
CUST_000019,Laura Wilson,INDIVIDUAL,0.978,JP,2
CUST_000020,Rachel Ali,INDIVIDUAL,0.791,SG,4
CUST_000021,Anthony Garcia,PEP,0.49,UK,2
CUST_000022,Wei Abbas,PEP,0.087,US,6
CUST_000023,Daniel Sanchez,INDIVIDUAL,0.592,VG,7
CUST_000024,Fatima Williams,INDIVIDUAL,0.759,JP,1
CUST_000025,Chloe Johnson,INDIVIDUAL,0.191,SG,6
CUST_000026,Hannah Ramirez,INDIVIDUAL,0.568,US,2
CUST_000027,Emily Clark,HIGH_RISK,0.814,US,3
CUST_000028,Mary Kim,BUSINESS,0.768,KY,6
CUST_000029,Daniel Harris,INDIVIDUAL,0.803,US,4
CUST_000030,Thomas Garcia,PEP,0.879,IN,5
CUST_000031,Sarah Miller,INDIVIDUAL,0.938,SG,2
CUST_000032,Wei Hernandez,INDIVIDUAL,0.406,UK,1
CUST_000033,Christopher Martinez,HIGH_RISK,0.569,DE,4
CUST_000034,Emily Taylor,BUSINESS,0.791,KY,2
CUST_000035,Linda Martinez,BUSINESS,0.697,SG,3
CUST_000036,Megan Clark,INDIVIDUAL,0.996,SG,1
CUST_000037,William Brown,BUSINESS,0.014,SG,8
CUST_000038,Maria Lee,INDIVIDUAL,0.355,VG,1
CUST_000039,Emily Johnson,BUSINESS,0.281,JP,4
CUST_000040,Jennifer Martin,HIGH_RISK,0.262,VG,3
CUST_000041,Andrew Miller,INDIVIDUAL,0.223,IN,6
CUST_000042,Daniel Martinez,BUSINESS,0.709,UK,2
CUST_000043,Joshua Lee,INDIVIDUAL,0.085,IN,3
CUST_000044,Thomas Harris,INDIVIDUAL,0.742,SG,3
CUST_000045,Sarah Brown,BUSINESS,0.693,JP,4
CUST_000046,Richard Thomas,INDIVIDUAL,0.251,IN,4
CUST_000047,Carlos Ali,BUSINESS,0.253,VG,6
CUST_000048,Rachel Chen,INDIVIDUAL,0.629,VG,4
CUST_000049,Raj Wang,HIGH_RISK,0.762,VG,5
CUST_000050,Andrew Davis,INDIVIDUAL,0.876,UK,3
CUST_000051,Laura Brown,INDIVIDUAL,0.852,UK,8
CUST_000052,Daniel Robinson,INDIVIDUAL,0.965,SG,3
CUST_000053,Mei Clark,HIGH_RISK,0.581,KY,8
CUST_000054,John Patel,BUSINESS,0.909,IN,4
CUST_000055,Mary Clark,BUSINESS,0.809,SG,5
CUST_000056,Joseph Johnson,INDIVIDUAL,0.895,VG,3
CUST_000057,Laura Singh,INDIVIDUAL,0.012,DE,3
CUST_000059,Fatima Miller,INDIVIDUAL,0.966,IN,3
CUST_000060,Rachel Singh,BUSINESS,0.474,JP,4
CUST_000061,David Martin,INDIVIDUAL,0.798,VG,1
CUST_000062,Ahmed Clark,HIGH_RISK,0.127,US,7
CUST_000063,Anthony Garcia,BUSINESS,0.396,DE,4
CUST_000064,Raj Wilson,INDIVIDUAL,0.271,DE,4
CUST_000065,Jessica White,INDIVIDUAL,0.292,JP,5
CUST_000066,Wei Hernandez,BUSINESS,0.123,SG,3
CUST_000067,Rachel Nguyen,INDIVIDUAL,0.806,VG,6
CUST_000068,Emma Singh,INDIVIDUAL,0.009,VG,2
CUST_000069,Anthony Williams,INDIVIDUAL,0.313,KY,2
CUST_000070,James Robinson,BUSINESS,0.174,US,4
CUST_000071,Maria Jackson,BUSINESS,0.589,SG,6
CUST_000072,William Smith,INDIVIDUAL,0.254,UK,7
CUST_000073,Jennifer Patel,INDIVIDUAL,0.259,SG,1
CUST_000074,Laura Abbas,INDIVIDUAL,0.488,IN,4
CUST_000075,Thomas Harris,BUSINESS,0.653,IN,4
CUST_000076,Matthew Wilson,INDIVIDUAL,0.121,DE,5
CUST_000077,Fatima Wang,INDIVIDUAL,0.176,SG,5
CUST_000078,Christopher Williams,HIGH_RISK,0.247,KY,7
CUST_000080,William Nguyen,HIGH_RISK,0.974,SG,5
CUST_000081,Ahmed Jones,HIGH_RISK,0.397,KY,3
CUST_000082,Megan Garcia,BUSINESS,0.599,DE,4
CUST_000083,Sophia Davis,INDIVIDUAL,0.242,KY,4
CUST_000084,David Singh,INDIVIDUAL,0.49,JP,1
CUST_000085,Laura Ramirez,INDIVIDUAL,0.074,JP,1
CUST_000086,Amanda Tanaka,INDIVIDUAL,0.035,IN,4
CUST_000087,Raj Lee,HIGH_RISK,0.469,VG,5
CUST_000088,Hannah Taylor,BUSINESS,0.399,UK,2
CUST_000089,Anthony Moore,BUSINESS,0.137,DE,6
CUST_000090,Rachel Lee,INDIVIDUAL,0.688,IN,4
CUST_000091,Hannah Wilson,PEP,0.993,KY,5
CUST_000092,Grace Abbas,BUSINESS,0.396,US,3
CUST_000093,Hannah Johnson,INDIVIDUAL,0.625,DE,4
CUST_000094,David Smith,PEP,0.963,US,3
CUST_000095,Carlos Patel,INDIVIDUAL,0.832,UK,1
CUST_000096,James Smith,INDIVIDUAL,0.464,KY,2
CUST_000097,Emily Clark,BUSINESS,0.737,DE,4
CUST_000098,Mei Chen,BUSINESS,0.128,DE,6
CUST_000099,Sophia Nguyen,INDIVIDUAL,0.512,UK,4
