source,target,weight,relationship_type,transaction_date,shared_attributes
CUST_000016,CUST_000063,0.362,Authorized Signatory,2021-04-26 10:58:01.929238,shared_beneficiary
CUST_000098,CUST_000025,0.311,Signatory,2021-09-13 10:58:01.929238,shared_beneficiary
CUST_000051,CUST_000057,0.579,Trustee,2023-02-09 10:58:01.929238,same_phone
CUST_000017,CUST_000030,0.203,Joint Account Holder,2025-01-22 10:58:01.929238,same_phone
CUST_000062,CUST_000065,0.594,Beneficial Owner,2025-08-24 10:58:01.929238,same_phone
CUST_000032,CUST_000091,0.101,Shareholder,2024-06-10 10:58:01.929238,common_address
CUST_000003,CUST_000012,0.391,Trustee,2021-10-24 10:58:01.929238,same_phone
CUST_000086,CUST_000017,0.298,Beneficial Owner,2023-07-13 10:58:01.929238,shared_employer
CUST_000074,CUST_000093,0.974,Joint Account Holder,2025-04-19 10:58:01.929238,same_phone
CUST_000051,CUST_000074,0.755,Trustee,2023-06-22 10:58:01.929238,same_ip_address
CUST_000008,CUST_000012,0.415,Guarantor,2023-10-06 10:58:01.929238,family_tie
CUST_000063,CUST_000023,0.184,Trustee,2026-01-03 10:58:01.929238,shared_employer
CUST_000029,CUST_000056,0.565,Director,2025-06-23 10:58:01.929238,linked_business
CUST_000007,CUST_000028,0.292,Authorized Signatory,2025-03-13 10:58:01.929238,shared_beneficiary
CUST_000004,CUST_000055,0.583,Shareholder,2021-01-25 10:58:01.929238,shared_beneficiary
CUST_000075,CUST_000053,0.852,Power of Attorney,2025-04-10 10:58:01.929238,same_phone
CUST_000062,CUST_000004,0.654,Beneficial Owner,2021-12-26 10:58:01.929238,shared_employer
CUST_000000,CUST_000034,0.67,Signatory,2022-03-11 10:58:01.929238,family_tie
CUST_000014,CUST_000018,0.587,Shareholder,2023-08-20 10:58:01.929238,family_tie
CUST_000088,CUST_000054,0.935,Power of Attorney,2020-09-22 10:58:01.929238,shared_employer
CUST_000081,CUST_000076,0.939,Joint Account Holder,2023-05-30 10:58:01.929238,same_phone
CUST_000037,CUST_000068,0.561,Trustee,2023-06-27 10:58:01.929238,same_ip_address
CUST_000041,CUST_000043,0.375,Power of Attorney,2026-01-07 10:58:01.929238,shared_beneficiary
CUST_000045,CUST_000077,0.514,Guarantor,2021-04-23 10:58:01.929238,co_signatory
CUST_000052,CUST_000037,0.268,Shareholder,2023-08-11 10:58:01.929238,common_address
CUST_000025,CUST_000061,0.673,Shareholder,2022-11-06 10:58:01.929238,same_ip_address
CUST_000060,CUST_000021,0.55,Shareholder,2024-10-08 10:58:01.929238,shared_beneficiary
CUST_000066,CUST_000072,0.193,Authorized Signatory,2024-12-31 10:58:01.929238,family_tie
CUST_000053,CUST_000039,0.278,Joint Account Holder,2024-06-23 10:58:01.929238,linked_business
CUST_000021,CUST_000025,0.532,Authorized Signatory,2022-12-08 10:58:01.929238,shared_employer
CUST_000025,CUST_000004,0.899,Shareholder,2021-06-24 10:58:01.929238,same_phone
CUST_000082,CUST_000092,0.61,Guarantor,2021-06-15 10:58:01.929815,linked_business
CUST_000059,CUST_000053,0.713,Signatory,2023-12-07 10:58:01.929815,family_tie
CUST_000038,CUST_000085,0.405,Guarantor,2025-11-04 10:58:01.929815,co_signatory
CUST_000035,CUST_000048,0.614,Beneficial Owner,2024-04-04 10:58:01.929815,family_tie
CUST_000020,CUST_000002,0.503,Joint Account Holder,2026-01-31 10:58:01.929815,same_ip_address
CUST_000040,CUST_000091,0.693,Trustee,2025-07-21 10:58:01.929815,shared_employer
CUST_000047,CUST_000037,0.146,Shareholder,2022-08-05 10:58:01.929815,co_signatory
CUST_000025,CUST_000013,0.544,Power of Attorney,2021-05-18 10:58:01.929815,same_ip_address
CUST_000062,CUST_000046,0.366,Signatory,2022-02-17 10:58:01.929815,shared_employer
CUST_000076,CUST_000013,0.394,Trustee,2023-09-16 10:58:01.929815,co_signatory
CUST_000035,CUST_000074,0.965,Nominee,2023-10-19 10:58:01.929815,co_signatory
CUST_000023,CUST_000072,0.264,Guarantor,2021-05-16 10:58:01.929815,co_signatory
CUST_000089,CUST_000037,0.38,Signatory,2023-05-08 10:58:01.929815,shared_beneficiary
CUST_000020,CUST_000063,0.559,Nominee,2021-12-30 10:58:01.929815,family_tie
CUST_000017,CUST_000043,0.877,Authorized Signatory,2022-11-19 10:58:01.929815,common_address
CUST_000014,CUST_000069,0.475,Nominee,2022-10-15 10:58:01.929815,shared_beneficiary
CUST_000078,CUST_000064,0.769,Trustee,2022-01-11 10:58:01.929815,shared_employer
CUST_000005,CUST_000024,0.871,Joint Account Holder,2023-01-08 10:58:01.929815,common_address
CUST_000042,CUST_000015,0.379,Guarantor,2024-07-01 10:58:01.929815,same_phone
CUST_000030,CUST_000014,0.453,Signatory,2025-12-03 10:58:01.929815,same_phone
CUST_000027,CUST_000097,0.421,Nominee,2023-05-25 10:58:01.929815,family_tie
CUST_000007,CUST_000080,0.85,Guarantor,2023-11-21 10:58:01.929815,family_tie
CUST_000028,CUST_000002,0.14,Signatory,2023-05-28 10:58:01.929815,co_signatory
CUST_000020,CUST_000066,0.378,Signatory,2023-04-02 10:58:01.929815,shared_employer
CUST_000080,CUST_000036,0.711,Trustee,2022-10-25 10:58:01.929815,co_signatory
CUST_000087,CUST_000080,0.609,Guarantor,2022-01-24 10:58:01.929815,common_address
CUST_000057,CUST_000054,0.493,Trustee,2022-09-13 10:58:01.929815,co_signatory
CUST_000059,CUST_000037,0.586,Nominee,2020-11-19 10:58:01.929815,common_address
CUST_000049,CUST_000062,0.278,Beneficial Owner,2022-04-29 10:58:01.929815,shared_employer
CUST_000099,CUST_000000,0.488,Joint Account Holder,2021-01-20 10:58:01.929815,common_address
CUST_000030,CUST_000070,0.552,Beneficial Owner,2021-07-20 10:58:01.929815,linked_business
CUST_000046,CUST_000089,0.911,Director,2021-04-07 10:58:01.929815,co_signatory
CUST_000033,CUST_000018,0.335,Shareholder,2023-05-24 10:58:01.929815,co_signatory
CUST_000001,CUST_000051,0.881,Beneficial Owner,2024-10-30 10:58:01.929815,linked_business
CUST_000066,CUST_000029,0.68,Authorized Signatory,2022-02-15 10:58:01.929815,family_tie
CUST_000093,CUST_000054,0.118,Joint Account Holder,2025-10-15 10:58:01.929815,family_tie
CUST_000071,CUST_000013,0.752,Shareholder,2023-03-03 10:58:01.929815,common_address
CUST_000051,CUST_000012,0.132,Nominee,2026-01-09 10:58:01.929815,linked_business
CUST_000006,CUST_000083,0.998,Trustee,2023-10-06 10:58:01.929815,shared_employer
CUST_000075,CUST_000089,0.885,Authorized Signatory,2022-11-24 10:58:01.929815,co_signatory
CUST_000018,CUST_000026,0.368,Shareholder,2024-05-11 10:58:01.929815,shared_beneficiary
CUST_000089,CUST_000088,0.332,Shareholder,2023-01-10 10:58:01.929815,same_ip_address
CUST_000091,CUST_000008,0.443,Signatory,2025-10-09 10:58:01.929815,shared_beneficiary
CUST_000014,CUST_000040,0.421,Director,2024-08-17 10:58:01.929815,family_tie
CUST_000077,CUST_000047,0.435,Trustee,2021-02-14 10:58:01.930337,co_signatory
CUST_000047,CUST_000011,0.386,Nominee,2022-06-30 10:58:01.930337,same_ip_address
CUST_000013,CUST_000009,0.659,Guarantor,2023-10-16 10:58:01.930337,linked_business
CUST_000002,CUST_000005,0.248,Beneficial Owner,2021-02-22 10:58:01.930337,same_phone
CUST_000049,CUST_000033,0.861,Joint Account Holder,2023-06-23 10:58:01.930337,common_address
CUST_000092,CUST_000051,0.831,Director,2025-06-22 10:58:01.930337,family_tie
CUST_000053,CUST_000040,0.529,Signatory,2023-05-10 10:58:01.930337,co_signatory
CUST_000005,CUST_000082,0.867,Signatory,2022-08-21 10:58:01.930337,shared_employer
CUST_000048,CUST_000005,0.322,Shareholder,2020-11-12 10:58:01.930337,linked_business
CUST_000022,CUST_000001,0.116,Power of Attorney,2022-07-04 10:58:01.930337,same_ip_address
CUST_000091,CUST_000014,0.657,Beneficial Owner,2024-03-08 10:58:01.930337,same_phone
CUST_000077,CUST_000016,0.512,Director,2023-08-13 10:58:01.930337,linked_business
CUST_000077,CUST_000015,0.61,Shareholder,2022-03-21 10:58:01.930337,family_tie
CUST_000019,CUST_000027,0.909,Director,2023-09-07 10:58:01.930337,shared_employer
CUST_000076,CUST_000084,0.973,Authorized Signatory,2026-01-05 10:58:01.930337,common_address
CUST_000090,CUST_000071,0.671,Trustee,2025-03-23 10:58:01.930337,common_address
CUST_000059,CUST_000009,0.788,Joint Account Holder,2024-07-07 10:58:01.930337,linked_business
CUST_000098,CUST_000009,0.175,Beneficial Owner,2022-01-21 10:58:01.930337,same_ip_address
CUST_000044,CUST_000009,0.245,Signatory,2025-01-19 10:58:01.930337,linked_business
CUST_000060,CUST_000072,0.76,Power of Attorney,2023-07-01 10:58:01.930337,co_signatory
CUST_000055,CUST_000027,0.488,Nominee,2024-03-14 10:58:01.930337,same_phone
CUST_000001,CUST_000023,0.501,Guarantor,2023-09-03 10:58:01.930337,common_address
CUST_000044,CUST_000018,0.378,Trustee,2024-10-29 10:58:01.930337,family_tie
CUST_000039,CUST_000096,0.647,Beneficial Owner,2023-04-14 10:58:01.930337,linked_business
CUST_000023,CUST_000067,0.267,Authorized Signatory,2024-11-24 10:58:01.930337,family_tie
CUST_000028,CUST_000055,0.664,Beneficial Owner,2022-11-01 10:58:01.930337,same_phone
CUST_000067,CUST_000041,0.157,Joint Account Holder,2022-04-16 10:58:01.930337,same_phone
CUST_000065,CUST_000011,0.397,Joint Account Holder,2024-03-24 10:58:01.930337,shared_beneficiary
CUST_000083,CUST_000017,0.308,Director,2020-12-17 10:58:01.930337,linked_business
CUST_000053,CUST_000022,0.9,Shareholder,2022-10-02 10:58:01.930337,common_address
CUST_000052,CUST_000083,0.149,Joint Account Holder,2021-05-06 10:58:01.930337,shared_beneficiary
CUST_000078,CUST_000005,0.259,Power of Attorney,2021-05-28 10:58:01.930337,family_tie
CUST_000048,CUST_000052,0.594,Guarantor,2022-02-13 10:58:01.930337,same_ip_address
CUST_000031,CUST_000097,0.533,Authorized Signatory,2022-06-12 10:58:01.930337,same_ip_address
CUST_000060,CUST_000041,0.141,Nominee,2023-07-03 10:58:01.930337,family_tie
CUST_000041,CUST_000065,0.107,Signatory,2025-05-24 10:58:01.930337,linked_business
CUST_000000,CUST_000029,0.989,Joint Account Holder,2021-03-06 10:58:01.930337,linked_business
CUST_000062,CUST_000008,0.693,Signatory,2024-06-26 10:58:01.930337,shared_employer
CUST_000034,CUST_000090,0.429,Joint Account Holder,2022-01-28 10:58:01.930337,co_signatory
CUST_000050,CUST_000041,0.523,Power of Attorney,2022-02-21 10:58:01.930337,same_ip_address
CUST_000070,CUST_000033,0.34,Signatory,2023-12-10 10:58:01.930337,same_phone
CUST_000044,CUST_000039,0.41,Shareholder,2020-09-30 10:58:01.930337,family_tie
CUST_000076,CUST_000087,0.684,Authorized Signatory,2023-10-17 10:58:01.930337,same_ip_address
CUST_000064,CUST_000016,0.895,Guarantor,2021-06-16 10:58:01.930337,family_tie
CUST_000013,CUST_000028,0.266,Power of Attorney,2020-11-07 10:58:01.930337,shared_beneficiary
CUST_000092,CUST_000099,0.856,Shareholder,2022-05-10 10:58:01.930337,same_phone
CUST_000002,CUST_000049,0.209,Guarantor,2022-06-21 10:58:01.930337,shared_employer
CUST_000023,CUST_000075,0.293,Shareholder,2022-01-04 10:58:01.930337,co_signatory
CUST_000064,CUST_000094,0.133,Shareholder,2024-02-10 10:58:01.930337,co_signatory
CUST_000047,CUST_000048,0.227,Shareholder,2021-08-31 10:58:01.930337,same_phone
CUST_000009,CUST_000072,0.926,Director,2023-06-25 10:58:01.930337,same_phone
CUST_000012,CUST_000060,0.513,Guarantor,2021-08-24 10:58:01.930337,common_address
CUST_000099,CUST_000082,0.17,Shareholder,2020-09-07 10:58:01.930337,co_signatory
CUST_000072,CUST_000045,0.964,Trustee,2021-05-24 10:58:01.930337,shared_employer
CUST_000013,CUST_000045,0.891,Trustee,2025-03-22 10:58:01.930337,shared_beneficiary
CUST_000099,CUST_000016,0.779,Joint Account Holder,2022-08-23 10:58:01.930337,same_ip_address
CUST_000009,CUST_000065,0.94,Authorized Signatory,2024-12-19 10:58:01.930337,shared_beneficiary
CUST_000039,CUST_000004,0.298,Signatory,2024-07-18 10:58:01.930337,same_phone
CUST_000022,CUST_000053,0.853,Joint Account Holder,2022-04-04 10:58:01.930337,family_tie
CUST_000098,CUST_000015,0.721,Director,2021-12-05 10:58:01.930337,co_signatory
CUST_000054,CUST_000080,0.883,Trustee,2025-08-24 10:58:01.930337,co_signatory
CUST_000062,CUST_000090,0.817,Guarantor,2022-05-22 10:58:01.930337,linked_business
CUST_000070,CUST_000006,0.412,Authorized Signatory,2023-06-04 10:58:01.930337,shared_beneficiary
CUST_000041,CUST_000007,0.797,Authorized Signatory,2025-05-28 10:58:01.930337,co_signatory
CUST_000098,CUST_000071,0.336,Signatory,2025-02-27 10:58:01.930337,shared_beneficiary
CUST_000065,CUST_000086,0.396,Guarantor,2025-01-04 10:58:01.930337,shared_beneficiary
CUST_000078,CUST_000095,0.197,Nominee,2025-04-02 10:58:01.930337,co_signatory
CUST_000072,CUST_000081,0.942,Signatory,2022-09-25 10:58:01.930337,shared_employer
CUST_000046,CUST_000037,0.362,Authorized Signatory,2023-05-16 10:58:01.930337,shared_employer
CUST_000080,CUST_000053,0.569,Director,2025-07-25 10:58:01.930337,shared_employer
CUST_000051,CUST_000075,0.452,Power of Attorney,2021-09-05 10:58:01.930337,shared_beneficiary
CUST_000017,CUST_000014,0.964,Power of Attorney,2023-10-19 10:58:01.930337,shared_beneficiary
CUST_000078,CUST_000091,0.402,Trustee,2020-11-03 10:58:01.930337,shared_employer
CUST_000017,CUST_000049,0.801,Authorized Signatory,2023-05-12 10:58:01.930337,same_phone
CUST_000023,CUST_000055,0.87,Director,2024-06-05 10:58:01.930337,same_ip_address
CUST_000022,CUST_000094,0.492,Signatory,2024-10-24 10:58:01.930337,shared_beneficiary
CUST_000011,CUST_000008,0.44,Director,2024-12-15 10:58:01.930337,shared_beneficiary
CUST_000022,CUST_000007,0.773,Beneficial Owner,2023-01-03 10:58:01.930337,common_address
CUST_000020,CUST_000018,0.922,Signatory,2025-11-12 10:58:01.930337,shared_employer
CUST_000063,CUST_000050,0.779,Shareholder,2026-01-10 10:58:01.930337,family_tie
CUST_000089,CUST_000071,0.304,Signatory,2024-02-13 10:58:01.930337,same_phone
CUST_000071,CUST_000097,0.899,Trustee,2021-03-10 10:58:01.930337,co_signatory
CUST_000093,CUST_000056,0.449,Power of Attorney,2024-08-31 10:58:01.930337,same_phone
CUST_000033,CUST_000067,0.619,Signatory,2024-02-16 10:58:01.930337,same_phone
CUST_000001,CUST_000030,0.848,Shareholder,2022-05-02 10:58:01.930337,family_tie
CUST_000068,CUST_000002,0.27,Beneficial Owner,2025-03-29 10:58:01.930337,linked_business
CUST_000030,CUST_000098,0.806,Director,2025-02-24 10:58:01.930337,common_address
CUST_000096,CUST_000082,0.637,Guarantor,2021-06-27 10:58:01.930337,shared_employer
CUST_000067,CUST_000042,0.904,Power of Attorney,2021-04-23 10:58:01.930337,same_phone
CUST_000069,CUST_000028,0.255,Director,2021-02-11 10:58:01.930337,family_tie
CUST_000086,CUST_000009,0.479,Beneficial Owner,2023-04-22 10:58:01.930337,linked_business
CUST_000018,CUST_000011,0.85,Guarantor,2025-12-13 10:58:01.930337,family_tie
CUST_000071,CUST_000045,0.117,Authorized Signatory,2021-08-09 10:58:01.930337,linked_business
CUST_000012,CUST_000029,0.201,Joint Account Holder,2025-10-09 10:58:01.930337,linked_business
CUST_000064,CUST_000093,0.992,Trustee,2024-03-27 10:58:01.930337,shared_beneficiary
CUST_000005,CUST_000081,0.352,Director,2023-09-19 10:58:01.930337,common_address
CUST_000070,CUST_000087,0.978,Nominee,2025-06-28 10:58:01.930337,shared_employer
CUST_000026,CUST_000031,0.264,Guarantor,2022-09-01 10:58:01.930337,shared_employer
CUST_000078,CUST_000072,0.425,Authorized Signatory,2024-11-09 10:58:01.930337,co_signatory
CUST_000051,CUST_000046,0.778,Nominee,2025-06-14 10:58:01.930337,common_address
CUST_000097,CUST_000087,0.692,Joint Account Holder,2022-12-24 10:58:01.930337,linked_business
CUST_000086,CUST_000062,0.623,Joint Account Holder,2024-11-15 10:58:01.930337,linked_business
CUST_000047,CUST_000025,0.577,Power of Attorney,2023-05-27 10:58:01.930337,same_ip_address
CUST_000087,CUST_000002,0.859,Nominee,2024-09-06 10:58:01.930337,shared_employer
CUST_000078,CUST_000022,0.311,Power of Attorney,2024-03-22 10:58:01.930337,shared_beneficiary
CUST_000098,CUST_000074,0.498,Power of Attorney,2021-09-23 10:58:01.930337,common_address
CUST_000067,CUST_000073,0.24,Power of Attorney,2024-02-20 10:58:01.930337,same_phone
CUST_000043,CUST_000049,0.636,Power of Attorney,2021-10-25 10:58:01.930337,family_tie
CUST_000016,CUST_000035,0.325,Authorized Signatory,2025-11-13 10:58:01.930337,same_phone
CUST_000094,CUST_000012,0.4,Trustee,2021-10-23 10:58:01.930337,common_address
CUST_000037,CUST_000028,0.524,Signatory,2021-03-17 10:58:01.930337,co_signatory
CUST_000009,CUST_000037,0.124,Authorized Signatory,2023-01-03 10:58:01.930337,shared_beneficiary
CUST_000053,CUST_000076,0.183,Beneficial Owner,2024-08-18 10:58:01.930337,linked_business
CUST_000090,CUST_000089,0.717,Power of Attorney,2021-02-07 10:58:01.930337,shared_beneficiary
CUST_000005,CUST_000083,0.486,Guarantor,2025-04-13 10:58:01.930337,family_tie
CUST_000005,CUST_000004,0.878,Guarantor,2021-05-06 10:58:01.930337,co_signatory
CUST_000051,CUST_000019,0.725,Nominee,2022-04-05 10:58:01.930337,shared_beneficiary
CUST_000014,CUST_000077,0.107,Nominee,2021-03-25 10:58:01.930337,shared_employer
CUST_000067,CUST_000013,0.655,Beneficial Owner,2023-03-29 10:58:01.930337,shared_employer
CUST_000056,CUST_000007,0.184,Authorized Signatory,2022-09-28 10:58:01.930337,shared_beneficiary
CUST_000055,CUST_000047,0.803,Guarantor,2022-05-17 10:58:01.930337,shared_beneficiary
CUST_000006,CUST_000012,0.992,Shareholder,2025-07-18 10:58:01.930337,shared_beneficiary
CUST_000050,CUST_000023,0.578,Shareholder,2022-03-03 10:58:01.930337,shared_employer
CUST_000057,CUST_000078,0.715,Signatory,2025-11-05 10:58:01.930337,family_tie
