watchlist_id,entity_name,list_source,category,added_date
WL_00000,Bad Actor 0,OFAC,PEP,2026-02-03 10:58:01.926596
WL_00001,Bad Actor 1,HM_TREASURY,PEP,2025-08-25 10:58:01.926596
WL_00002,Bad Actor 2,EU,PEP,2024-04-16 10:58:01.926596
WL_00003,Bad Actor 3,OFAC,PEP,2024-10-16 10:58:01.926596
WL_00004,Bad Actor 4,UN,PEP,2024-11-02 10:58:01.926596
WL_00005,Bad Actor 5,EU,Adverse Media,2024-03-10 10:58:01.926596
WL_00006,Bad Actor 6,UN,Adverse Media,2024-12-29 10:58:01.926596
WL_00007,Bad Actor 7,EU,Sanctions,2023-09-11 10:58:01.926596
WL_00008,Bad Actor 8,HM_TREASURY,PEP,2024-04-14 10:58:01.926596
WL_00009,Bad Actor 9,EU,Sanctions,2023-06-04 10:58:01.926596
WL_00010,Bad Actor 10,UN,Adverse Media,2024-01-16 10:58:01.926596
WL_00011,Bad Actor 11,EU,Sanctions,2024-06-10 10:58:01.926596
WL_00012,Bad Actor 12,HM_TREASURY,Adverse Media,2024-02-04 10:58:01.926596
WL_00013,Bad Actor 13,UN,PEP,2024-10-06 10:58:01.926596
WL_00014,Bad Actor 14,OFAC,Sanctions,2025-04-12 10:58:01.926596
WL_00015,Bad Actor 15,EU,Sanctions,2024-05-24 10:58:01.927165
WL_00016,Bad Actor 16,UN,Sanctions,2023-11-07 10:58:01.927165
WL_00017,Bad Actor 17,EU,Sanctions,2023-05-26 10:58:01.927165
WL_00018,Bad Actor 18,HM_TREASURY,PEP,2024-05-26 10:58:01.927165
WL_00019,Bad Actor 19,UN,Adverse Media,2025-02-12 10:58:01.927165
WL_00020,Bad Actor 20,OFAC,Adverse Media,2024-03-11 10:58:01.927165
WL_00021,Bad Actor 21,OFAC,PEP,2024-03-29 10:58:01.927165
WL_00022,Bad Actor 22,EU,Adverse Media,2023-06-06 10:58:01.927165
WL_00023,Bad Actor 23,HM_TREASURY,Sanctions,2024-03-12 10:58:01.927165
WL_00024,Bad Actor 24,HM_TREASURY,PEP,2024-03-27 10:58:01.927165
WL_00025,Bad Actor 25,EU,Adverse Media,2025-01-08 10:58:01.927165
WL_00026,Bad Actor 26,UN,PEP,2023-11-16 10:58:01.927165
WL_00027,Bad Actor 27,UN,PEP,2025-04-13 10:58:01.927165
WL_00028,Bad Actor 28,EU,Adverse Media,2025-11-19 10:58:01.927165
WL_00029,Bad Actor 29,UN,Adverse Media,2025-10-11 10:58:01.927165
WL_00030,Bad Actor 30,UN,PEP,2025-10-01 10:58:01.927165
WL_00031,Bad Actor 31,UN,PEP,2026-02-02 10:58:01.927165
WL_00032,Bad Actor 32,EU,Adverse Media,2025-08-05 10:58:01.927165
WL_00033,Bad Actor 33,OFAC,PEP,2025-10-25 10:58:01.927165
WL_00034,Bad Actor 34,HM_TREASURY,Adverse Media,2023-11-04 10:58:01.927165
WL_00035,Bad Actor 35,OFAC,PEP,2026-01-31 10:58:01.927165
WL_00036,Bad Actor 36,UN,PEP,2024-03-06 10:58:01.927165
WL_00037,Bad Actor 37,EU,PEP,2023-05-30 10:58:01.927165
WL_00038,Bad Actor 38,HM_TREASURY,Adverse Media,2025-08-08 10:58:01.927165
WL_00039,Bad Actor 39,UN,Sanctions,2023-09-21 10:58:01.927165
WL_00040,Bad Actor 40,HM_TREASURY,Adverse Media,2026-01-20 10:58:01.927165
WL_00041,Bad Actor 41,HM_TREASURY,PEP,2025-07-17 10:58:01.927165
WL_00042,Bad Actor 42,OFAC,Sanctions,2024-10-12 10:58:01.927165
WL_00043,Bad Actor 43,UN,Sanctions,2024-04-23 10:58:01.927165
WL_00044,Bad Actor 44,HM_TREASURY,PEP,2025-09-21 10:58:01.927165
WL_00045,Bad Actor 45,OFAC,Adverse Media,2024-04-22 10:58:01.927165
WL_00046,Bad Actor 46,EU,Sanctions,2025-06-14 10:58:01.927165
WL_00047,Bad Actor 47,HM_TREASURY,Sanctions,2024-11-27 10:58:01.927165
WL_00048,Bad Actor 48,UN,Adverse Media,2023-10-08 10:58:01.927165
WL_00049,Bad Actor 49,EU,Adverse Media,2024-05-16 10:58:01.927165
