{
  "filename": "base_merged",
  "rows": 32148,
  "columns": 76,
  "import_time": "2026-02-17T10:58:05.995019",
  "columns_list": [
    "cust_id",
    "customer_name",
    "party_type",
    "risk_rating",
    "country_of_origin",
    "kyc_status",
    "total_transactions",
    "total_amount",
    "avg_amount",
    "max_amount",
    "account_count",
    "total_balance",
    "alert_count",
    "case_count",
    "txn_id",
    "account_id",
    "counterparty_account",
    "amount",
    "currency",
    "txn_type",
    "timestamp",
    "is_credit",
    "customer_id",
    "party_id",
    "customer_name_customer_party",
    "party_type_customer_party",
    "risk_rating_customer_party",
    "country_of_origin_customer_party",
    "kyc_status_customer_party",
    "onboarding_date",
    "account_id_accounts",
    "party_id_accounts",
    "account_type",
    "status",
    "currency_accounts",
    "balance",
    "open_date",
    "alert_id",
    "party_id_alerts",
    "alert_type",
    "severity",
    "status_alerts",
    "created_at",
    "assigned_to",
    "case_id",
    "party_id_cases",
    "case_type",
    "status_cases",
    "priority",
    "opened_date",
    "investigator",
    "kyc_id",
    "party_id_kyc",
    "verification_status",
    "risk_score",
    "last_review",
    "next_review",
    "doc_type",
    "reviewer",
    "period_date",
    "amount_temporal_long",
    "transaction_count",
    "month_2025_09",
    "month_2025_10",
    "month_2025_11",
    "month_2025_12",
    "month_2026_01",
    "month_2026_02",
    "party_id_others1",
    "custom_field_1",
    "custom_score",
    "custom_date",
    "party_id_others2",
    "external_id",
    "rating",
    "notes"
  ]
}