{
  "success": true,
  "timestamp": "2026-02-17T10:58:28.074126",
  "records_processed": 100,
  "dq_score": 0.9175,
  "features_generated": 10,
  "methods_run": 25,
  "alerts_generated": 100,
  "tier_distribution": {
    "LOW": 95,
    "NORMAL": 5
  },
  "execution_time_ms": 412547.627,
  "method_scores": [
    {
      "method": "zscore",
      "category": "Statistical",
      "mean_score": 0.3257,
      "max_score": 1.6583,
      "anomalies": 7
    },
    {
      "method": "iqr",
      "category": "Statistical",
      "mean_score": 0.361,
      "max_score": 1.0,
      "anomalies": 35
    },
    {
      "method": "grubbs",
      "category": "Statistical",
      "mean_score": 0.0723,
      "max_score": 1.0,
      "anomalies": 6
    },
    {
      "method": "dixon",
      "category": "Statistical",
      "mean_score": 0.027,
      "max_score": 1.0,
      "anomalies": 2
    },
    {
      "method": "esd",
      "category": "Statistical",
      "mean_score": 0.058,
      "max_score": 1.0,
      "anomalies": 7
    },
    {
      "method": "isolation_forest",
      "category": "Trees",
      "mean_score": 0.247,
      "max_score": 1.0,
      "anomalies": 9
    },
    {
      "method": "extended_if",
      "category": "Trees",
      "mean_score": 0.246,
      "max_score": 1.0,
      "anomalies": 9
    },
    {
      "method": "pagerank",
      "category": "Graph",
      "mean_score": 0.7546,
      "max_score": 1.0,
      "anomalies": 90
    },
    {
      "method": "hits",
      "category": "Graph",
      "mean_score": 0.88,
      "max_score": 1.0,
      "anomalies": 88
    },
    {
      "method": "community",
      "category": "Graph",
      "mean_score": 0.2918,
      "max_score": 1.0,
      "anomalies": 10
    },
    {
      "method": "centrality",
      "category": "Graph",
      "mean_score": 0.8109,
      "max_score": 1.0,
      "anomalies": 79
    },
    {
      "method": "stl",
      "category": "Timeseries",
      "mean_score": 0.1411,
      "max_score": 1.0,
      "anomalies": 3
    },
    {
      "method": "arima_residual",
      "category": "Timeseries",
      "mean_score": 0.146,
      "max_score": 1.0,
      "anomalies": 3
    },
    {
      "method": "prophet",
      "category": "Timeseries",
      "mean_score": 0.1447,
      "max_score": 1.0,
      "anomalies": 3
    },
    {
      "method": "dbscan",
      "category": "Density",
      "mean_score": 0.75,
      "max_score": 1.0,
      "anomalies": 75
    },
    {
      "method": "optics",
      "category": "Density",
      "mean_score": 0.3,
      "max_score": 1.0,
      "anomalies": 30
    },
    {
      "method": "hdbscan",
      "category": "Density",
      "mean_score": 0.02,
      "max_score": 1.0,
      "anomalies": 2
    },
    {
      "method": "cblof",
      "category": "Density",
      "mean_score": 0.1736,
      "max_score": 1.0,
      "anomalies": 3
    },
    {
      "method": "knn",
      "category": "Distance",
      "mean_score": 0.2244,
      "max_score": 1.0,
      "anomalies": 4
    },
    {
      "method": "lof",
      "category": "Distance",
      "mean_score": 0.04,
      "max_score": 1.0,
      "anomalies": 4
    },
    {
      "method": "kmeans_anomaly",
      "category": "Clustering",
      "mean_score": 0.4043,
      "max_score": 1.0,
      "anomalies": 34
    },
    {
      "method": "spectral",
      "category": "Clustering",
      "mean_score": 0.5151,
      "max_score": 1.0,
      "anomalies": 56
    },
    {
      "method": "mahalanobis",
      "category": "Distance",
      "mean_score": 0.6447,
      "max_score": 1.0,
      "anomalies": 76
    },
    {
      "method": "gmm",
      "category": "Clustering",
      "mean_score": 0.564,
      "max_score": 1.0,
      "anomalies": 63
    },
    {
      "method": "autoencoder",
      "category": "Deep Learning",
      "mean_score": 0.1334,
      "max_score": 1.0,
      "anomalies": 4
    }
  ],
  "layer_timings": {
    "L01": 9.285458326339722,
    "L02": 1.5018062591552734,
    "L03": 1.4024443626403809,
    "L04": 0.11173748970031738,
    "L05": 0.3267529010772705,
    "L06": 0.14029669761657715,
    "L07": 0.061522722244262695,
    "L08": 0.19611048698425293,
    "L09": 0.28209424018859863,
    "L10": 0.002000570297241211,
    "L06_L10": 0.6820247173309326,
    "L05b": 0.0,
    "L11": 30.469642400741577,
    "L12": 345.63174867630005,
    "L13": 0.3088552951812744,
    "L14": 0.01695418357849121
  },
  "data_source": "actual",
  "risk_by_family": [
    {
      "Family": "Statistical",
      "Methods": 5,
      "Critical": 2,
      "High": 3,
      "Medium": 2,
      "Low": 93
    },
    {
      "Family": "Distance",
      "Methods": 3,
      "Critical": 3,
      "High": 1,
      "Medium": 7,
      "Low": 89
    },
    {
      "Family": "Density",
      "Methods": 4,
      "Critical": 2,
      "High": 3,
      "Medium": 25,
      "Low": 70
    },
    {
      "Family": "Clustering",
      "Methods": 3,
      "Critical": 4,
      "High": 34,
      "Medium": 37,
      "Low": 25
    },
    {
      "Family": "Trees",
      "Methods": 2,
      "Critical": 2,
      "High": 3,
      "Medium": 9,
      "Low": 86
    },
    {
      "Family": "Timeseries",
      "Methods": 3,
      "Critical": 2,
      "High": 0,
      "Medium": 3,
      "Low": 95
    },
    {
      "Family": "Graph",
      "Methods": 4,
      "Critical": 29,
      "High": 48,
      "Medium": 11,
      "Low": 12
    },
    {
      "Family": "Deep Learning",
      "Methods": 1,
      "Critical": 2,
      "High": 1,
      "Medium": 1,
      "Low": 96
    }
  ],
  "risk_by_ensemble": [
    {
      "Ensemble Method": "Weighted Average (Concordance)",
      "Total Customers": 100,
      "Critical": 7,
      "High": 14,
      "Medium": 46,
      "Low": 33,
      "Anomaly Rate": "40.0%"
    },
    {
      "Ensemble Method": "Max Score",
      "Total Customers": 100,
      "Critical": 100,
      "High": 0,
      "Medium": 0,
      "Low": 0,
      "Anomaly Rate": "100.0%"
    },
    {
      "Ensemble Method": "Majority Voting",
      "Total Customers": 100,
      "Critical": 3,
      "High": 2,
      "Medium": 2,
      "Low": 93,
      "Anomaly Rate": "5.0%"
    },
    {
      "Ensemble Method": "Stacking (Median+IQR)",
      "Total Customers": 100,
      "Critical": 0,
      "High": 3,
      "Medium": 21,
      "Low": 76,
      "Anomaly Rate": "9.0%"
    },
    {
      "Ensemble Method": "Rank Fusion",
      "Total Customers": 100,
      "Critical": 5,
      "High": 15,
      "Medium": 52,
      "Low": 28,
      "Anomaly Rate": "44.0%"
    }
  ],
  "dq_validation": {
    "dq_score": 0.9921,
    "passed": "True",
    "dimensions": {
      "completeness": 0.973,
      "validity": 1.0,
      "consistency": 1.0,
      "timeliness": 1.989,
      "uniqueness": 0.0031
    },
    "total_rows": 32148,
    "total_cols": 76,
    "step_log": [
      {
        "step": 1,
        "name": "Schema Validation",
        "base_key_exists": true,
        "base_key_not_null": "True",
        "base_key_unique": false,
        "columns_found": 76,
        "status": "PASS"
      },
      {
        "step": 2,
        "name": "Completeness",
        "avg_completeness": 0.973,
        "critical_columns": 3,
        "warning_columns": 1,
        "status": "PASS"
      },
      {
        "step": 3,
        "name": "Validity",
        "validity_score": 1.0,
        "invalid_rules_triggered": 0,
        "status": "PASS"
      },
      {
        "step": 4,
        "name": "Referential Integrity",
        "total_references": 0,
        "valid_references": 0,
        "orphan_count": 0,
        "status": "PASS"
      },
      {
        "step": 5,
        "name": "Uniqueness",
        "pk_uniqueness": 0.0031,
        "full_row_uniqueness": 1.0,
        "total_duplicates": 32148,
        "status": "WARN"
      },
      {
        "step": 6,
        "name": "DQ Score Calculation",
        "dq_score": 0.9921,
        "scores": {
          "completeness": 0.973,
          "validity": 1.0,
          "consistency": 1.0,
          "timeliness": 1.989,
          "uniqueness": 0.0031
        },
        "weights": {
          "completeness": 0.25,
          "validity": 0.25,
          "consistency": 0.2,
          "timeliness": 0.15,
          "uniqueness": 0.15
        },
        "threshold": 0.95,
        "passed": "True",
        "status": "PASS"
      }
    ],
    "timestamp": "2026-02-17T10:58:58.098096"
  },
  "dq_processing": {
    "step_log": [
      {
        "step": 1,
        "name": "Data Type Detection",
        "type_counts": {
          "HIGH_CARDINAL_TEXT": 1,
          "DISCRETE": 12,
          "CONTINUOUS": 37,
          "BINARY": 2
        },
        "total_columns": 52
      },
      {
        "step": 2,
        "name": "Config Exclusions",
        "dropped_count": 0,
        "dropped": []
      },
      {
        "step": 3,
        "name": "PII Removal",
        "dropped_count": 0,
        "dropped": []
      },
      {
        "step": 4,
        "name": "Datetime Handling",
        "datetime_cols_extracted": [],
        "count": 0
      },
      {
        "step": 5,
        "name": "Additional Exclusions (ID/Key)",
        "dropped_count": 0,
        "dropped": []
      },
      {
        "step": 6,
        "name": "Drop Constants",
        "dropped_count": 9,
        "dropped": [
          "vel_txn_count",
          "vel_cumsum",
          "vel_amount_std",
          "agg_amount_range",
          "behav_cust_zscore",
          "behav_unusual",
          "behav_pct_of_max",
          "flag_small_txn",
          "flag_zero_amount"
        ]
      },
      {
        "step": 7,
        "name": "Type Validation",
        "mismatches": 0,
        "details": []
      },
      {
        "step": 8,
        "name": "Error Detection",
        "errors_found": 2,
        "action": "HIGHLIGHT (no drop)"
      },
      {
        "step": 9,
        "name": "Rename Columns",
        "renamed_count": 0,
        "renames": {}
      },
      {
        "step": 10,
        "name": "Drop High Null (>95%)",
        "dropped_count": 0,
        "dropped": []
      },
      {
        "step": 11,
        "name": "Drop High Cardinality (>20)",
        "dropped_count": 0,
        "dropped": []
      },
      {
        "step": 12,
        "name": "Output Summary",
        "final_rows": 100,
        "final_cols": 43,
        "total_dropped": 9,
        "total_renamed": 0
      }
    ],
    "columns_dropped": [
      "vel_txn_count",
      "vel_cumsum",
      "vel_amount_std",
      "agg_amount_range",
      "behav_cust_zscore",
      "behav_unusual",
      "behav_pct_of_max",
      "flag_small_txn",
      "flag_zero_amount"
    ],
    "columns_renamed": {},
    "shape_before": [
      100,
      52
    ],
    "shape_after": [
      100,
      43
    ],
    "summary": [
      {
        "column": "cust_id",
        "pandas_dtype": "object",
        "detected_type": "HIGH_CARDINAL_TEXT",
        "null_pct": 0.0,
        "unique_values": 100,
        "sample_values": "['CUST_XXXX0000', 'CUST_XXXX0001', 'CUST_XXXX0002']"
      },
      {
        "column": "txn_count",
        "pandas_dtype": "int64",
        "detected_type": "CONTINUOUS",
        "null_pct": 0.0,
        "unique_values": 52,
        "sample_values": "[210, 528, 216]"
      },
      {
        "column": "amount_total",
        "pandas_dtype": "float32",
        "detected_type": "CONTINUOUS",
        "null_pct": 0.0,
        "unique_values": 79,
        "sample_values": "[277543.03125, 546707.5, 240990.21875]"
      },
      {
        "column": "amount_mean",
        "pandas_dtype": "float32",
        "detected_type": "CONTINUOUS",
        "null_pct": 0.0,
        "unique_values": 76,
        "sample_values": "[1321.6334228515625, 1035.430908203125, 1115.6954345703125]"
      },
      {
        "column": "amount_median",
        "pandas_dtype": "float32",
        "detected_type": "CONTINUOUS",
        "null_pct": 0.0,
        "unique_values": 76,
        "sample_values": "[702.1900024414062, 470.9849853515625, 627.75]"
      },
      {
        "column": "amount_std",
        "pandas_dtype": "float32",
        "detected_type": "CONTINUOUS",
        "null_pct": 0.0,
        "unique_values": 76,
        "sample_values": "[1439.2061767578125, 1659.7554931640625, 1711.39794921875]"
      },
      {
        "column": "amount_min",
        "pandas_dtype": "float32",
        "detected_type": "CONTINUOUS",
        "null_pct": 0.0,
        "unique_values": 76,
        "sample_values": "[14.109999656677246, 50.88999938964844, 7.380000114440918]"
      },
      {
        "column": "amount_max",
        "pandas_dtype": "float32",
        "detected_type": "CONTINUOUS",
        "null_pct": 0.0,
        "unique_values": 76,
        "sample_values": "[4903.81982421875, 9921.548828125, 9922.4072265625]"
      },
      {
        "column": "amount_range",
        "pandas_dtype": "float64",
        "detected_type": "CONTINUOUS",
        "null_pct": 0.0,
        "unique_values": 76,
        "sample_values": "[4889.709824562073, 9870.658828735352, 9915.027226448059]"
      },
      {
        "column": "amount_cv",
        "pandas_dtype": "float64",
        "detected_type": "CONTINUOUS",
        "null_pct": 0.0,
        "unique_values": 79,
        "sample_values": "[1.0889601009262917, 1.6029594741806346, 1.5339282347779757]"
      },
      {
        "column": "just_below_threshold_count_just_below_10k",
        "pandas_dtype": "int32",
        "detected_type": "DISCRETE",
        "null_pct": 0.0,
        "unique_values": 7,
        "sample_values": "[0, 12, 6]"
      },
      {
        "column": "just_below_threshold_pct_just_below_10k",
        "pandas_dtype": "float64",
        "detected_type": "CONTINUOUS",
        "null_pct": 0.0,
        "unique_values": 28,
        "sample_values": "[0.0, 0.022727272727272728, 0.027777777777777776]"
      },
      {
        "column": "is_weekend_weekend_txn_count",
        "pandas_dtype": "int32",
        "detected_type": "CONTINUOUS",
        "null_pct": 0.0,
        "unique_values": 28,
        "sample_values": "[66, 192, 42]"
      },
      {
        "column": "is_weekend_weekend_txn_pct",
        "pandas_dtype": "float64",
        "detected_type": "CONTINUOUS",
        "null_pct": 0.0,
        "unique_values": 61,
        "sample_values": "[0.3142857142857143, 0.36363636363636365, 0.19444444444444445]"
      },
      {
        "column": "is_night_night_txn_count",
        "pandas_dtype": "int32",
        "detected_type": "CONTINUOUS",
        "null_pct": 0.0,
        "unique_values": 32,
        "sample_values": "[72, 204, 90]"
      },
      {
        "column": "is_night_night_txn_pct",
        "pandas_dtype": "float64",
        "detected_type": "CONTINUOUS",
        "null_pct": 0.0,
        "unique_values": 62,
        "sample_values": "[0.34285714285714286, 0.38636363636363635, 0.4166666666666667]"
      },
      {
        "column": "hour_hour_mean",
        "pandas_dtype": "float64",
        "detected_type": "CONTINUOUS",
        "null_pct": 25.0,
        "unique_values": 73,
        "sample_values": "[10.971428571428572, 11.25, 12.472222222222221]"
      },
      {
        "column": "hour_hour_std",
        "pandas_dtype": "float64",
        "detected_type": "CONTINUOUS",
        "null_pct": 25.0,
        "unique_values": 75,
        "sample_values": "[6.616576461722554, 7.249811880043177, 6.783644260820608]"
      },
      {
        "column": "account_age_days",
        "pandas_dtype": "float64",
        "detected_type": "DISCRETE",
        "null_pct": 25.0,
        "unique_values": 6,
        "sample_values": "[27.0, 30.0, 28.0]"
      },
      {
        "column": "txn_frequency",
        "pandas_dtype": "float64",
        "detected_type": "CONTINUOUS",
        "null_pct": 25.0,
        "unique_values": 66,
        "sample_values": "[7.5, 17.032258064516128, 7.448275862068965]"
      },
      {
        "column": "txn_type_ACH",
        "pandas_dtype": "int64",
        "detected_type": "CONTINUOUS",
        "null_pct": 0.0,
        "unique_values": 27,
        "sample_values": "[48, 84, 48]"
      },
      {
        "column": "txn_type_Cash",
        "pandas_dtype": "int64",
        "detected_type": "CONTINUOUS",
        "null_pct": 0.0,
        "unique_values": 29,
        "sample_values": "[48, 192, 54]"
      },
      {
        "column": "txn_type_Check",
        "pandas_dtype": "int64",
        "detected_type": "CONTINUOUS",
        "null_pct": 0.0,
        "unique_values": 29,
        "sample_values": "[66, 168, 48]"
      },
      {
        "column": "txn_type_Wire",
        "pandas_dtype": "int64",
        "detected_type": "CONTINUOUS",
        "null_pct": 0.0,
        "unique_values": 33,
        "sample_values": "[48, 84, 66]"
      },
      {
        "column": "txn_type_ACH_pct",
        "pandas_dtype": "float64",
        "detected_type": "CONTINUOUS",
        "null_pct": 0.0,
        "unique_values": 58,
        "sample_values": "[0.22857142857142856, 0.1590909090909091, 0.2222222222222222]"
      },
      {
        "column": "txn_type_Cash_pct",
        "pandas_dtype": "float64",
        "detected_type": "CONTINUOUS",
        "null_pct": 0.0,
        "unique_values": 59,
        "sample_values": "[0.22857142857142856, 0.36363636363636365, 0.25]"
      },
      {
        "column": "txn_type_Check_pct",
        "pandas_dtype": "float64",
        "detected_type": "CONTINUOUS",
        "null_pct": 0.0,
        "unique_values": 63,
        "sample_values": "[0.3142857142857143, 0.3181818181818182, 0.2222222222222222]"
      },
      {
        "column": "txn_type_Wire_pct",
        "pandas_dtype": "float64",
        "detected_type": "CONTINUOUS",
        "null_pct": 0.0,
        "unique_values": 59,
        "sample_values": "[0.22857142857142856, 0.1590909090909091, 0.3055555555555556]"
      },
      {
        "column": "amount_gini",
        "pandas_dtype": "float64",
        "detected_type": "CONTINUOUS",
        "null_pct": 0.0,
        "unique_values": 79,
        "sample_values": "[0.5614743676428635, 0.6213249732978952, 0.5927196985594352]"
      },
      {
        "column": "amount_entropy",
        "pandas_dtype": "float64",
        "detected_type": "CONTINUOUS",
        "null_pct": 0.0,
        "unique_values": 24,
        "sample_values": "[3.3071560866521175, 3.313100522146272, 3.308270690265764]"
      },
      {
        "column": "amount_skew",
        "pandas_dtype": "float32",
        "detected_type": "CONTINUOUS",
        "null_pct": 0.0,
        "unique_values": 76,
        "sample_values": "[1.2429741621017456, 3.7154006958007812, 3.8822264671325684]"
      },
      {
        "column": "amount_kurtosis",
        "pandas_dtype": "float32",
        "detected_type": "CONTINUOUS",
        "null_pct": 0.0,
        "unique_values": 76,
        "sample_values": "[0.3691924512386322, 16.33949851989746, 17.244613647460938]"
      },
      {
        "column": "vel_amount_sum",
        "pandas_dtype": "float32",
        "detected_type": "CONTINUOUS",
        "null_pct": 0.0,
        "unique_values": 79,
        "sample_values": "[277543.03125, 546707.5, 240990.21875]"
      },
      {
        "column": "vel_amount_mean",
        "pandas_dtype": "float32",
        "detected_type": "CONTINUOUS",
        "null_pct": 0.0,
        "unique_values": 79,
        "sample_values": "[277543.03125, 546707.5, 240990.21875]"
      },
      {
        "column": "agg_amount_max",
        "pandas_dtype": "float32",
        "detected_type": "CONTINUOUS",
        "null_pct": 0.0,
        "unique_values": 79,
        "sample_values": "[277543.03125, 546707.5, 240990.21875]"
      },
      {
        "column": "agg_amount_min",
        "pandas_dtype": "float32",
        "detected_type": "CONTINUOUS",
        "null_pct": 0.0,
        "unique_values": 79,
        "sample_values": "[277543.03125, 546707.5, 240990.21875]"
      },
      {
        "column": "agg_amount_prank",
        "pandas_dtype": "float64",
        "detected_type": "CONTINUOUS",
        "null_pct": 0.0,
        "unique_values": 79,
        "sample_values": "[0.47, 0.73, 0.4]"
      },
      {
        "column": "agg_amount_quartile",
        "pandas_dtype": "int32",
        "detected_type": "DISCRETE",
        "null_pct": 0.0,
        "unique_values": 4,
        "sample_values": "[1, 2, 1]"
      },
      {
        "column": "ratio_to_mean",
        "pandas_dtype": "float32",
        "detected_type": "CONTINUOUS",
        "null_pct": 0.0,
        "unique_values": 79,
        "sample_values": "[0.730504035949707, 1.4389554262161255, 0.634295642375946]"
      },
      {
        "column": "ratio_zscore",
        "pandas_dtype": "float32",
        "detected_type": "CONTINUOUS",
        "null_pct": 0.0,
        "unique_values": 79,
        "sample_values": "[-0.2748945355415344, 0.44774866104125977, -0.37303024530410767]"
      },
      {
        "column": "ratio_log_amount",
        "pandas_dtype": "float32",
        "detected_type": "CONTINUOUS",
        "null_pct": 0.0,
        "unique_values": 79,
        "sample_values": "[12.533735275268555, 13.211670875549316, 12.392516136169434]"
      },
      {
        "column": "flag_round_amount",
        "pandas_dtype": "int32",
        "detected_type": "BINARY",
        "null_pct": 0.0,
        "unique_values": 2,
        "sample_values": "[0, 0, 0]"
      },
      {
        "column": "flag_large_txn",
        "pandas_dtype": "int32",
        "detected_type": "BINARY",
        "null_pct": 0.0,
        "unique_values": 2,
        "sample_values": "[0, 0, 0]"
      }
    ],
    "data_type_map": {
      "cust_id": "HIGH_CARDINAL_TEXT",
      "txn_count": "CONTINUOUS",
      "amount_total": "CONTINUOUS",
      "amount_mean": "CONTINUOUS",
      "amount_median": "CONTINUOUS",
      "amount_std": "CONTINUOUS",
      "amount_min": "CONTINUOUS",
      "amount_max": "CONTINUOUS",
      "amount_range": "CONTINUOUS",
      "amount_cv": "CONTINUOUS",
      "just_below_threshold_count_just_below_10k": "DISCRETE",
      "just_below_threshold_pct_just_below_10k": "CONTINUOUS",
      "is_weekend_weekend_txn_count": "CONTINUOUS",
      "is_weekend_weekend_txn_pct": "CONTINUOUS",
      "is_night_night_txn_count": "CONTINUOUS",
      "is_night_night_txn_pct": "CONTINUOUS",
      "hour_hour_mean": "CONTINUOUS",
      "hour_hour_std": "CONTINUOUS",
      "account_age_days": "DISCRETE",
      "txn_frequency": "CONTINUOUS",
      "txn_type_ACH": "CONTINUOUS",
      "txn_type_Cash": "CONTINUOUS",
      "txn_type_Check": "CONTINUOUS",
      "txn_type_Wire": "CONTINUOUS",
      "txn_type_ACH_pct": "CONTINUOUS",
      "txn_type_Cash_pct": "CONTINUOUS",
      "txn_type_Check_pct": "CONTINUOUS",
      "txn_type_Wire_pct": "CONTINUOUS",
      "amount_gini": "CONTINUOUS",
      "amount_entropy": "CONTINUOUS",
      "amount_skew": "CONTINUOUS",
      "amount_kurtosis": "CONTINUOUS",
      "vel_txn_count": "DISCRETE",
      "vel_cumsum": "DISCRETE",
      "vel_amount_sum": "CONTINUOUS",
      "vel_amount_mean": "CONTINUOUS",
      "vel_amount_std": "DISCRETE",
      "agg_amount_max": "CONTINUOUS",
      "agg_amount_min": "CONTINUOUS",
      "agg_amount_range": "DISCRETE",
      "agg_amount_prank": "CONTINUOUS",
      "agg_amount_quartile": "DISCRETE",
      "behav_cust_zscore": "DISCRETE",
      "behav_unusual": "DISCRETE",
      "behav_pct_of_max": "DISCRETE",
      "ratio_to_mean": "CONTINUOUS",
      "ratio_zscore": "CONTINUOUS",
      "ratio_log_amount": "CONTINUOUS",
      "flag_round_amount": "BINARY",
      "flag_large_txn": "BINARY",
      "flag_small_txn": "DISCRETE",
      "flag_zero_amount": "DISCRETE"
    }
  },
  "preprocessing": {
    "shape_before": [
      100,
      43
    ],
    "shape_after": [
      100,
      42
    ],
    "encoding_map": {
      "txn_count": "CONTINUOUS \u2192 float64",
      "amount_total": "CONTINUOUS \u2192 float64",
      "amount_mean": "CONTINUOUS \u2192 float64",
      "amount_median": "CONTINUOUS \u2192 float64",
      "amount_std": "CONTINUOUS \u2192 float64",
      "amount_min": "CONTINUOUS \u2192 float64",
      "amount_max": "CONTINUOUS \u2192 float64",
      "amount_range": "CONTINUOUS \u2192 float64",
      "amount_cv": "CONTINUOUS \u2192 float64",
      "just_below_threshold_count_just_below_10k": "DISCRETE \u2192 int32",
      "just_below_threshold_pct_just_below_10k": "CONTINUOUS \u2192 float64",
      "is_weekend_weekend_txn_count": "CONTINUOUS \u2192 float64",
      "is_weekend_weekend_txn_pct": "CONTINUOUS \u2192 float64",
      "is_night_night_txn_count": "CONTINUOUS \u2192 float64",
      "is_night_night_txn_pct": "CONTINUOUS \u2192 float64",
      "hour_hour_mean": "CONTINUOUS \u2192 float64",
      "hour_hour_std": "CONTINUOUS \u2192 float64",
      "account_age_days": "DISCRETE \u2192 int32",
      "txn_frequency": "CONTINUOUS \u2192 float64",
      "txn_type_ACH": "CONTINUOUS \u2192 float64",
      "txn_type_Cash": "CONTINUOUS \u2192 float64",
      "txn_type_Check": "CONTINUOUS \u2192 float64",
      "txn_type_Wire": "CONTINUOUS \u2192 float64",
      "txn_type_ACH_pct": "CONTINUOUS \u2192 float64",
      "txn_type_Cash_pct": "CONTINUOUS \u2192 float64",
      "txn_type_Check_pct": "CONTINUOUS \u2192 float64",
      "txn_type_Wire_pct": "CONTINUOUS \u2192 float64",
      "amount_gini": "CONTINUOUS \u2192 float64",
      "amount_entropy": "CONTINUOUS \u2192 float64",
      "amount_skew": "CONTINUOUS \u2192 float64",
      "amount_kurtosis": "CONTINUOUS \u2192 float64",
      "vel_amount_sum": "CONTINUOUS \u2192 float64",
      "vel_amount_mean": "CONTINUOUS \u2192 float64",
      "agg_amount_max": "CONTINUOUS \u2192 float64",
      "agg_amount_min": "CONTINUOUS \u2192 float64",
      "agg_amount_prank": "CONTINUOUS \u2192 float64",
      "agg_amount_quartile": "DISCRETE \u2192 int32",
      "ratio_to_mean": "CONTINUOUS \u2192 float64",
      "ratio_zscore": "CONTINUOUS \u2192 float64",
      "ratio_log_amount": "CONTINUOUS \u2192 float64",
      "flag_round_amount": "BINARY \u2192 0/1 int8",
      "flag_large_txn": "BINARY \u2192 0/1 int8"
    },
    "missing_treatment": {
      "txn_count": "NONE",
      "amount_total": "NONE",
      "amount_mean": "NONE",
      "amount_median": "NONE",
      "amount_std": "NONE",
      "amount_min": "NONE",
      "amount_max": "NONE",
      "amount_range": "NONE",
      "amount_cv": "NONE",
      "just_below_threshold_count_just_below_10k": "NONE",
      "just_below_threshold_pct_just_below_10k": "NONE",
      "is_weekend_weekend_txn_count": "NONE",
      "is_weekend_weekend_txn_pct": "NONE",
      "is_night_night_txn_count": "NONE",
      "is_night_night_txn_pct": "NONE",
      "hour_hour_mean": "ZERO_FILL (25)",
      "hour_hour_std": "ZERO_FILL (25)",
      "account_age_days": "ZERO_FILL (25)",
      "txn_frequency": "ZERO_FILL (25)",
      "txn_type_ACH": "NONE",
      "txn_type_Cash": "NONE",
      "txn_type_Check": "NONE",
      "txn_type_Wire": "NONE",
      "txn_type_ACH_pct": "NONE",
      "txn_type_Cash_pct": "NONE",
      "txn_type_Check_pct": "NONE",
      "txn_type_Wire_pct": "NONE",
      "amount_gini": "NONE",
      "amount_entropy": "NONE",
      "amount_skew": "NONE",
      "amount_kurtosis": "NONE",
      "vel_amount_sum": "NONE",
      "vel_amount_mean": "NONE",
      "agg_amount_max": "NONE",
      "agg_amount_min": "NONE",
      "agg_amount_prank": "NONE",
      "agg_amount_quartile": "NONE",
      "ratio_to_mean": "NONE",
      "ratio_zscore": "NONE",
      "ratio_log_amount": "NONE",
      "flag_round_amount": "NONE",
      "flag_large_txn": "NONE"
    },
    "step_log": [
      {
        "step": "A",
        "name": "Missing Value Treatment",
        "strategy": "ZERO",
        "total_missing_treated": 100,
        "columns_treated": 4
      },
      {
        "step": "B",
        "name": "Datetime Decomposition",
        "new_features": 0,
        "derived_cols": 0
      },
      {
        "step": "C",
        "name": "Feature Encoding",
        "total_encoded": 42,
        "onehot_new_cols": 0,
        "label_encoded_cols": 2
      },
      {
        "step": "D",
        "name": "Final Audit",
        "nan_remaining": 0,
        "non_numeric_remaining": 0,
        "is_100pct_numeric": true,
        "final_shape": [
          100,
          42
        ]
      }
    ],
    "columns_before": [
      "txn_count",
      "amount_total",
      "amount_mean",
      "amount_median",
      "amount_std",
      "amount_min",
      "amount_max",
      "amount_range",
      "amount_cv",
      "just_below_threshold_count_just_below_10k",
      "just_below_threshold_pct_just_below_10k",
      "is_weekend_weekend_txn_count",
      "is_weekend_weekend_txn_pct",
      "is_night_night_txn_count",
      "is_night_night_txn_pct",
      "hour_hour_mean",
      "hour_hour_std",
      "account_age_days",
      "txn_frequency",
      "txn_type_ACH",
      "txn_type_Cash",
      "txn_type_Check",
      "txn_type_Wire",
      "txn_type_ACH_pct",
      "txn_type_Cash_pct",
      "txn_type_Check_pct",
      "txn_type_Wire_pct",
      "amount_gini",
      "amount_entropy",
      "amount_skew",
      "amount_kurtosis",
      "vel_amount_sum",
      "vel_amount_mean",
      "agg_amount_max",
      "agg_amount_min",
      "agg_amount_prank",
      "agg_amount_quartile",
      "ratio_to_mean",
      "ratio_zscore",
      "ratio_log_amount",
      "flag_round_amount",
      "flag_large_txn"
    ],
    "columns_after": [
      "txn_count",
      "amount_total",
      "amount_mean",
      "amount_median",
      "amount_std",
      "amount_min",
      "amount_max",
      "amount_range",
      "amount_cv",
      "just_below_threshold_count_just_below_10k",
      "just_below_threshold_pct_just_below_10k",
      "is_weekend_weekend_txn_count",
      "is_weekend_weekend_txn_pct",
      "is_night_night_txn_count",
      "is_night_night_txn_pct",
      "hour_hour_mean",
      "hour_hour_std",
      "account_age_days",
      "txn_frequency",
      "txn_type_ACH",
      "txn_type_Cash",
      "txn_type_Check",
      "txn_type_Wire",
      "txn_type_ACH_pct",
      "txn_type_Cash_pct",
      "txn_type_Check_pct",
      "txn_type_Wire_pct",
      "amount_gini",
      "amount_entropy",
      "amount_skew",
      "amount_kurtosis",
      "vel_amount_sum",
      "vel_amount_mean",
      "agg_amount_max",
      "agg_amount_min",
      "agg_amount_prank",
      "agg_amount_quartile",
      "ratio_to_mean",
      "ratio_zscore",
      "ratio_log_amount",
      "flag_round_amount",
      "flag_large_txn"
    ]
  },
  "transform": {
    "mode": "auto",
    "shape_before": [
      100,
      42
    ],
    "shape_after": [
      100,
      42
    ],
    "columns_log_transformed": [
      "just_below_threshold_count_just_below_10k",
      "just_below_threshold_pct_just_below_10k"
    ],
    "columns_power_transformed": [],
    "skew_before": {
      "txn_count": 1.037,
      "amount_total": 1.681,
      "amount_mean": 0.691,
      "amount_median": 0.362,
      "amount_std": -0.03,
      "amount_min": 1.132,
      "amount_max": -0.104,
      "amount_range": -0.175,
      "amount_cv": -0.608,
      "just_below_threshold_count_just_below_10k": 5.151,
      "just_below_threshold_pct_just_below_10k": 2.362,
      "is_weekend_weekend_txn_count": 0.769,
      "is_weekend_weekend_txn_pct": -0.61,
      "is_night_night_txn_count": 1.153,
      "is_night_night_txn_pct": -0.62,
      "hour_hour_mean": -1.009,
      "hour_hour_std": -1.094,
      "account_age_days": -1.13,
      "txn_frequency": 0.996,
      "txn_type_ACH": 1.113
    },
    "skew_after": {
      "txn_count": 1.037,
      "amount_total": 1.681,
      "amount_mean": 0.691,
      "amount_median": 0.362,
      "amount_std": -0.03,
      "amount_min": 1.132,
      "amount_max": -0.104,
      "amount_range": -0.175,
      "amount_cv": -0.608,
      "just_below_threshold_count_just_below_10k": 0.542,
      "just_below_threshold_pct_just_below_10k": 2.217,
      "is_weekend_weekend_txn_count": 0.769,
      "is_weekend_weekend_txn_pct": -0.61,
      "is_night_night_txn_count": 1.153,
      "is_night_night_txn_pct": -0.62,
      "hour_hour_mean": -1.009,
      "hour_hour_std": -1.094,
      "account_age_days": -1.13,
      "txn_frequency": 0.996,
      "txn_type_ACH": 1.113
    },
    "step_log": [
      {
        "step": "TRANSFORM",
        "mode": "auto",
        "skew_threshold": 2.0,
        "total_columns": 42,
        "log_transformed": 2,
        "power_transformed": 0,
        "binary_skipped": 2,
        "below_threshold_skipped": 38
      }
    ]
  },
  "scaling": {
    "step_log": [
      {
        "step": "V27_BINARY_DETECT",
        "binary_cols": 2,
        "continuous_cols": 40,
        "binary_col_names": [
          "flag_round_amount",
          "flag_large_txn"
        ]
      },
      {
        "scaler": "StandardScaler",
        "shape": [
          100,
          42
        ],
        "min": -2.2444289086618223,
        "max": 5.291432830778226,
        "mean": 0.0014285714285714286,
        "status": "OK"
      },
      {
        "scaler": "MinMaxScaler",
        "shape": [
          100,
          42
        ],
        "min": 0.0,
        "max": 1.0000000000000002,
        "mean": 0.3580044264327827,
        "status": "OK"
      },
      {
        "scaler": "RobustScaler",
        "shape": [
          100,
          42
        ],
        "min": -3.932859460972723,
        "max": 5.208739146227319,
        "mean": 0.022792481098273518,
        "status": "OK"
      },
      {
        "scaler": "MaxAbsScaler",
        "shape": [
          100,
          42
        ],
        "min": -0.24142832745017262,
        "max": 1.0,
        "mean": 0.37329711339009436,
        "status": "OK"
      },
      {
        "scaler": "PowerTransformer",
        "shape": [
          100,
          42
        ],
        "min": -2.5113662458851866,
        "max": 2.574626964782754,
        "mean": 0.0014285714285720782,
        "status": "OK"
      },
      {
        "scaler": "Original",
        "shape": [
          100,
          42
        ],
        "min": -1.009091854095459,
        "max": 1936746.125,
        "mean": 45597.562037750184,
        "status": "OK"
      }
    ],
    "scaler_stats": {
      "StandardScaler": {
        "mean_range": [
          -9.384937584400177e-08,
          379933.5600390625
        ],
        "std_range": [
          0.02150333664604252,
          370605.13739291305
        ],
        "binary_cols_passthrough": 2
      },
      "MinMaxScaler": {
        "data_min": [
          -1.009091854095459,
          4074.9599609375
        ],
        "data_max": [
          0.1286173778220936,
          1936746.125
        ],
        "binary_cols_passthrough": 2
      },
      "RobustScaler": {
        "center_range": [
          -0.23158584535121918,
          293674.3125
        ],
        "scale_range": [
          0.0246926125903715,
          473389.1259765625
        ],
        "binary_cols_passthrough": 2
      },
      "MaxAbsScaler": {
        "max_abs_range": [
          0.1286173778220936,
          1936746.125
        ],
        "binary_cols_passthrough": 2
      },
      "PowerTransformer": {
        "lambdas": [
          0.402856857872573,
          0.3541455483509922,
          -0.2613604588777752,
          0.5587531939024545,
          0.40963515244271015
        ],
        "method": "yeo-johnson",
        "const_cols_skipped": 2
      },
      "Original": {
        "action": "passthrough (no scaling)"
      }
    },
    "input_shape": [
      100,
      42
    ],
    "feature_names": [
      "txn_count",
      "amount_total",
      "amount_mean",
      "amount_median",
      "amount_std",
      "amount_min",
      "amount_max",
      "amount_range",
      "amount_cv",
      "just_below_threshold_count_just_below_10k",
      "just_below_threshold_pct_just_below_10k",
      "is_weekend_weekend_txn_count",
      "is_weekend_weekend_txn_pct",
      "is_night_night_txn_count",
      "is_night_night_txn_pct",
      "hour_hour_mean",
      "hour_hour_std",
      "account_age_days",
      "txn_frequency",
      "txn_type_ACH",
      "txn_type_Cash",
      "txn_type_Check",
      "txn_type_Wire",
      "txn_type_ACH_pct",
      "txn_type_Cash_pct",
      "txn_type_Check_pct",
      "txn_type_Wire_pct",
      "amount_gini",
      "amount_entropy",
      "amount_skew",
      "amount_kurtosis",
      "vel_amount_sum",
      "vel_amount_mean",
      "agg_amount_max",
      "agg_amount_min",
      "agg_amount_prank",
      "agg_amount_quartile",
      "ratio_to_mean",
      "ratio_zscore",
      "ratio_log_amount",
      "flag_round_amount",
      "flag_large_txn"
    ]
  },
  "reduction": {
    "path_used": 9,
    "path_name": "Agent Decide",
    "dims_before": 42,
    "dims_after": 42,
    "explained_variance": null,
    "agent_selection": {
      "mode": "DECIDE",
      "N": 100,
      "V": 42,
      "RxV": 4200,
      "n_categorical": 0,
      "cat_ratio": 0.0,
      "selected_path": 2,
      "selected_name": "Mixed PCA",
      "target_dims": 20,
      "reason": "V=42 (20-50), R=100 < 5K: Mixed PCA"
    },
    "step_log": [
      {
        "path": 9,
        "action": "Agent Decide",
        "delegated_to": 2,
        "target_dims": 20,
        "reason": "V=42 (20-50), R=100 < 5K: Mixed PCA"
      },
      {
        "path": 2,
        "warning": "No continuous features for PCA"
      }
    ]
  }
}