{
  "timestamp": "2026-02-16T17:12:18.028264",
  "data_source": "actual",
  "data_label": "actual_loaded",
  "missing_strategy": "ZERO",
  "transform_mode": "auto",
  "primary_scaler": "Auto",
  "reduction_path": 1,
  "scaler_key": "StandardScaler",
  "target_dims": null,
  "shape_raw": [
    32148,
    76
  ],
  "shape_premaster": [
    32148,
    172
  ],
  "total_time_s": 13.94,
  "stage_log": [
    "Raw data: 32148 rows \u00d7 76 cols",
    "M2 DQ: (32148, 76)\u2192(32148, 48) (1.29s) | dropped 28 cols",
    "M3 Encode: (32148, 48)\u2192(32148, 172) (2.11s) | 101 cols encoded",
    "M3.5 Transform: mode=auto (1.57s) | 22 log + 0 power cols",
    "M4 Scale: 6 scalers (8.41s) | input (32148, 172)",
    "M5 Reduce: path 1 (None (No Reduction)) (0.00s) | 172\u2192172 dims",
    "Total: 13.94s"
  ]
}