cust_id,party_type,risk_rating,country_of_origin,kyc_status,total_transactions,total_amount,avg_amount,max_amount,account_count,total_balance,alert_count,case_count
CUST_XXXX0000,Individual,Low,IN,Verified,21,21089.5,1004.26,9921.55,1,19568.56,0,0
CUST_XXXX0001,Trust,Medium,KY,Verified,31,38882.87,1254.29,9980.87,2,75569.28,0,0
CUST_XXXX0002,Corporate,Low,SG,Pending,0,0.0,0.0,0.0,0,0.0,0,0
CUST_XXXX0003,Individual,Low,US,Verified,40,48170.88,1204.27,9922.41,2,19905.92,1,0
CUST_XXXX0004,Individual,High,IN,Verified,44,64329.99,1462.05,9929.3,2,38246.64,1,0
CUST_XXXX0005,Individual,Low,KY,Verified,0,0.0,0.0,0.0,0,0.0,0,0
CUST_XXXX0006,Individual,Low,DE,Expired,50,54827.56,1096.55,9979.64,2,53174.94,0,0
CUST_XXXX0007,Corporate,Medium,IN,Verified,44,36615.52,832.17,4845.41,2,125911.27,0,0
CUST_XXXX0008,Individual,Low,KY,Verified,64,71801.95,1121.91,9937.2,3,70516.72,0,1
CUST_XXXX0009,Corporate,Low,DE,Verified,16,17857.14,1116.07,3309.89,1,11727.52,0,0
CUST_XXXX0010,Individual,Low,SG,Verified,0,0.0,0.0,0.0,0,0.0,1,0
CUST_XXXX0011,Trust,Low,IN,Expired,98,126422.92,1290.03,9979.86,6,98069.58,0,0
CUST_XXXX0012,Corporate,High,DE,Verified,81,122434.48,1511.54,9967.47,4,41277.9,0,0
CUST_XXXX0013,Individual,Medium,US,Verified,20,27669.64,1383.48,9906.35,1,19113.71,0,0
CUST_XXXX0014,Individual,Medium,SG,Pending,0,0.0,0.0,0.0,0,0.0,0,0
CUST_XXXX0015,Individual,Medium,US,Verified,61,56196.69,921.26,2952.28,3,106569.3,0,0
CUST_XXXX0016,Individual,Medium,VG,Verified,51,59358.71,1163.9,4671.6,3,228473.53,0,0
CUST_XXXX0017,Individual,Low,UK,Verified,20,20009.3,1000.46,3570.04,1,34984.1,0,0
CUST_XXXX0018,Individual,Medium,IN,Verified,34,43015.24,1265.15,6096.55,2,70304.31,0,0
CUST_XXXX0019,Individual,Low,DE,Verified,0,0.0,0.0,0.0,0,0.0,0,1
CUST_XXXX0020,Individual,Medium,UK,Pending,26,27244.02,1047.85,7525.2,1,26343.4,0,1
CUST_XXXX0021,Individual,Medium,UK,Pending,0,0.0,0.0,0.0,0,0.0,0,0
CUST_XXXX0022,Individual,Low,DE,Pending,62,52527.9,847.22,3969.54,3,64635.31,1,0
CUST_XXXX0023,Individual,Low,SG,Expired,76,90300.02,1188.16,9967.34,4,111917.39,1,1
CUST_XXXX0024,Individual,Low,IN,Verified,17,26340.37,1549.43,9900.6,1,9274.31,0,0
CUST_XXXX0025,Corporate,Low,VG,Verified,13,15134.6,1164.2,3161.35,1,23859.57,0,1
CUST_XXXX0026,Individual,Medium,US,Pending,20,17375.54,868.78,3592.17,1,22599.73,0,0
CUST_XXXX0027,Individual,Medium,KY,Verified,14,11902.14,850.15,2573.49,1,5978.04,0,0
CUST_XXXX0028,Individual,Low,US,Verified,52,54901.64,1055.8,9986.81,3,154314.34,0,0
CUST_XXXX0029,Individual,Low,KY,Pending,15,16875.38,1125.03,3402.38,1,13382.42,1,0
CUST_XXXX0030,Individual,Low,US,Pending,0,0.0,0.0,0.0,0,0.0,0,0
CUST_XXXX0031,Individual,Low,DE,Verified,20,19289.42,964.47,2526.23,1,33817.71,0,0
CUST_XXXX0032,Individual,Low,VG,Verified,51,51063.07,1001.24,5662.54,3,60176.57,0,0
CUST_XXXX0033,Trust,Low,IN,Verified,26,15354.69,590.57,2864.4,1,2656.1,0,0
CUST_XXXX0034,Trust,High,KY,Verified,72,71306.37,990.37,4117.3,3,83936.39,0,0
CUST_XXXX0035,Corporate,Low,IN,Verified,54,53894.47,998.05,4894.8,3,82630.65,0,0
CUST_XXXX0036,Individual,Low,IN,Verified,31,38192.68,1232.02,9922.96,2,43744.53,1,0
CUST_XXXX0037,Individual,Medium,IN,Verified,27,25452.05,942.67,3510.46,1,31896.84,1,0
CUST_XXXX0038,Individual,Low,JP,Verified,33,51533.65,1561.63,9982.18,2,64034.23,0,0
CUST_XXXX0039,Individual,High,SG,Verified,34,43172.36,1269.78,9998.02,2,37501.94,0,1
CUST_XXXX0040,Individual,High,US,Verified,0,0.0,0.0,0.0,0,0.0,0,0
CUST_XXXX0041,Individual,Low,IN,Verified,44,72495.46,1647.62,9928.6,2,16027.09,1,0
CUST_XXXX0042,Individual,Low,US,Pending,45,47645.14,1058.78,3753.36,2,19370.84,1,0
CUST_XXXX0043,Trust,Low,IN,Verified,15,14240.67,949.38,3792.31,1,13146.59,0,0
CUST_XXXX0044,Individual,Low,KY,Verified,32,25929.58,810.3,3212.54,1,13038.42,1,0
CUST_XXXX0045,Individual,Low,SG,Verified,38,27110.58,713.44,2724.68,2,81919.28,0,0
CUST_XXXX0046,Individual,Medium,SG,Pending,0,0.0,0.0,0.0,0,0.0,0,0
CUST_XXXX0047,Individual,Low,DE,Verified,0,0.0,0.0,0.0,0,0.0,0,0
CUST_XXXX0048,Individual,Low,JP,Verified,45,73784.97,1639.67,9934.6,2,67522.98,0,0
CUST_XXXX0049,Individual,Low,DE,Verified,31,29000.02,935.48,3403.23,2,55297.04,1,0
CUST_XXXX0050,Trust,High,DE,Verified,27,36983.0,1369.74,9901.53,1,35125.24,1,0
CUST_XXXX0051,Corporate,Low,DE,Verified,36,34390.96,955.3,4046.77,2,28017.03,0,0
CUST_XXXX0052,Trust,Low,DE,Verified,36,34652.94,962.58,3750.32,2,32881.17,1,0
CUST_XXXX0053,Corporate,Low,DE,Verified,0,0.0,0.0,0.0,0,0.0,1,0
CUST_XXXX0054,Individual,High,VG,Verified,21,35657.87,1697.99,9977.39,1,34088.84,3,0
CUST_XXXX0055,Trust,Low,SG,Expired,0,0.0,0.0,0.0,0,0.0,0,1
CUST_XXXX0056,Individual,Medium,DE,Verified,16,9534.08,595.88,1780.93,1,11859.37,0,0
CUST_XXXX0057,Individual,Medium,IN,Verified,80,91318.58,1141.48,4903.82,4,95823.92,0,0
CUST_XXXX0058,Individual,Low,SG,Pending,28,26426.08,943.79,3315.53,1,834.96,0,0
CUST_XXXX0059,Individual,Medium,SG,Verified,0,0.0,0.0,0.0,0,0.0,0,1
CUST_XXXX0060,Individual,Low,UK,Verified,38,37457.99,985.74,9926.94,2,17891.21,2,0
CUST_XXXX0061,Individual,Medium,VG,Verified,43,47826.18,1112.24,5419.11,2,73414.82,0,0
CUST_XXXX0062,Corporate,Medium,DE,Verified,0,0.0,0.0,0.0,0,0.0,1,0
CUST_XXXX0063,Individual,Low,US,Expired,28,50596.99,1807.04,9968.8,1,2752.26,0,0
CUST_XXXX0064,Individual,Low,KY,Pending,40,58111.18,1452.78,9998.83,2,38374.07,0,1
CUST_XXXX0065,Individual,Medium,JP,Verified,22,20802.13,945.55,9938.95,1,10360.3,0,0
CUST_XXXX0066,Individual,Low,IN,Verified,17,24368.5,1433.44,4433.24,1,11903.42,0,0
CUST_XXXX0067,Corporate,Low,US,Verified,20,17330.23,866.51,3985.75,1,32374.4,0,0
CUST_XXXX0068,Individual,Low,VG,Verified,44,56428.99,1282.48,9914.82,2,33266.79,0,0
CUST_XXXX0069,Trust,Low,KY,Verified,0,0.0,0.0,0.0,0,0.0,0,0
CUST_XXXX0070,Corporate,Medium,VG,Verified,53,93645.75,1766.9,9983.17,2,78458.32,0,0
CUST_XXXX0071,Individual,Low,IN,Verified,0,0.0,0.0,0.0,0,0.0,0,0
CUST_XXXX0072,Individual,Low,SG,Verified,27,28443.03,1053.45,9973.14,1,1785.29,0,1
CUST_XXXX0073,Corporate,Low,KY,Verified,57,59695.13,1047.28,9921.05,3,98818.44,0,0
CUST_XXXX0074,Corporate,Medium,SG,Expired,35,46197.88,1319.94,7339.0,2,4658.2,0,0
CUST_XXXX0075,Corporate,Low,IN,Verified,40,36006.09,900.15,3306.62,2,45856.3,0,0
CUST_XXXX0076,Corporate,Medium,US,Verified,0,0.0,0.0,0.0,0,0.0,0,0
CUST_XXXX0077,Individual,Low,IN,Verified,10,6137.52,613.75,2824.98,1,18099.11,2,0
CUST_XXXX0078,Individual,High,US,Verified,0,0.0,0.0,0.0,0,0.0,0,0
CUST_XXXX0079,Individual,Low,KY,Verified,29,38860.23,1340.01,9920.94,1,4559.96,1,0
CUST_XXXX0080,Corporate,Low,KY,Verified,29,30183.81,1040.82,4108.48,1,10483.69,0,0
CUST_XXXX0081,Individual,Low,DE,Pending,20,36015.54,1800.78,9928.94,1,4523.68,0,0
CUST_XXXX0082,Individual,High,VG,Verified,42,63145.53,1503.47,9950.28,2,61281.18,1,0
CUST_XXXX0083,Individual,Medium,DE,Verified,41,54928.33,1339.72,9942.06,2,167460.97,0,0
CUST_XXXX0084,Individual,Low,VG,Verified,17,16898.9,994.05,2756.61,1,13912.53,1,0
CUST_XXXX0085,Individual,Medium,DE,Verified,51,62531.25,1226.1,9984.46,2,103772.14,0,0
CUST_XXXX0086,Corporate,Medium,SG,Pending,46,52551.54,1142.42,5792.42,2,82617.19,0,0
CUST_XXXX0087,Individual,Low,KY,Verified,0,0.0,0.0,0.0,0,0.0,0,0
CUST_XXXX0088,Corporate,Low,US,Verified,76,113679.85,1495.79,9998.22,4,43913.71,0,0
CUST_XXXX0089,Individual,Low,VG,Verified,37,50794.34,1372.82,9946.39,2,10193.15,0,0
CUST_XXXX0090,Individual,Low,IN,Verified,29,31664.12,1091.87,9929.75,1,21283.12,0,0
CUST_XXXX0091,Corporate,Medium,VG,Verified,19,38029.5,2001.55,9977.0,1,17100.9,0,0
CUST_XXXX0092,Corporate,High,US,Verified,32,20543.48,641.98,3172.9,2,18664.72,0,0
CUST_XXXX0093,Individual,Medium,DE,Verified,0,0.0,0.0,0.0,0,0.0,1,0
CUST_XXXX0094,Corporate,Low,VG,Verified,52,48208.86,927.09,9954.58,3,130009.23,1,0
CUST_XXXX0095,Individual,Low,JP,Verified,67,72230.74,1078.07,9937.06,3,18106.93,0,0
CUST_XXXX0096,Individual,Medium,SG,Verified,0,0.0,0.0,0.0,0,0.0,1,0
CUST_XXXX0097,Individual,Medium,KY,Verified,0,0.0,0.0,0.0,0,0.0,0,0
CUST_XXXX0098,Individual,Medium,US,Verified,89,107597.99,1208.97,9964.84,4,57290.34,0,0
CUST_XXXX0099,Individual,Medium,KY,Verified,38,34598.16,910.48,5891.76,2,61755.68,1,0
