case_id,customer_id,case_open_date,case_type,status,outcome
CASE0001,CUST00034,2026-01-31 13:52:36.520111,EDD,Filed,Pending
CASE0002,CUST00063,2025-09-07 13:52:36.520138,SAR,Open,FP
CASE0003,CUST00009,2026-01-03 13:52:36.520154,STR,Filed,TP
CASE0004,CUST00060,2025-12-22 13:52:36.520167,EDD,Open,FP
CASE0005,CUST00049,2025-11-15 13:52:36.520180,SAR,Open,FP
CASE0006,CUST00097,2026-01-11 13:52:36.520193,STR,Closed,Pending
CASE0007,CUST00051,2025-12-19 13:52:36.520204,STR,Open,TP
CASE0008,CUST00060,2025-10-27 13:52:36.520216,SAR,Closed,Pending
CASE0009,CUST00070,2025-08-22 13:52:36.520228,STR,Filed,TP
CASE0010,CUST00037,2025-10-30 13:52:36.520239,EDD,Closed,FP
CASE0011,CUST00031,2026-01-10 13:52:36.520251,SAR,Filed,TP
CASE0012,CUST00098,2025-10-04 13:52:36.520262,STR,Open,TP
CASE0013,CUST00041,2025-11-18 13:52:36.520274,STR,Filed,FP
CASE0014,CUST00062,2026-01-29 13:52:36.520286,SAR,Filed,FP
CASE0015,CUST00093,2025-10-25 13:52:36.520298,SAR,Open,TP
CASE0016,CUST00058,2025-08-25 13:52:36.520310,SAR,Filed,Pending
CASE0017,CUST00014,2026-02-07 13:52:36.520321,SAR,Open,TP
CASE0018,CUST00036,2025-12-31 13:52:36.520333,EDD,Closed,FP
CASE0019,CUST00036,2026-01-18 13:52:36.520346,SAR,Open,Pending
CASE0020,CUST00079,2025-12-05 13:52:36.520358,EDD,Open,FP
