{
  "_comment": "V29 Algorithm Execution Pipeline — Default Configuration",
  "_version": "29.0.0",
  "_note": "Edit this file to override Agent Auto selections. Set enabled=false to skip an algorithm.",
  "algorithms": [
    {"name": "IQR",           "family": "Statistical",   "enabled": true, "params": {"multiplier": 1.5}},
    {"name": "ZScore",        "family": "Statistical",   "enabled": true, "params": {"threshold": 3.0}},
    {"name": "Mahalanobis",   "family": "Statistical",   "enabled": true, "params": {}},
    {"name": "Benford",       "family": "Statistical",   "enabled": true, "params": {"first_digit_only": true}},
    {"name": "ExtIF",         "family": "Tree",          "enabled": true, "params": {"n_estimators": 100, "contamination": 0.05}},
    {"name": "HBOS",          "family": "Density",       "enabled": true, "params": {"n_bins": 10, "alpha": 0.1, "contamination": 0.05}},
    {"name": "LOF",           "family": "Density",       "enabled": true, "params": {"n_neighbors": 20, "contamination": 0.05}},
    {"name": "ECOD",          "family": "Density",       "enabled": true, "params": {"contamination": 0.05}},
    {"name": "COPOD",         "family": "Density",       "enabled": true, "params": {"contamination": 0.05}},
    {"name": "KNN",           "family": "Distance",      "enabled": true, "params": {"n_neighbors": 10, "method": "largest", "contamination": 0.05}},
    {"name": "GMM",           "family": "Clustering",    "enabled": true, "params": {"n_components": 5, "contamination": 0.05}},
    {"name": "HDBSCAN",       "family": "Clustering",    "enabled": true, "params": {"min_cluster_size": 15, "min_samples": 5}},
    {"name": "BIRCH",         "family": "Clustering",    "enabled": true, "params": {"n_clusters": 8, "threshold": 0.5}},
    {"name": "PageRank",      "family": "Graph",         "enabled": true, "params": {"alpha": 0.85, "max_iter": 100}},
    {"name": "Leiden",        "family": "Graph",         "enabled": true, "params": {"resolution": 1.0}},
    {"name": "OddBall",       "family": "Graph",         "enabled": true, "params": {}},
    {"name": "Betweenness",   "family": "Graph",         "enabled": true, "params": {}},
    {"name": "ChangePoint",   "family": "TimeSeries",    "enabled": true, "params": {"penalty": "mbic"}},
    {"name": "MatrixProfile", "family": "TimeSeries",    "enabled": true, "params": {"window_size": 10}},
    {"name": "VAE",           "family": "DeepLearning",  "enabled": true, "params": {"hidden_neurons": [64, 32, 16], "epochs": 50, "contamination": 0.05}}
  ],
  "execution_settings": {
    "contamination": 0.05,
    "n_jobs": -1,
    "random_seed": 42,
    "timeout_per_algo_s": 300
  }
}
