case_id,customer_id,case_open_date,case_type,status,outcome
CASE0001,CUST00034,2026-02-04 11:23:28.238453,EDD,Filed,Pending
CASE0002,CUST00063,2025-09-11 11:23:28.238507,SAR,Open,FP
CASE0003,CUST00009,2026-01-07 11:23:28.238540,STR,Filed,TP
CASE0004,CUST00060,2025-12-26 11:23:28.238563,EDD,Open,FP
CASE0005,CUST00049,2025-11-19 11:23:28.238585,SAR,Open,FP
CASE0006,CUST00097,2026-01-15 11:23:28.238607,STR,Closed,Pending
CASE0007,CUST00051,2025-12-23 11:23:28.238626,STR,Open,TP
CASE0008,CUST00060,2025-10-31 11:23:28.238646,SAR,Closed,Pending
CASE0009,CUST00070,2025-08-26 11:23:28.238664,STR,Filed,TP
CASE0010,CUST00037,2025-11-03 11:23:28.238683,EDD,Closed,FP
CASE0011,CUST00031,2026-01-14 11:23:28.238702,SAR,Filed,TP
CASE0012,CUST00098,2025-10-08 11:23:28.238720,STR,Open,TP
CASE0013,CUST00041,2025-11-22 11:23:28.238740,STR,Filed,FP
CASE0014,CUST00062,2026-02-02 11:23:28.238758,SAR,Filed,FP
CASE0015,CUST00093,2025-10-29 11:23:28.238776,SAR,Open,TP
CASE0016,CUST00058,2025-08-29 11:23:28.238794,SAR,Filed,Pending
CASE0017,CUST00014,2026-02-11 11:23:28.238812,SAR,Open,TP
CASE0018,CUST00036,2026-01-04 11:23:28.238831,EDD,Closed,FP
CASE0019,CUST00036,2026-01-22 11:23:28.238850,SAR,Open,Pending
CASE0020,CUST00079,2025-12-09 11:23:28.238869,EDD,Open,FP
