{
  "IQR": {
    "family": "Statistical",
    "weight": 1.0,
    "executed": true,
    "status": "success",
    "runtime_s": 0.463,
    "n_anomalies": 8832
  },
  "ZScore": {
    "family": "Statistical",
    "weight": 1.0,
    "executed": true,
    "status": "success",
    "runtime_s": 0.31,
    "n_anomalies": 6
  },
  "Mahalanobis": {
    "family": "Statistical",
    "weight": 1.5,
    "executed": true,
    "status": "success",
    "runtime_s": 0.457,
    "n_anomalies": 152
  },
  "Benford": {
    "family": "Statistical",
    "weight": 2.0,
    "executed": true,
    "status": "success",
    "runtime_s": 0.334,
    "n_anomalies": 31605
  },
  "ExtIF": {
    "family": "Tree",
    "weight": 1.8,
    "executed": true,
    "status": "success",
    "runtime_s": 1.463,
    "n_anomalies": 9325
  },
  "HBOS": {
    "family": "Density",
    "weight": 1.0,
    "executed": true,
    "status": "success",
    "runtime_s": 13.658,
    "n_anomalies": 6061
  },
  "LOF": {
    "family": "Density",
    "weight": 1.5,
    "executed": true,
    "status": "success",
    "runtime_s": 17.563,
    "n_anomalies": 6
  },
  "ECOD": {
    "family": "Density",
    "weight": 1.0,
    "executed": true,
    "status": "success",
    "runtime_s": 3.457,
    "n_anomalies": 9373
  },
  "COPOD": {
    "family": "Density",
    "weight": 1.0,
    "executed": true,
    "status": "success",
    "runtime_s": 3.526,
    "n_anomalies": 7104
  },
  "KNN": {
    "family": "Distance",
    "weight": 1.0,
    "executed": true,
    "status": "success",
    "runtime_s": 11.466,
    "n_anomalies": 6
  },
  "GMM": {
    "family": "Clustering",
    "weight": 1.2,
    "executed": true,
    "status": "success",
    "runtime_s": 7.892,
    "n_anomalies": 96
  },
  "HDBSCAN": {
    "family": "Clustering",
    "weight": 1.2,
    "executed": true,
    "status": "success",
    "runtime_s": 247.5,
    "n_anomalies": 87
  },
  "BIRCH": {
    "family": "Clustering",
    "weight": 1.0,
    "executed": true,
    "status": "success",
    "runtime_s": 327.695,
    "n_anomalies": 6
  },
  "VAE": {
    "family": "DeepLearning",
    "weight": 0.8,
    "executed": false,
    "status": "failed",
    "runtime_s": 0.499,
    "n_anomalies": 0
  }
}