account_id,customer_id,account_type,currency,balance,open_date,status,branch
ACCT0000001,CUST000001,investment,USD,2512.27,2023-05-08,active,BR042
ACCT0000002,CUST000001,credit_card,EUR,8377.58,2022-04-26,active,BR013
ACCT0000003,CUST000002,checking,HKD,6350.9,2024-03-21,active,BR014
ACCT0000004,CUST000003,investment,USD,2362.95,2020-08-21,frozen,BR047
ACCT0000005,CUST000004,investment,GBP,1898.01,2016-03-22,under_review,BR030
ACCT0000006,CUST000004,credit_card,HKD,13749.49,2020-04-24,active,BR006
ACCT0000007,CUST000005,checking,GBP,24602.6,2019-01-29,active,BR028
ACCT0000008,CUST000006,checking,CHF,281.86,2021-02-11,active,BR017
ACCT0000009,CUST000007,investment,GBP,4126.89,2022-11-02,active,BR005
ACCT0000010,CUST000008,loan,CHF,133603.45,2022-11-15,closed,BR027
ACCT0000011,CUST000009,savings,USD,2791.33,2024-01-18,active,BR021
ACCT0000012,CUST000010,loan,USD,743.57,2022-05-12,active,BR023
ACCT0000013,CUST000011,loan,SGD,102050.44,2021-12-23,active,BR016
ACCT0000014,CUST000011,checking,USD,11634.08,2016-08-31,active,BR030
ACCT0000015,CUST000011,credit_card,HKD,63365.55,2019-03-06,active,BR025
ACCT0000016,CUST000012,credit_card,HKD,9618.9,2023-04-16,active,BR034
ACCT0000017,CUST000012,investment,SGD,46213.23,2021-12-26,active,BR031
ACCT0000018,CUST000013,credit_card,GBP,8539.75,2023-10-15,frozen,BR032
ACCT0000019,CUST000014,loan,CHF,333258.21,2016-03-31,active,BR035
ACCT0000020,CUST000014,savings,HKD,179877.55,2019-01-28,under_review,BR014
ACCT0000021,CUST000015,investment,EUR,2631.96,2021-01-13,active,BR037
ACCT0000022,CUST000015,savings,HKD,39203.94,2018-07-01,active,BR014
ACCT0000023,CUST000016,loan,EUR,3194.51,2018-02-05,active,BR047
ACCT0000024,CUST000017,loan,EUR,297132.73,2023-10-23,under_review,BR032
ACCT0000025,CUST000018,investment,HKD,6814.58,2020-10-03,under_review,BR022
ACCT0000026,CUST000018,investment,CHF,341.81,2025-09-11,active,BR034
ACCT0000027,CUST000019,investment,GBP,1399.36,2023-06-12,active,BR025
ACCT0000028,CUST000019,credit_card,HKD,83.38,2025-06-23,active,BR032
ACCT0000029,CUST000020,investment,USD,5846.43,2023-06-13,frozen,BR001
ACCT0000030,CUST000021,credit_card,USD,34362.13,2025-11-28,active,BR032
ACCT0000031,CUST000022,investment,HKD,487.03,2017-07-21,active,BR046
ACCT0000032,CUST000023,credit_card,USD,598.0,2023-04-10,active,BR040
ACCT0000033,CUST000023,loan,USD,5873.36,2020-02-28,active,BR024
ACCT0000034,CUST000023,credit_card,SGD,118119.33,2018-03-13,frozen,BR032
ACCT0000035,CUST000024,checking,HKD,4879.55,2018-10-24,closed,BR012
ACCT0000036,CUST000024,credit_card,EUR,42668.63,2019-01-15,active,BR010
ACCT0000037,CUST000024,checking,GBP,5257.11,2023-12-05,under_review,BR004
ACCT0000038,CUST000024,checking,EUR,164.87,2023-12-25,active,BR013
ACCT0000039,CUST000025,loan,SGD,21829.51,2024-05-30,active,BR020
ACCT0000040,CUST000025,credit_card,GBP,6968.88,2022-02-23,active,BR020
ACCT0000041,CUST000026,investment,USD,52892.75,2020-12-20,active,BR017
ACCT0000042,CUST000027,savings,CHF,180290.85,2017-08-23,active,BR048
ACCT0000043,CUST000027,loan,USD,31415.24,2018-03-12,active,BR042
ACCT0000044,CUST000027,savings,GBP,3226.33,2025-01-25,closed,BR001
ACCT0000045,CUST000028,savings,CHF,31728.69,2020-02-12,active,BR030
ACCT0000046,CUST000028,checking,GBP,6257.6,2024-07-11,under_review,BR033
ACCT0000047,CUST000029,savings,USD,11873.84,2019-08-09,active,BR022
ACCT0000048,CUST000030,loan,USD,1898.93,2025-10-18,active,BR024
ACCT0000049,CUST000031,checking,USD,126080.65,2022-08-06,active,BR022
ACCT0000050,CUST000032,savings,EUR,12396.45,2022-06-23,active,BR006
ACCT0000051,CUST000033,savings,EUR,3531.78,2017-03-07,active,BR034
ACCT0000052,CUST000034,investment,CHF,1242795.49,2016-08-15,active,BR042
ACCT0000053,CUST000035,credit_card,GBP,4664.14,2018-06-14,active,BR011
ACCT0000054,CUST000035,checking,EUR,2948.89,2025-06-03,active,BR017
ACCT0000055,CUST000035,savings,CHF,6579.04,2024-02-10,active,BR042
ACCT0000056,CUST000036,loan,CHF,335897.83,2021-11-21,active,BR030
ACCT0000057,CUST000037,credit_card,EUR,55680.58,2017-10-12,active,BR032
ACCT0000058,CUST000038,checking,GBP,786.18,2023-03-09,active,BR049
ACCT0000059,CUST000039,loan,HKD,10032.27,2024-09-01,active,BR035
ACCT0000060,CUST000039,credit_card,GBP,22470.02,2023-02-15,active,BR019
ACCT0000061,CUST000040,investment,CHF,13495.83,2025-03-17,active,BR019
ACCT0000062,CUST000040,loan,EUR,515738.5,2024-12-24,closed,BR035
ACCT0000063,CUST000041,investment,USD,20446.16,2017-05-31,active,BR003
ACCT0000064,CUST000042,investment,GBP,1747.07,2023-04-20,under_review,BR044
ACCT0000065,CUST000042,savings,USD,8837.84,2021-08-03,active,BR049
ACCT0000066,CUST000043,savings,SGD,835.51,2024-04-05,active,BR026
ACCT0000067,CUST000043,loan,SGD,13569.37,2016-10-27,under_review,BR001
ACCT0000068,CUST000043,savings,GBP,2743.75,2019-06-07,active,BR032
ACCT0000069,CUST000044,investment,SGD,138451.73,2024-06-19,active,BR045
ACCT0000070,CUST000044,checking,EUR,2765.67,2024-09-13,active,BR045
ACCT0000071,CUST000045,credit_card,SGD,74473.4,2024-12-01,active,BR024
ACCT0000072,CUST000045,investment,CHF,106525.75,2025-02-10,active,BR010
ACCT0000073,CUST000046,savings,EUR,16609.17,2022-08-23,active,BR025
ACCT0000074,CUST000047,savings,CHF,10566.82,2023-05-28,active,BR001
ACCT0000075,CUST000047,credit_card,EUR,1073.11,2019-12-15,closed,BR009
ACCT0000076,CUST000047,credit_card,USD,50656.84,2021-08-24,active,BR035
ACCT0000077,CUST000048,loan,SGD,3362.12,2023-10-28,active,BR009
ACCT0000078,CUST000048,investment,HKD,36901.47,2019-01-10,closed,BR017
ACCT0000079,CUST000049,loan,EUR,6614.13,2017-09-02,active,BR035
ACCT0000080,CUST000050,checking,HKD,14353.75,2018-08-13,active,BR040
ACCT0000081,CUST000050,savings,CHF,2185.28,2018-10-18,active,BR030
ACCT0000082,CUST000050,savings,SGD,73992.44,2018-03-27,active,BR009
ACCT0000083,CUST000051,loan,USD,2415.0,2018-04-19,active,BR021
ACCT0000084,CUST000052,credit_card,CHF,1323.9,2017-05-18,active,BR037
ACCT0000085,CUST000052,loan,SGD,34977.9,2023-11-23,active,BR049
ACCT0000086,CUST000052,credit_card,EUR,327.81,2019-10-01,closed,BR013
ACCT0000087,CUST000053,credit_card,HKD,95885.97,2018-07-29,frozen,BR021
ACCT0000088,CUST000054,loan,HKD,15463.59,2017-09-09,active,BR002
ACCT0000089,CUST000054,loan,HKD,178037.25,2019-09-03,active,BR021
ACCT0000090,CUST000054,checking,CHF,7797.84,2023-01-31,active,BR042
ACCT0000091,CUST000055,savings,USD,822.81,2018-04-07,active,BR007
ACCT0000092,CUST000056,investment,EUR,2020.89,2024-08-14,active,BR030
ACCT0000093,CUST000056,loan,EUR,6606.07,2019-03-17,under_review,BR003
ACCT0000094,CUST000057,investment,CHF,6224.18,2020-12-04,under_review,BR036
ACCT0000095,CUST000058,credit_card,USD,13860.48,2022-10-27,active,BR035
ACCT0000096,CUST000059,checking,CHF,585642.87,2024-04-20,under_review,BR023
ACCT0000097,CUST000060,savings,CHF,120584.52,2024-12-30,active,BR027
ACCT0000098,CUST000060,checking,USD,3283.07,2022-03-24,active,BR043
ACCT0000099,CUST000061,savings,EUR,154652.52,2021-07-13,active,BR001
ACCT0000100,CUST000062,savings,HKD,9110.3,2023-05-16,active,BR019
ACCT0000101,CUST000063,checking,USD,7011.21,2022-12-31,active,BR030
ACCT0000102,CUST000064,checking,HKD,63350.32,2025-12-22,active,BR025
ACCT0000103,CUST000064,investment,EUR,6012.65,2024-11-30,frozen,BR028
ACCT0000104,CUST000065,investment,EUR,136871.51,2018-06-15,active,BR004
ACCT0000105,CUST000066,loan,HKD,14537.3,2019-06-19,active,BR025
ACCT0000106,CUST000067,checking,USD,37423.68,2018-10-08,active,BR002
ACCT0000107,CUST000067,investment,CHF,613.05,2019-09-07,active,BR039
ACCT0000108,CUST000067,investment,SGD,35118.94,2020-09-12,active,BR024
ACCT0000109,CUST000068,checking,USD,2349.84,2021-07-13,active,BR033
ACCT0000110,CUST000068,loan,SGD,298605.0,2016-03-23,active,BR038
ACCT0000111,CUST000069,loan,EUR,976.5,2023-07-19,under_review,BR034
ACCT0000112,CUST000070,loan,HKD,14456.97,2018-05-10,active,BR021
ACCT0000113,CUST000070,savings,HKD,315.16,2018-10-25,active,BR010
ACCT0000114,CUST000071,investment,EUR,64104.57,2017-11-26,active,BR038
ACCT0000115,CUST000072,credit_card,USD,1623.18,2023-06-28,active,BR014
ACCT0000116,CUST000073,credit_card,EUR,136145.42,2025-12-25,active,BR023
ACCT0000117,CUST000074,investment,SGD,17957.25,2023-09-11,frozen,BR039
ACCT0000118,CUST000074,savings,EUR,792.47,2022-07-08,active,BR029
ACCT0000119,CUST000074,checking,USD,7447.86,2024-02-11,closed,BR016
ACCT0000120,CUST000074,savings,SGD,12020.96,2019-12-08,under_review,BR027
ACCT0000121,CUST000075,checking,SGD,197.22,2017-02-01,active,BR024
ACCT0000122,CUST000076,savings,USD,939.67,2023-03-20,active,BR035
ACCT0000123,CUST000076,savings,USD,1171.36,2020-11-29,active,BR016
ACCT0000124,CUST000077,checking,HKD,6078.44,2020-03-03,active,BR046
ACCT0000125,CUST000078,investment,USD,192.73,2021-10-01,active,BR045
ACCT0000126,CUST000078,investment,SGD,5055.28,2021-08-06,active,BR014
ACCT0000127,CUST000078,credit_card,HKD,835.95,2018-07-06,active,BR018
ACCT0000128,CUST000079,loan,CHF,2487.31,2019-05-16,active,BR029
ACCT0000129,CUST000079,checking,USD,4461.31,2021-04-14,active,BR042
ACCT0000130,CUST000080,loan,GBP,333830.15,2016-09-03,active,BR032
ACCT0000131,CUST000080,loan,EUR,18860.03,2017-09-13,active,BR037
ACCT0000132,CUST000081,credit_card,EUR,4546.23,2018-08-11,active,BR018
ACCT0000133,CUST000082,loan,GBP,16011.17,2016-06-23,frozen,BR016
ACCT0000134,CUST000083,loan,SGD,3441.29,2016-08-25,under_review,BR039
ACCT0000135,CUST000084,checking,HKD,5445.7,2016-10-01,closed,BR049
ACCT0000136,CUST000084,credit_card,USD,135.73,2024-07-11,active,BR033
ACCT0000137,CUST000085,savings,CHF,3837.28,2022-04-10,active,BR003
ACCT0000138,CUST000086,credit_card,HKD,57682.59,2023-04-05,active,BR016
ACCT0000139,CUST000086,credit_card,SGD,2570.46,2018-02-02,active,BR008
ACCT0000140,CUST000087,credit_card,GBP,1344.68,2024-03-25,active,BR031
ACCT0000141,CUST000087,credit_card,USD,47168.1,2021-07-27,under_review,BR004
ACCT0000142,CUST000088,savings,SGD,9475.95,2016-12-16,active,BR003
ACCT0000143,CUST000089,loan,SGD,337058.52,2022-08-24,active,BR045
ACCT0000144,CUST000089,checking,SGD,566.17,2025-08-02,frozen,BR020
ACCT0000145,CUST000090,savings,SGD,9970.18,2024-11-22,active,BR007
ACCT0000146,CUST000090,loan,SGD,162283.3,2018-12-07,active,BR032
ACCT0000147,CUST000091,credit_card,EUR,42341.97,2022-05-17,under_review,BR024
ACCT0000148,CUST000092,loan,GBP,33220.5,2024-10-30,active,BR036
ACCT0000149,CUST000093,savings,EUR,58416.77,2024-03-10,active,BR016
ACCT0000150,CUST000093,savings,EUR,5203.04,2019-05-14,active,BR032
ACCT0000151,CUST000094,savings,SGD,28864.67,2022-06-05,active,BR004
ACCT0000152,CUST000095,loan,EUR,3409.7,2017-03-31,active,BR016
ACCT0000153,CUST000095,savings,USD,123215.09,2025-11-18,active,BR014
ACCT0000154,CUST000096,investment,GBP,1425.25,2026-01-30,active,BR049
ACCT0000155,CUST000096,investment,HKD,9995.42,2021-02-17,active,BR034
ACCT0000156,CUST000096,credit_card,USD,10449.49,2023-04-12,active,BR016
ACCT0000157,CUST000096,checking,GBP,3178.08,2017-09-21,active,BR024
ACCT0000158,CUST000097,loan,SGD,30695.34,2025-12-12,frozen,BR049
ACCT0000159,CUST000097,loan,HKD,5584.43,2025-07-22,active,BR039
ACCT0000160,CUST000097,savings,CHF,83746.8,2019-12-03,active,BR044
ACCT0000161,CUST000097,savings,CHF,82457.56,2022-12-12,active,BR033
ACCT0000162,CUST000098,savings,GBP,13310.76,2024-09-13,active,BR020
ACCT0000163,CUST000099,loan,HKD,45271.55,2020-06-22,active,BR022
ACCT0000164,CUST000100,investment,HKD,2085.56,2017-07-13,active,BR043
ACCT0000165,CUST000100,savings,USD,3464.0,2022-08-18,active,BR038
ACCT0000166,CUST000100,investment,CHF,477478.26,2024-04-19,active,BR008
