alert_id,customer_id,alert_date,alert_type,severity,status,score,rule_triggered,assigned_to
ALT000001,CUST000022,2025-11-27,TM,high,escalated,0.962,RULE_009,analyst_14
ALT000002,CUST000037,2026-02-01,SAR,low,open,0.88,RULE_004,analyst_09
ALT000003,CUST000037,2026-01-16,TM,critical,closed,0.804,RULE_007,analyst_11
ALT000004,CUST000050,2026-01-01,PEP,medium,escalated,0.331,RULE_026,analyst_06
ALT000005,CUST000050,2026-02-11,EDD,medium,open,0.34,RULE_040,analyst_01
ALT000006,CUST000050,2025-11-21,TM,high,closed,0.791,RULE_032,analyst_09
ALT000007,CUST000051,2026-01-29,MAN,critical,closed,0.736,RULE_003,analyst_15
ALT000008,CUST000051,2026-02-05,MAN,low,open,0.41,RULE_023,analyst_04
ALT000009,CUST000065,2025-12-20,SAR,high,escalated,0.634,RULE_035,analyst_16
ALT000010,CUST000098,2026-01-16,EDD,high,escalated,0.469,RULE_037,analyst_19
