customer_id,name,customer_type,country,registration_date,risk_rating,status,segment,annual_income,occupation
CUST000001,Customer_1,corporate,OTHER,2016-02-22,5,active,retail,286277.82,business_owner
CUST000002,Customer_2,individual,SG,2018-04-30,8,active,sme,41698.88,unemployed
CUST000003,Customer_3,trust,US,2022-11-10,4,active,private_banking,23362.28,student
CUST000004,Customer_4,corporate,OTHER,2016-05-26,2,active,retail,38232.29,business_owner
CUST000005,Customer_5,individual,AE,2021-01-31,2,active,retail,94120.76,self_employed
CUST000006,Customer_6,joint,HK,2021-01-26,6,active,retail,12509.47,unemployed
CUST000007,Customer_7,corporate,DE,2021-09-26,7,dormant,sme,113263.35,unemployed
CUST000008,Customer_8,corporate,US,2024-08-10,1,dormant,commercial,34934.45,teacher
CUST000009,Customer_9,individual,US,2016-10-09,1,active,wealth,188680.93,government
CUST000010,Customer_10,individual,OTHER,2025-11-23,5,active,private_banking,5462.93,finance
CUST000011,Customer_11,individual,DE,2024-04-22,1,closed,commercial,27267.05,retired
CUST000012,Customer_12,trust,US,2023-10-04,7,active,retail,11087.04,business_owner
CUST000013,Customer_13,corporate,GB,2023-04-07,3,active,sme,26206.7,doctor
CUST000014,Customer_14,corporate,FR,2024-09-22,1,active,retail,76700.68,teacher
CUST000015,Customer_15,individual,US,2025-11-08,9,active,commercial,50049.78,student
CUST000016,Customer_16,individual,OTHER,2019-04-26,2,active,private_banking,46472.8,unemployed
CUST000017,Customer_17,individual,AE,2016-06-05,2,dormant,private_banking,51062.98,unemployed
CUST000018,Customer_18,individual,HK,2024-10-28,2,active,sme,73378.65,lawyer
CUST000019,Customer_19,corporate,DE,2023-02-04,1,active,retail,21839.25,government
CUST000020,Customer_20,corporate,CH,2021-01-06,1,suspended,commercial,121400.42,doctor
CUST000021,Customer_21,corporate,FR,2016-11-03,1,dormant,commercial,116153.28,government
CUST000022,Customer_22,individual,CH,2019-02-25,2,active,commercial,87995.23,business_owner
CUST000023,Customer_23,joint,US,2018-06-10,1,active,retail,104457.28,retired
CUST000024,Customer_24,trust,GB,2020-04-10,5,active,retail,80532.65,government
CUST000025,Customer_25,corporate,US,2021-11-25,6,active,retail,458205.61,retired
CUST000026,Customer_26,individual,DE,2024-01-20,3,active,retail,54880.09,self_employed
CUST000027,Customer_27,individual,GB,2017-06-20,3,closed,commercial,44042.78,student
CUST000028,Customer_28,individual,US,2018-01-24,4,active,private_banking,28182.95,other
CUST000029,Customer_29,individual,US,2025-10-14,8,active,private_banking,21327.17,finance
CUST000030,Customer_30,corporate,FR,2018-12-11,8,active,commercial,17249.32,teacher
CUST000031,Customer_31,corporate,US,2025-03-13,1,active,commercial,24617.25,self_employed
CUST000032,Customer_32,joint,OTHER,2018-09-16,2,closed,retail,55788.31,business_owner
CUST000033,Customer_33,individual,FR,2017-11-06,2,dormant,commercial,83641.5,student
CUST000034,Customer_34,individual,GB,2024-09-25,2,active,retail,63015.88,doctor
CUST000035,Customer_35,individual,FR,2021-09-25,5,active,retail,27846.56,doctor
CUST000036,Customer_36,individual,US,2024-10-22,3,closed,commercial,147293.81,student
CUST000037,Customer_37,individual,OTHER,2020-05-30,1,active,commercial,125418.66,lawyer
CUST000038,Customer_38,individual,DE,2016-11-03,3,closed,retail,51039.32,other
CUST000039,Customer_39,individual,KY,2025-03-26,4,active,commercial,31166.03,unemployed
CUST000040,Customer_40,corporate,US,2022-02-03,1,suspended,commercial,103614.02,government
CUST000041,Customer_41,individual,DE,2016-05-22,8,active,private_banking,72256.21,government
CUST000042,Customer_42,corporate,DE,2023-01-19,1,active,private_banking,14071.02,finance
CUST000043,Customer_43,corporate,OTHER,2024-09-21,9,active,private_banking,55939.15,engineer
CUST000044,Customer_44,individual,FR,2021-03-11,1,active,retail,77810.82,business_owner
CUST000045,Customer_45,corporate,DE,2020-12-29,8,active,wealth,24350.44,retired
CUST000046,Customer_46,corporate,US,2019-06-19,9,active,commercial,72391.44,unemployed
CUST000047,Customer_47,individual,GB,2022-12-04,10,dormant,commercial,13977.13,lawyer
CUST000048,Customer_48,individual,FR,2016-07-24,7,active,private_banking,227791.52,retired
CUST000049,Customer_49,corporate,DE,2020-11-13,7,active,retail,208553.31,business_owner
CUST000050,Customer_50,individual,US,2023-03-13,5,active,commercial,46512.79,doctor
CUST000051,Customer_51,individual,BZ,2016-07-07,7,active,private_banking,86116.33,doctor
CUST000052,Customer_52,individual,OTHER,2016-11-13,1,closed,sme,5378.03,business_owner
CUST000053,Customer_53,corporate,US,2021-02-01,4,dormant,sme,18838.39,engineer
CUST000054,Customer_54,corporate,FR,2025-10-15,4,active,commercial,44632.66,engineer
CUST000055,Customer_55,corporate,US,2020-02-13,8,closed,commercial,20493.58,business_owner
CUST000056,Customer_56,corporate,SG,2020-07-13,4,suspended,wealth,122320.08,lawyer
CUST000057,Customer_57,individual,US,2024-07-25,3,active,retail,441218.96,student
CUST000058,Customer_58,individual,SG,2019-10-02,5,dormant,wealth,18460.44,engineer
CUST000059,Customer_59,individual,HK,2017-09-13,2,active,commercial,25913.95,teacher
CUST000060,Customer_60,individual,AE,2024-12-25,1,closed,retail,75769.29,retired
CUST000061,Customer_61,corporate,US,2018-11-12,4,active,retail,299873.55,other
CUST000062,Customer_62,individual,OTHER,2024-08-22,3,active,wealth,17634.73,finance
CUST000063,Customer_63,individual,US,2018-08-12,2,active,retail,76805.85,unemployed
CUST000064,Customer_64,corporate,US,2021-11-17,3,suspended,retail,370015.01,business_owner
CUST000065,Customer_65,corporate,FR,2025-12-20,3,active,retail,11478.61,retired
CUST000066,Customer_66,individual,GB,2016-06-16,3,active,retail,16629.45,retired
CUST000067,Customer_67,individual,BZ,2024-05-22,3,active,retail,39198.49,unemployed
CUST000068,Customer_68,individual,KY,2020-02-16,6,dormant,private_banking,35575.47,other
CUST000069,Customer_69,individual,GB,2024-03-27,2,active,retail,134942.13,other
CUST000070,Customer_70,individual,OTHER,2016-10-14,9,closed,wealth,76241.39,self_employed
CUST000071,Customer_71,individual,US,2018-09-19,9,active,sme,10148.06,student
CUST000072,Customer_72,individual,DE,2018-01-23,4,active,retail,100248.8,student
CUST000073,Customer_73,trust,US,2021-10-01,3,active,retail,33606.04,other
CUST000074,Customer_74,individual,OTHER,2021-05-27,4,active,private_banking,214153.26,teacher
CUST000075,Customer_75,individual,US,2019-09-30,8,active,retail,31965.5,business_owner
CUST000076,Customer_76,individual,US,2018-04-04,5,dormant,retail,31678.22,unemployed
CUST000077,Customer_77,individual,DE,2017-08-21,7,active,sme,102860.77,business_owner
CUST000078,Customer_78,corporate,OTHER,2025-11-09,4,dormant,sme,128402.67,lawyer
CUST000079,Customer_79,individual,OTHER,2019-06-16,5,active,wealth,93723.04,student
CUST000080,Customer_80,corporate,AE,2024-12-13,2,dormant,retail,11096.7,teacher
CUST000081,Customer_81,corporate,OTHER,2023-03-07,6,closed,private_banking,102542.69,unemployed
CUST000082,Customer_82,individual,OTHER,2017-10-24,2,dormant,private_banking,21283.6,unemployed
CUST000083,Customer_83,corporate,DE,2023-07-21,6,active,retail,75756.24,teacher
CUST000084,Customer_84,individual,GB,2018-02-19,8,dormant,private_banking,14418.47,student
CUST000085,Customer_85,individual,AE,2021-06-11,1,active,retail,93556.63,other
CUST000086,Customer_86,individual,SG,2023-09-23,5,active,retail,26726.24,government
CUST000087,Customer_87,corporate,GB,2022-09-21,1,active,commercial,16603.44,lawyer
CUST000088,Customer_88,individual,US,2020-10-09,6,active,retail,122249.6,finance
CUST000089,Customer_89,individual,AE,2018-06-14,1,active,retail,76240.23,finance
CUST000090,Customer_90,individual,US,2020-01-11,9,active,wealth,32403.55,finance
CUST000091,Customer_91,individual,OTHER,2016-10-13,1,suspended,sme,255551.4,engineer
CUST000092,Customer_92,corporate,US,2017-06-07,10,active,commercial,38535.98,teacher
CUST000093,Customer_93,individual,US,2018-07-26,7,active,wealth,61827.76,unemployed
CUST000094,Customer_94,individual,OTHER,2020-01-21,5,active,sme,78347.82,lawyer
CUST000095,Customer_95,individual,US,2023-02-28,7,active,retail,32219.72,teacher
CUST000096,Customer_96,corporate,US,2021-12-11,7,active,commercial,95907.2,teacher
CUST000097,Customer_97,individual,FR,2024-11-08,9,closed,retail,35120.76,lawyer
CUST000098,Customer_98,individual,OTHER,2022-04-29,2,active,retail,39670.44,doctor
CUST000099,Customer_99,individual,US,2016-11-07,5,active,wealth,233898.52,business_owner
CUST000100,Customer_100,joint,GB,2021-10-24,1,active,commercial,21150.4,unemployed
