record_id,customer_id,event_type,event_date,outcome,risk_score_at_time,narrative,filed_by
HIST000001,CUST000002,STR_filed,2024-11-03,pending,35.5,Historical event for customer CUST000002,analyst_15
HIST000002,CUST000009,alert_closed,2025-09-21,TP,36.8,Historical event for customer CUST000009,analyst_15
HIST000003,CUST000009,STR_filed,2025-04-14,FP,46.4,Historical event for customer CUST000009,analyst_07
HIST000004,CUST000010,case_opened,2025-05-17,FP,62.6,Historical event for customer CUST000010,analyst_13
HIST000005,CUST000012,alert_closed,2024-10-12,pending,70.4,Historical event for customer CUST000012,analyst_19
HIST000006,CUST000012,case_opened,2024-06-01,FP,32.8,Historical event for customer CUST000012,analyst_10
HIST000007,CUST000014,STR_filed,2025-03-05,TP,60.1,Historical event for customer CUST000014,analyst_04
HIST000008,CUST000014,SAR_filed,2025-02-28,pending,63.2,Historical event for customer CUST000014,analyst_09
HIST000009,CUST000019,case_opened,2025-02-03,TP,74.0,Historical event for customer CUST000019,analyst_10
HIST000010,CUST000026,alert_closed,2024-10-15,FP,54.6,Historical event for customer CUST000026,analyst_07
HIST000011,CUST000026,STR_filed,2025-11-04,FP,47.4,Historical event for customer CUST000026,analyst_17
HIST000012,CUST000026,EDD_review,2025-05-14,FP,88.6,Historical event for customer CUST000026,analyst_18
HIST000013,CUST000026,EDD_review,2025-08-24,FP,73.9,Historical event for customer CUST000026,analyst_03
HIST000014,CUST000028,STR_filed,2025-10-11,pending,55.8,Historical event for customer CUST000028,analyst_09
HIST000015,CUST000028,STR_filed,2025-01-09,FP,75.0,Historical event for customer CUST000028,analyst_14
HIST000016,CUST000031,STR_filed,2025-01-12,FP,30.9,Historical event for customer CUST000031,analyst_15
HIST000017,CUST000031,SAR_filed,2025-01-12,FP,67.6,Historical event for customer CUST000031,analyst_06
HIST000018,CUST000031,STR_filed,2025-03-06,FP,63.5,Historical event for customer CUST000031,analyst_15
HIST000019,CUST000032,case_opened,2025-04-28,pending,56.1,Historical event for customer CUST000032,analyst_05
HIST000020,CUST000037,STR_filed,2024-09-06,TP,59.1,Historical event for customer CUST000037,analyst_02
HIST000021,CUST000037,SAR_filed,2024-12-31,FP,60.4,Historical event for customer CUST000037,analyst_11
HIST000022,CUST000037,SAR_filed,2025-01-07,FP,63.0,Historical event for customer CUST000037,analyst_05
HIST000023,CUST000040,EDD_review,2025-09-26,FP,71.9,Historical event for customer CUST000040,analyst_07
HIST000024,CUST000040,alert_closed,2024-11-09,FP,46.8,Historical event for customer CUST000040,analyst_15
HIST000025,CUST000042,alert_closed,2024-12-08,TP,41.5,Historical event for customer CUST000042,analyst_04
HIST000026,CUST000047,STR_filed,2024-04-11,pending,76.7,Historical event for customer CUST000047,analyst_02
HIST000027,CUST000047,SAR_filed,2025-07-31,TP,79.4,Historical event for customer CUST000047,analyst_08
HIST000028,CUST000051,STR_filed,2025-12-23,TP,60.8,Historical event for customer CUST000051,analyst_03
HIST000029,CUST000051,alert_closed,2024-02-16,FP,75.0,Historical event for customer CUST000051,analyst_18
HIST000030,CUST000053,case_opened,2024-10-06,TP,50.1,Historical event for customer CUST000053,analyst_12
HIST000031,CUST000053,case_opened,2025-09-16,TP,41.2,Historical event for customer CUST000053,analyst_05
HIST000032,CUST000058,STR_filed,2024-12-26,FP,70.4,Historical event for customer CUST000058,analyst_06
HIST000033,CUST000069,case_opened,2025-04-22,TP,32.7,Historical event for customer CUST000069,analyst_03
HIST000034,CUST000070,SAR_filed,2025-10-28,pending,60.9,Historical event for customer CUST000070,analyst_01
HIST000035,CUST000070,alert_closed,2025-06-05,FP,44.6,Historical event for customer CUST000070,analyst_17
HIST000036,CUST000071,case_opened,2024-02-14,TP,51.7,Historical event for customer CUST000071,analyst_06
HIST000037,CUST000076,SAR_filed,2024-02-23,TP,43.0,Historical event for customer CUST000076,analyst_15
HIST000038,CUST000077,EDD_review,2025-09-03,FP,52.1,Historical event for customer CUST000077,analyst_05
HIST000039,CUST000077,alert_closed,2024-08-06,TP,75.3,Historical event for customer CUST000077,analyst_05
HIST000040,CUST000079,SAR_filed,2024-04-02,FP,37.9,Historical event for customer CUST000079,analyst_12
HIST000041,CUST000085,STR_filed,2025-05-26,pending,52.6,Historical event for customer CUST000085,analyst_08
HIST000042,CUST000096,STR_filed,2024-06-07,pending,74.4,Historical event for customer CUST000096,analyst_03
HIST000043,CUST000096,case_opened,2025-04-17,FP,85.1,Historical event for customer CUST000096,analyst_03
