customer_id,kyc_date,kyc_score,pep_status,sanctions_hit,id_verified,source_of_funds,risk_category
CUST000001,2025-06-13,0.807,0,0,1,inheritance,low
CUST000002,2025-12-29,0.602,0,0,1,business,medium
CUST000003,2025-04-19,0.528,0,0,1,employment,low
CUST000004,2025-11-09,0.788,0,0,1,business,medium
CUST000005,2025-06-13,0.568,0,0,1,investment,low
CUST000006,2025-09-16,0.793,0,0,1,business,low
CUST000007,2026-01-10,0.896,0,0,0,employment,low
CUST000008,2025-02-23,0.49,0,0,1,investment,medium
CUST000009,2025-07-31,0.445,0,0,1,unknown,medium
CUST000010,2025-12-14,0.524,0,0,1,business,low
CUST000011,2025-02-14,0.597,0,0,1,employment,low
CUST000012,2025-04-05,0.81,0,0,1,inheritance,high
CUST000013,2026-02-05,0.606,0,0,1,business,high
CUST000014,2025-12-14,0.785,0,0,1,investment,low
CUST000015,2026-01-06,0.997,0,0,1,employment,low
CUST000016,2025-10-11,0.464,0,0,1,business,low
CUST000017,2025-09-18,0.831,0,0,1,business,medium
CUST000018,2025-06-09,0.634,0,0,1,unknown,low
CUST000019,2025-05-20,0.593,0,0,1,employment,medium
CUST000020,2025-07-01,0.721,0,0,1,employment,low
CUST000021,2025-09-03,0.383,0,0,1,employment,low
CUST000022,2025-02-28,0.521,0,0,1,employment,low
CUST000023,2025-09-28,0.492,0,0,1,employment,low
CUST000024,2025-09-14,0.727,0,0,1,business,medium
CUST000025,2025-09-18,0.457,0,0,1,employment,medium
CUST000026,2025-03-06,0.333,1,0,1,inheritance,low
CUST000027,2025-02-16,0.328,0,0,1,employment,low
CUST000028,2025-03-10,0.842,0,0,1,employment,medium
CUST000029,2025-07-12,0.779,0,0,1,inheritance,high
CUST000030,2025-05-26,0.895,0,0,1,inheritance,low
CUST000031,2025-09-14,0.774,0,0,1,employment,low
CUST000032,2026-02-04,0.337,0,1,0,investment,medium
CUST000033,2025-07-11,0.791,0,0,1,employment,high
CUST000034,2025-04-26,0.683,0,0,1,unknown,high
CUST000035,2026-01-03,0.973,0,0,1,unknown,low
CUST000036,2025-03-20,0.461,0,0,1,business,low
CUST000037,2025-07-28,0.354,0,0,1,employment,low
CUST000038,2025-08-04,0.883,0,0,0,unknown,low
CUST000039,2025-04-06,0.596,0,0,1,employment,low
CUST000040,2025-12-02,0.629,0,0,1,employment,low
CUST000041,2025-02-23,0.802,0,0,1,inheritance,low
CUST000042,2025-12-08,0.428,0,0,1,unknown,low
CUST000043,2025-05-17,0.616,0,0,1,inheritance,medium
CUST000044,2025-04-09,0.862,0,0,1,employment,high
CUST000045,2025-06-18,0.716,0,0,1,unknown,low
CUST000046,2026-01-11,0.932,0,0,1,investment,medium
CUST000047,2025-06-04,0.906,1,0,1,employment,high
CUST000048,2025-07-27,0.491,0,0,1,employment,low
CUST000049,2025-02-15,0.857,0,0,1,employment,medium
CUST000050,2025-11-29,0.745,0,0,1,employment,medium
CUST000051,2025-11-23,0.385,0,0,1,inheritance,low
CUST000052,2025-10-25,0.485,0,0,1,inheritance,high
CUST000053,2025-04-12,0.828,0,0,1,inheritance,low
CUST000054,2025-02-20,0.892,0,0,0,unknown,low
CUST000055,2025-02-23,0.409,0,0,1,investment,low
CUST000056,2025-11-03,0.793,0,0,0,employment,high
CUST000057,2025-05-27,0.528,0,0,1,employment,low
CUST000058,2025-06-07,0.428,0,0,1,employment,medium
CUST000059,2025-10-19,0.369,0,0,0,business,high
CUST000060,2025-05-07,0.369,0,0,1,business,high
CUST000061,2025-06-17,0.624,0,0,1,unknown,medium
CUST000062,2025-10-29,0.381,0,0,1,employment,low
CUST000063,2025-10-09,0.724,0,0,1,employment,low
CUST000064,2025-12-20,0.878,0,0,1,employment,low
CUST000065,2025-09-19,0.596,0,0,1,inheritance,medium
CUST000066,2025-05-06,0.734,0,0,1,business,medium
CUST000067,2025-07-12,0.885,0,0,1,employment,medium
CUST000068,2025-08-30,0.877,0,0,1,unknown,low
CUST000069,2025-04-13,0.519,0,0,1,business,low
CUST000070,2025-10-29,0.696,0,0,0,business,low
CUST000071,2025-12-05,0.633,0,0,1,unknown,low
CUST000072,2025-11-26,0.384,0,0,0,employment,low
CUST000073,2025-09-05,0.44,0,0,1,inheritance,low
CUST000074,2025-02-17,0.359,0,0,1,unknown,high
CUST000075,2025-07-25,0.456,0,0,1,employment,critical
CUST000076,2025-06-21,0.971,0,0,0,business,low
CUST000077,2025-04-10,0.935,0,0,1,business,low
CUST000078,2025-08-05,0.876,0,0,1,employment,high
CUST000079,2025-07-18,0.893,0,0,1,business,low
CUST000080,2026-01-01,0.944,0,0,1,inheritance,medium
CUST000081,2025-10-27,0.432,0,0,1,employment,low
CUST000082,2025-03-15,0.706,0,0,1,employment,low
CUST000083,2025-05-17,0.564,0,0,1,business,high
CUST000084,2025-10-13,0.435,0,0,1,employment,low
CUST000085,2025-07-08,0.396,0,0,1,employment,low
CUST000086,2025-04-29,0.908,0,0,1,business,low
CUST000087,2026-01-23,0.747,0,0,1,investment,low
CUST000088,2025-03-18,0.796,0,0,1,employment,low
CUST000089,2025-11-04,0.924,0,0,1,employment,medium
CUST000090,2025-11-28,0.432,0,0,1,employment,medium
CUST000091,2025-03-19,0.995,1,0,1,inheritance,low
CUST000092,2025-02-20,0.644,0,0,0,investment,low
CUST000093,2025-12-13,0.541,0,0,0,employment,medium
CUST000094,2025-03-22,0.956,0,0,1,business,low
CUST000095,2025-07-26,0.482,0,0,1,business,medium
CUST000096,2025-07-20,0.902,0,0,1,investment,low
CUST000097,2025-08-23,0.413,0,0,1,employment,medium
CUST000098,2025-05-23,0.72,0,0,1,employment,low
CUST000099,2025-07-10,0.734,0,0,1,unknown,critical
CUST000100,2025-11-02,0.533,0,0,1,business,medium
