{
  "generated_at": "2026-02-11T09:05:02.848687",
  "seed": 42,
  "n_customers": 100,
  "n_transactions": 500,
  "anomaly_rate": 0.03,
  "tables": {
    "customer": {
      "rows": 100,
      "columns": 10
    },
    "account": {
      "rows": 166,
      "columns": 8
    },
    "kyc": {
      "rows": 100,
      "columns": 8
    },
    "transaction": {
      "rows": 500,
      "columns": 12
    },
    "historical": {
      "rows": 43,
      "columns": 8
    },
    "alert": {
      "rows": 10,
      "columns": 9
    },
    "relationship": {
      "rows": 21,
      "columns": 6
    }
  }
}