source_id,target_id,relationship_type,strength,start_date,end_date
CUST000011,CUST000038,corporate_link,0.564,2021-05-11,
CUST000017,CUST000018,corporate_link,0.625,2022-11-20,
CUST000017,CUST000030,beneficial_owner,0.794,2022-03-09,
CUST000022,CUST000089,same_employer,0.899,2024-09-10,
CUST000026,CUST000053,family,0.498,2023-11-24,
CUST000028,CUST000013,power_of_attorney,0.568,2025-12-27,
CUST000028,CUST000008,family,0.429,2022-10-22,
CUST000028,CUST000038,power_of_attorney,0.718,2021-05-01,
CUST000032,CUST000069,shared_phone,0.587,2025-04-05,
CUST000037,CUST000092,power_of_attorney,0.345,2023-03-13,
CUST000037,CUST000061,power_of_attorney,0.455,2025-12-25,
CUST000038,CUST000049,power_of_attorney,0.619,2023-03-14,
CUST000042,CUST000034,beneficial_owner,0.57,2026-02-07,
CUST000043,CUST000090,same_employer,0.789,2023-10-30,
CUST000053,CUST000047,shared_address,0.527,2021-11-02,
CUST000056,CUST000085,corporate_link,0.865,2022-12-08,
CUST000068,CUST000017,shared_address,0.707,2022-06-08,
CUST000075,CUST000007,corporate_link,0.417,2022-07-14,
CUST000077,CUST000061,shared_address,0.42,2023-05-22,
CUST000077,CUST000091,family,0.654,2022-08-04,
CUST000078,CUST000031,shared_address,0.704,2021-04-28,
