txn_id,account_id,customer_id,timestamp,amount,currency,transaction_type,counterparty_id,counterparty_country,channel,description,is_international
TXN00000001,ACCT0000001,CUST000001,2025-06-17 16:22:02,108.04,USD,CASH,CUST000070,US,online,Transaction 1,0
TXN00000002,ACCT0000136,CUST000084,2025-05-15 23:19:02,403.28,HKD,RTGS,CUST000004,US,mobile,Transaction 2,1
TXN00000003,ACCT0000025,CUST000013,2025-04-24 16:31:02,301.46,EUR,RTGS,CUST000005,KY,online,Transaction 3,1
TXN00000004,ACCT0000032,CUST000017,2026-01-06 05:20:02,90.79,GBP,ACH,CUST000071,AE,online,Transaction 4,0
TXN00000005,ACCT0000015,CUST000008,2025-08-13 10:45:02,44.71,GBP,ACH,CUST000053,DE,online,Transaction 5,0
TXN00000006,ACCT0000149,CUST000092,2025-02-11 17:09:02,7.69,GBP,CHECK,CUST000054,FR,telephone,Transaction 6,1
TXN00000007,ACCT0000121,CUST000074,2025-07-10 17:29:02,90.94,HKD,CASH,CUST000012,US,branch,Transaction 7,0
TXN00000008,ACCT0000095,CUST000057,2025-10-10 14:17:02,925.84,USD,CASH,CUST000008,OTHER,online,Transaction 8,0
TXN00000009,ACCT0000119,CUST000072,2025-04-02 20:05:02,111.82,USD,CARD,CUST000053,FR,online,Transaction 9,0
TXN00000010,ACCT0000019,CUST000010,2025-05-18 23:05:02,891.7,USD,RTGS,CUST000088,US,telephone,Transaction 10,0
TXN00000011,ACCT0000038,CUST000019,2025-11-22 13:05:02,650.46,GBP,ACH,CUST000031,US,mobile,Transaction 11,0
TXN00000012,ACCT0000020,CUST000011,2025-04-10 22:53:02,86.89,HKD,ACH,CUST000088,OTHER,atm,Transaction 12,1
TXN00000013,ACCT0000034,CUST000018,2025-10-30 21:47:02,281.33,EUR,CHECK,CUST000017,US,online,Transaction 13,0
TXN00000014,ACCT0000073,CUST000044,2025-02-26 23:56:02,798191.3068276288,USD,CASH,CUST000016,OTHER,mobile,Transaction 14,1
TXN00000015,ACCT0000028,CUST000015,2026-01-31 06:25:02,73.06,CHF,CARD,CUST000027,US,mobile,Transaction 15,0
TXN00000016,ACCT0000077,CUST000047,2026-02-04 00:14:02,6866.600596813187,USD,CARD,CUST000021,GB,telephone,Transaction 16,0
TXN00000017,ACCT0000008,CUST000004,2025-05-17 09:27:02,1943.53,EUR,CARD,CUST000069,GB,telephone,Transaction 17,0
TXN00000018,ACCT0000158,CUST000099,2025-04-07 01:09:02,399.36,USD,CHECK,CUST000058,GB,online,Transaction 18,1
TXN00000019,ACCT0000076,CUST000046,2025-09-07 04:34:02,2745.45,USD,ACH,CUST000019,DE,online,Transaction 19,0
TXN00000020,ACCT0000030,CUST000015,2025-09-28 04:46:02,233.9,USD,ACH,CUST000067,US,telephone,Transaction 20,1
TXN00000021,ACCT0000150,CUST000093,2025-02-13 21:08:02,211.99,USD,CARD,CUST000028,US,online,Transaction 21,0
TXN00000022,ACCT0000024,CUST000013,2026-01-08 17:36:02,521.87,SGD,CASH,CUST000087,OTHER,branch,Transaction 22,0
TXN00000023,ACCT0000131,CUST000081,2025-03-17 23:03:02,475.75,EUR,RTGS,CUST000026,HK,online,Transaction 23,0
TXN00000024,ACCT0000113,CUST000068,2025-12-06 16:04:02,15378.88,EUR,CASH,CUST000067,US,online,Transaction 24,0
TXN00000025,ACCT0000061,CUST000036,2025-11-23 21:36:02,3202.94,USD,WIRE,CUST000004,OTHER,mobile,Transaction 25,0
TXN00000026,ACCT0000092,CUST000055,2026-01-03 21:14:02,498.64,USD,ACH,CUST000079,US,mobile,Transaction 26,1
TXN00000027,ACCT0000078,CUST000047,2025-06-18 18:03:02,94.34,CHF,CARD,CUST000044,OTHER,online,Transaction 27,0
TXN00000028,ACCT0000023,CUST000012,2025-03-30 22:24:02,304.18,USD,ACH,CUST000062,CH,mobile,Transaction 28,0
TXN00000029,ACCT0000124,CUST000076,2025-11-26 00:48:02,591.81,USD,CASH,CUST000082,FR,branch,Transaction 29,1
TXN00000030,ACCT0000049,CUST000028,2025-07-08 15:18:02,224.75,USD,CHECK,CUST000100,DE,mobile,Transaction 30,0
TXN00000031,ACCT0000080,CUST000048,2025-11-29 01:34:02,86.71,GBP,SWIFT,CUST000100,US,online,Transaction 31,0
TXN00000032,ACCT0000037,CUST000019,2025-09-16 21:51:02,9345.868303747138,GBP,CARD,CUST000089,CH,online,Transaction 32,0
TXN00000033,ACCT0000041,CUST000022,2026-02-02 11:19:02,150.74,GBP,CARD,CUST000053,GB,mobile,Transaction 33,1
TXN00000034,ACCT0000082,CUST000049,2025-03-18 00:17:02,2248.41,EUR,WIRE,CUST000073,OTHER,mobile,Transaction 34,0
TXN00000035,ACCT0000157,CUST000098,2025-09-10 10:51:02,5564.55,CHF,CHECK,CUST000022,OTHER,mobile,Transaction 35,0
TXN00000036,ACCT0000033,CUST000017,2025-10-09 14:32:02,674.14,USD,WIRE,CUST000045,US,mobile,Transaction 36,0
TXN00000037,ACCT0000051,CUST000030,2025-06-12 15:15:02,1167.75,EUR,SWIFT,CUST000078,HK,branch,Transaction 37,1
TXN00000038,ACCT0000118,CUST000071,2025-03-21 20:58:02,243.39,HKD,ACH,CUST000006,HK,online,Transaction 38,1
TXN00000039,ACCT0000127,CUST000078,2025-05-16 23:30:02,9950.0,USD,CASH,CUST000029,GB,online,Transaction 39,1
TXN00000040,ACCT0000080,CUST000048,2025-11-22 19:14:02,664.02,EUR,CASH,CUST000039,OTHER,online,Transaction 40,0
TXN00000041,ACCT0000146,CUST000089,2026-01-21 09:12:02,399.03,USD,CARD,CUST000003,US,mobile,Transaction 41,1
TXN00000042,ACCT0000013,CUST000007,2025-03-23 21:30:02,343.99,USD,CHECK,CUST000012,CH,online,Transaction 42,0
TXN00000043,ACCT0000069,CUST000042,2025-05-11 12:07:02,108.89,GBP,CHECK,CUST000061,FR,branch,Transaction 43,1
TXN00000044,ACCT0000080,CUST000048,2025-07-18 07:24:02,993.58,USD,RTGS,CUST000071,US,online,Transaction 44,1
TXN00000045,ACCT0000142,CUST000087,2025-06-05 23:07:02,63.87,USD,CARD,CUST000051,OTHER,telephone,Transaction 45,0
TXN00000046,ACCT0000096,CUST000058,2025-08-21 04:54:02,274.14,USD,CARD,CUST000010,KY,mobile,Transaction 46,0
TXN00000047,ACCT0000037,CUST000019,2025-09-05 00:19:02,482.6,EUR,ACH,CUST000096,OTHER,telephone,Transaction 47,0
TXN00000048,ACCT0000082,CUST000049,2025-06-15 10:25:02,1282.16,CHF,CARD,CUST000093,OTHER,branch,Transaction 48,0
TXN00000049,ACCT0000114,CUST000068,2025-04-09 17:21:02,1234.3,USD,WIRE,CUST000026,OTHER,mobile,Transaction 49,1
TXN00000050,ACCT0000037,CUST000019,2025-10-28 08:03:02,116.23,USD,CARD,CUST000030,OTHER,mobile,Transaction 50,0
TXN00000051,ACCT0000045,CUST000025,2025-06-09 22:58:02,918.3,GBP,CARD,CUST000014,BZ,online,Transaction 51,0
TXN00000052,ACCT0000152,CUST000094,2025-03-27 21:01:02,1301.22,USD,CARD,CUST000069,GB,atm,Transaction 52,0
TXN00000053,ACCT0000073,CUST000044,2025-03-21 05:59:02,1181.74,CHF,CARD,CUST000051,AE,mobile,Transaction 53,0
TXN00000054,ACCT0000035,CUST000018,2025-12-02 00:16:02,180.86,USD,CHECK,CUST000008,US,mobile,Transaction 54,0
TXN00000055,ACCT0000108,CUST000065,2025-02-21 20:30:02,136.31,GBP,ACH,CUST000078,GB,online,Transaction 55,0
TXN00000056,ACCT0000033,CUST000017,2025-10-19 11:56:02,1233.57,EUR,CARD,CUST000049,OTHER,online,Transaction 56,0
TXN00000057,ACCT0000139,CUST000086,2025-12-11 07:11:02,202.1,SGD,WIRE,CUST000051,GB,telephone,Transaction 57,0
TXN00000058,ACCT0000069,CUST000042,2026-02-06 14:06:02,1107.68,USD,CASH,CUST000006,US,telephone,Transaction 58,1
TXN00000059,ACCT0000137,CUST000085,2025-11-11 16:03:02,472.03,CHF,WIRE,CUST000066,GB,telephone,Transaction 59,1
TXN00000060,ACCT0000052,CUST000031,2025-05-03 21:21:02,610.82,USD,CASH,CUST000024,KY,online,Transaction 60,0
TXN00000061,ACCT0000048,CUST000027,2025-07-24 12:51:02,232.76,CHF,WIRE,CUST000020,AE,branch,Transaction 61,0
TXN00000062,ACCT0000126,CUST000078,2025-07-17 09:46:02,2063.7,SGD,CARD,CUST000047,OTHER,online,Transaction 62,0
TXN00000063,ACCT0000156,CUST000098,2025-10-14 01:32:02,509.48,SGD,CARD,CUST000068,OTHER,branch,Transaction 63,0
TXN00000064,ACCT0000018,CUST000010,2025-04-20 14:35:02,508.98,USD,CARD,CUST000086,US,telephone,Transaction 64,0
TXN00000065,ACCT0000133,CUST000082,2025-06-18 13:42:02,1337.53,GBP,ACH,CUST000055,OTHER,mobile,Transaction 65,0
TXN00000066,ACCT0000133,CUST000082,2025-07-17 15:21:02,3173.36,CHF,WIRE,CUST000068,US,telephone,Transaction 66,0
TXN00000067,ACCT0000106,CUST000064,2025-12-22 08:13:02,707.82,GBP,RTGS,CUST000046,US,mobile,Transaction 67,0
TXN00000068,ACCT0000098,CUST000059,2025-11-07 10:49:02,2357.53,SGD,WIRE,CUST000037,SG,atm,Transaction 68,1
TXN00000069,ACCT0000070,CUST000042,2025-07-07 14:01:02,2124.27,GBP,WIRE,CUST000098,US,branch,Transaction 69,0
TXN00000070,ACCT0000132,CUST000081,2025-04-23 05:22:02,199.1,USD,WIRE,CUST000012,US,online,Transaction 70,1
TXN00000071,ACCT0000101,CUST000061,2025-09-28 04:51:02,83.39,USD,RTGS,CUST000086,CH,online,Transaction 71,1
TXN00000072,ACCT0000024,CUST000013,2025-07-03 06:44:02,153.02,USD,ACH,CUST000100,US,mobile,Transaction 72,0
TXN00000073,ACCT0000101,CUST000061,2025-11-11 23:25:02,418.0,EUR,ACH,CUST000024,SG,online,Transaction 73,0
TXN00000074,ACCT0000073,CUST000044,2025-03-06 11:44:02,34.92,GBP,ACH,CUST000079,OTHER,atm,Transaction 74,0
TXN00000075,ACCT0000080,CUST000048,2025-10-31 17:38:02,96.99,USD,CARD,CUST000042,FR,mobile,Transaction 75,1
TXN00000076,ACCT0000145,CUST000088,2025-11-30 06:20:02,388.46,USD,SWIFT,CUST000074,OTHER,online,Transaction 76,0
TXN00000077,ACCT0000104,CUST000062,2025-09-16 18:12:02,596.63,USD,WIRE,CUST000031,US,mobile,Transaction 77,0
TXN00000078,ACCT0000143,CUST000088,2025-07-06 16:37:02,43.94,USD,RTGS,CUST000075,US,telephone,Transaction 78,1
TXN00000079,ACCT0000031,CUST000016,2026-02-03 10:17:02,220.5,USD,WIRE,CUST000017,OTHER,online,Transaction 79,0
TXN00000080,ACCT0000051,CUST000030,2025-04-28 11:52:02,32.73,USD,CASH,CUST000053,BZ,mobile,Transaction 80,1
TXN00000081,ACCT0000037,CUST000019,2025-12-07 19:17:02,2196.65,CHF,CARD,CUST000098,DE,atm,Transaction 81,1
TXN00000082,ACCT0000127,CUST000078,2025-11-21 09:02:02,608.58,GBP,RTGS,CUST000027,AE,telephone,Transaction 82,0
TXN00000083,ACCT0000080,CUST000048,2025-05-02 14:07:02,218.62,SGD,ACH,CUST000007,GB,mobile,Transaction 83,1
TXN00000084,ACCT0000111,CUST000067,2025-08-18 21:44:02,252.01,USD,CASH,CUST000015,OTHER,online,Transaction 84,0
TXN00000085,ACCT0000067,CUST000040,2025-11-08 17:02:02,1114.92,EUR,WIRE,CUST000029,BZ,online,Transaction 85,1
TXN00000086,ACCT0000064,CUST000037,2025-12-16 05:51:02,31.16,USD,WIRE,CUST000076,GB,online,Transaction 86,1
TXN00000087,ACCT0000057,CUST000034,2025-08-30 20:36:02,68.41,GBP,ACH,CUST000043,DE,atm,Transaction 87,0
TXN00000088,ACCT0000120,CUST000073,2025-07-01 15:27:02,393.48,EUR,CARD,CUST000081,US,online,Transaction 88,1
TXN00000089,ACCT0000006,CUST000003,2025-07-20 17:49:02,625.89,USD,RTGS,CUST000043,US,telephone,Transaction 89,0
TXN00000090,ACCT0000076,CUST000046,2025-04-20 07:34:02,251.79,CHF,RTGS,CUST000001,AE,online,Transaction 90,1
TXN00000091,ACCT0000079,CUST000047,2025-10-06 00:28:02,15.68,USD,WIRE,CUST000075,US,atm,Transaction 91,1
TXN00000092,ACCT0000057,CUST000034,2025-03-26 10:00:02,152.71,CHF,RTGS,CUST000014,DE,branch,Transaction 92,0
TXN00000093,ACCT0000048,CUST000027,2026-01-13 19:21:02,123.45,GBP,CASH,CUST000011,SG,online,Transaction 93,0
TXN00000094,ACCT0000060,CUST000035,2025-10-02 20:07:02,26.06,USD,CARD,CUST000092,OTHER,mobile,Transaction 94,0
TXN00000095,ACCT0000009,CUST000005,2025-03-07 12:17:02,17.02,USD,ACH,CUST000075,GB,online,Transaction 95,0
TXN00000096,ACCT0000147,CUST000090,2025-12-15 15:53:02,207.63,USD,CASH,CUST000090,DE,online,Transaction 96,0
TXN00000097,ACCT0000004,CUST000002,2025-06-03 10:41:02,44.74,EUR,CARD,CUST000025,GB,telephone,Transaction 97,0
TXN00000098,ACCT0000073,CUST000044,2025-11-12 00:32:02,223.64,EUR,CASH,CUST000049,US,mobile,Transaction 98,0
TXN00000099,ACCT0000127,CUST000078,2025-03-18 19:38:02,481.38,USD,CARD,CUST000027,US,telephone,Transaction 99,1
TXN00000100,ACCT0000037,CUST000019,2025-12-14 13:26:02,41.25,GBP,CARD,CUST000003,OTHER,telephone,Transaction 100,1
TXN00000101,ACCT0000019,CUST000010,2025-12-18 11:07:02,626.68,EUR,RTGS,CUST000057,GB,online,Transaction 101,0
TXN00000102,ACCT0000099,CUST000059,2025-02-27 13:58:02,333.34,USD,CASH,CUST000085,CH,online,Transaction 102,1
TXN00000103,ACCT0000139,CUST000086,2025-12-28 20:26:02,117.29,GBP,CARD,CUST000087,DE,online,Transaction 103,0
TXN00000104,ACCT0000151,CUST000094,2025-08-29 11:59:02,1111.66,EUR,ACH,CUST000041,GB,branch,Transaction 104,0
TXN00000105,ACCT0000132,CUST000081,2025-09-19 04:37:02,1560.74,USD,CASH,CUST000007,FR,atm,Transaction 105,0
TXN00000106,ACCT0000099,CUST000059,2026-01-20 11:50:02,239.05,USD,WIRE,CUST000056,OTHER,branch,Transaction 106,0
TXN00000107,ACCT0000058,CUST000034,2026-01-05 12:25:02,200.61,SGD,WIRE,CUST000010,CH,online,Transaction 107,0
TXN00000108,ACCT0000128,CUST000079,2025-07-26 03:09:02,262.84,USD,WIRE,CUST000063,GB,mobile,Transaction 108,1
TXN00000109,ACCT0000154,CUST000096,2025-10-04 14:20:02,6.2,EUR,ACH,CUST000017,US,mobile,Transaction 109,0
TXN00000110,ACCT0000140,CUST000086,2025-08-29 10:00:02,149.92,GBP,ACH,CUST000041,AE,mobile,Transaction 110,0
TXN00000111,ACCT0000074,CUST000044,2026-01-24 04:38:02,160.6,USD,ACH,CUST000075,GB,atm,Transaction 111,1
TXN00000112,ACCT0000143,CUST000088,2025-07-20 16:31:02,178.06,EUR,CARD,CUST000087,FR,online,Transaction 112,0
TXN00000113,ACCT0000154,CUST000096,2025-04-15 07:44:02,166.37,EUR,WIRE,CUST000062,OTHER,online,Transaction 113,0
TXN00000114,ACCT0000014,CUST000007,2026-01-15 22:13:02,131.54,USD,CARD,CUST000034,GB,branch,Transaction 114,0
TXN00000115,ACCT0000064,CUST000037,2025-06-28 20:14:02,2764.29,CHF,WIRE,CUST000072,GB,mobile,Transaction 115,0
TXN00000116,ACCT0000101,CUST000061,2025-12-19 03:33:02,460.04,USD,ACH,CUST000068,GB,online,Transaction 116,0
TXN00000117,ACCT0000019,CUST000010,2025-08-18 16:59:02,678.29,USD,CARD,CUST000098,OTHER,online,Transaction 117,0
TXN00000118,ACCT0000128,CUST000079,2025-06-09 13:49:02,951.85,SGD,ACH,CUST000090,US,branch,Transaction 118,0
TXN00000119,ACCT0000154,CUST000096,2025-08-29 08:43:02,1621.64,HKD,ACH,CUST000092,OTHER,mobile,Transaction 119,0
TXN00000120,ACCT0000100,CUST000060,2025-05-17 15:44:02,1059.93,CHF,CHECK,CUST000092,US,atm,Transaction 120,0
TXN00000121,ACCT0000134,CUST000082,2025-12-23 08:34:02,451.28,SGD,SWIFT,CUST000084,OTHER,online,Transaction 121,0
TXN00000122,ACCT0000122,CUST000075,2025-09-11 15:23:02,31.02,USD,ACH,CUST000006,GB,mobile,Transaction 122,1
TXN00000123,ACCT0000031,CUST000016,2025-06-05 20:42:02,870.87,GBP,WIRE,CUST000091,DE,online,Transaction 123,0
TXN00000124,ACCT0000109,CUST000065,2025-03-06 18:51:02,946.15,USD,CHECK,CUST000008,FR,mobile,Transaction 124,0
TXN00000125,ACCT0000093,CUST000056,2025-09-10 23:24:02,173.9,HKD,RTGS,CUST000049,KY,telephone,Transaction 125,0
TXN00000126,ACCT0000067,CUST000040,2025-08-16 00:22:02,124.65,USD,ACH,CUST000004,CH,online,Transaction 126,1
TXN00000127,ACCT0000005,CUST000003,2025-12-12 17:18:02,28.77,USD,CHECK,CUST000037,OTHER,atm,Transaction 127,0
TXN00000128,ACCT0000147,CUST000090,2025-10-12 16:50:02,472.92,USD,WIRE,CUST000005,SG,mobile,Transaction 128,0
TXN00000129,ACCT0000137,CUST000085,2025-03-23 23:08:02,138.41,EUR,WIRE,CUST000053,US,telephone,Transaction 129,1
TXN00000130,ACCT0000063,CUST000036,2025-12-23 02:27:02,117.99,SGD,CASH,CUST000081,HK,telephone,Transaction 130,0
TXN00000131,ACCT0000133,CUST000082,2025-06-26 06:48:02,602.56,GBP,CHECK,CUST000012,GB,mobile,Transaction 131,0
TXN00000132,ACCT0000120,CUST000073,2025-06-25 07:51:02,47.99,USD,WIRE,CUST000067,FR,telephone,Transaction 132,0
TXN00000133,ACCT0000156,CUST000098,2026-02-08 13:59:02,250.87,USD,CARD,CUST000097,HK,atm,Transaction 133,0
TXN00000134,ACCT0000047,CUST000026,2025-04-09 11:41:02,542.58,USD,RTGS,CUST000095,DE,atm,Transaction 134,0
TXN00000135,ACCT0000106,CUST000064,2025-12-02 06:19:02,1027.61,EUR,WIRE,CUST000046,US,mobile,Transaction 135,0
TXN00000136,ACCT0000068,CUST000041,2025-11-05 14:02:02,1030.54,GBP,CARD,CUST000089,SG,mobile,Transaction 136,1
TXN00000137,ACCT0000026,CUST000014,2025-02-28 15:26:02,609.97,USD,CASH,CUST000024,US,mobile,Transaction 137,0
TXN00000138,ACCT0000126,CUST000078,2025-04-20 11:06:02,34.14,USD,CHECK,CUST000056,OTHER,online,Transaction 138,0
TXN00000139,ACCT0000138,CUST000085,2025-06-19 04:35:02,1924.85,USD,CARD,CUST000097,OTHER,online,Transaction 139,0
TXN00000140,ACCT0000138,CUST000085,2025-03-15 01:59:02,355.31,EUR,CARD,CUST000013,US,mobile,Transaction 140,0
TXN00000141,ACCT0000035,CUST000018,2025-03-24 07:41:02,103.88,CHF,ACH,CUST000093,FR,online,Transaction 141,1
TXN00000142,ACCT0000035,CUST000018,2025-12-22 11:48:02,66.32,USD,CASH,CUST000048,US,online,Transaction 142,0
TXN00000143,ACCT0000117,CUST000070,2025-08-06 05:17:02,421.73,EUR,WIRE,CUST000064,GB,telephone,Transaction 143,0
TXN00000144,ACCT0000161,CUST000100,2025-09-14 11:16:02,12395.974721838891,CHF,SWIFT,CUST000077,GB,mobile,Transaction 144,0
TXN00000145,ACCT0000027,CUST000014,2026-01-25 08:31:02,2300.46,SGD,WIRE,CUST000016,DE,branch,Transaction 145,0
TXN00000146,ACCT0000023,CUST000012,2025-04-07 22:09:02,811.74,USD,CARD,CUST000012,US,mobile,Transaction 146,0
TXN00000147,ACCT0000127,CUST000078,2026-02-09 07:20:02,1889.05,USD,CHECK,CUST000022,DE,online,Transaction 147,0
TXN00000148,ACCT0000128,CUST000079,2025-12-20 22:27:02,207.95,USD,ACH,CUST000072,FR,online,Transaction 148,0
TXN00000149,ACCT0000137,CUST000085,2025-07-05 03:16:02,690.73,USD,ACH,CUST000030,CH,online,Transaction 149,0
TXN00000150,ACCT0000071,CUST000042,2025-08-16 20:39:02,1372.71,USD,SWIFT,CUST000021,US,mobile,Transaction 150,1
TXN00000151,ACCT0000042,CUST000023,2025-04-18 05:08:02,287.55,HKD,ACH,CUST000007,US,online,Transaction 151,1
TXN00000152,ACCT0000081,CUST000048,2025-09-29 02:36:02,63.21,USD,ACH,CUST000089,GB,online,Transaction 152,0
TXN00000153,ACCT0000050,CUST000029,2026-01-04 10:00:02,329.48,USD,WIRE,CUST000037,HK,branch,Transaction 153,0
TXN00000154,ACCT0000103,CUST000062,2025-09-26 02:20:02,864.34,USD,WIRE,CUST000020,KY,telephone,Transaction 154,0
TXN00000155,ACCT0000099,CUST000059,2025-12-26 05:25:02,92.61,GBP,WIRE,CUST000028,OTHER,branch,Transaction 155,0
TXN00000156,ACCT0000067,CUST000040,2025-03-03 04:59:02,417.67,EUR,CHECK,CUST000084,GB,mobile,Transaction 156,1
TXN00000157,ACCT0000122,CUST000075,2025-10-20 22:51:02,206.97,USD,CARD,CUST000076,DE,telephone,Transaction 157,1
TXN00000158,ACCT0000161,CUST000100,2025-05-31 10:41:02,469.14,USD,WIRE,CUST000011,GB,mobile,Transaction 158,0
TXN00000159,ACCT0000146,CUST000089,2025-11-19 12:30:02,106.46,USD,SWIFT,CUST000026,OTHER,telephone,Transaction 159,1
TXN00000160,ACCT0000057,CUST000034,2025-08-14 09:26:02,164.51,EUR,RTGS,CUST000066,DE,online,Transaction 160,0
TXN00000161,ACCT0000110,CUST000066,2025-05-28 04:13:02,501.08,EUR,ACH,CUST000047,US,telephone,Transaction 161,0
TXN00000162,ACCT0000016,CUST000008,2025-03-28 14:08:02,110.73,USD,ACH,CUST000004,OTHER,mobile,Transaction 162,0
TXN00000163,ACCT0000075,CUST000045,2025-07-27 06:41:02,100.48,GBP,CASH,CUST000023,GB,atm,Transaction 163,0
TXN00000164,ACCT0000143,CUST000088,2025-09-27 00:43:02,54.08,EUR,CASH,CUST000067,GB,branch,Transaction 164,0
TXN00000165,ACCT0000142,CUST000087,2025-09-07 01:39:02,674.68,EUR,RTGS,CUST000013,US,online,Transaction 165,0
TXN00000166,ACCT0000051,CUST000030,2025-11-11 07:14:02,1677.71,USD,CARD,CUST000070,DE,mobile,Transaction 166,0
TXN00000167,ACCT0000078,CUST000047,2025-09-10 03:25:02,287.31,EUR,ACH,CUST000075,US,mobile,Transaction 167,1
TXN00000168,ACCT0000161,CUST000100,2025-03-29 09:59:02,140.36,USD,CASH,CUST000083,SG,mobile,Transaction 168,1
TXN00000169,ACCT0000150,CUST000093,2025-08-24 19:26:02,725.46,EUR,CARD,CUST000052,OTHER,mobile,Transaction 169,0
TXN00000170,ACCT0000145,CUST000088,2025-11-18 05:02:02,2312.57,USD,SWIFT,CUST000074,OTHER,mobile,Transaction 170,0
TXN00000171,ACCT0000161,CUST000100,2025-12-02 10:34:02,5.42,USD,CHECK,CUST000076,HK,online,Transaction 171,0
TXN00000172,ACCT0000047,CUST000026,2025-07-04 17:35:02,1302.83,CHF,WIRE,CUST000092,OTHER,branch,Transaction 172,0
TXN00000173,ACCT0000131,CUST000081,2026-02-08 03:48:02,121.78,GBP,ACH,CUST000072,OTHER,online,Transaction 173,1
TXN00000174,ACCT0000102,CUST000062,2026-01-20 05:09:02,975.59,GBP,WIRE,CUST000021,OTHER,online,Transaction 174,0
TXN00000175,ACCT0000075,CUST000045,2025-10-30 22:13:02,467.74,SGD,ACH,CUST000026,OTHER,mobile,Transaction 175,0
TXN00000176,ACCT0000151,CUST000094,2025-12-02 17:40:02,82.32,SGD,ACH,CUST000089,OTHER,mobile,Transaction 176,1
TXN00000177,ACCT0000026,CUST000014,2025-11-26 07:00:02,36.68,GBP,CARD,CUST000097,US,mobile,Transaction 177,0
TXN00000178,ACCT0000002,CUST000001,2025-05-24 14:26:02,4728913.128665331,GBP,CASH,CUST000058,OTHER,online,Transaction 178,1
TXN00000179,ACCT0000015,CUST000008,2025-07-10 00:11:02,3537.53,GBP,CARD,CUST000053,OTHER,online,Transaction 179,0
TXN00000180,ACCT0000092,CUST000055,2025-10-06 22:58:02,431.3,EUR,CASH,CUST000071,GB,telephone,Transaction 180,0
TXN00000181,ACCT0000044,CUST000024,2025-02-15 06:29:02,145.52,USD,CHECK,CUST000062,GB,branch,Transaction 181,1
TXN00000182,ACCT0000130,CUST000080,2025-08-10 02:02:02,515.92,EUR,WIRE,CUST000041,GB,mobile,Transaction 182,1
TXN00000183,ACCT0000126,CUST000078,2025-06-25 17:10:02,468.52,HKD,ACH,CUST000045,DE,telephone,Transaction 183,0
TXN00000184,ACCT0000015,CUST000008,2025-12-16 16:04:02,424.94,USD,CASH,CUST000036,US,branch,Transaction 184,0
TXN00000185,ACCT0000102,CUST000062,2025-07-03 10:28:02,236.67,USD,RTGS,CUST000004,US,mobile,Transaction 185,0
TXN00000186,ACCT0000082,CUST000049,2025-08-12 19:02:02,50.11,USD,ACH,CUST000077,US,atm,Transaction 186,0
TXN00000187,ACCT0000079,CUST000047,2025-09-20 07:10:02,49.59,EUR,ACH,CUST000091,CH,online,Transaction 187,0
TXN00000188,ACCT0000083,CUST000049,2025-09-26 19:48:02,1858.11,EUR,CARD,CUST000071,DE,atm,Transaction 188,1
TXN00000189,ACCT0000121,CUST000074,2025-12-07 22:57:02,6218.558648688087,USD,RTGS,CUST000079,US,online,Transaction 189,0
TXN00000190,ACCT0000148,CUST000091,2025-06-20 08:03:02,351.13,USD,CASH,CUST000035,US,online,Transaction 190,0
TXN00000191,ACCT0000128,CUST000079,2025-07-23 21:15:02,75.97,USD,WIRE,CUST000083,GB,atm,Transaction 191,0
TXN00000192,ACCT0000157,CUST000098,2026-01-28 10:59:02,1465.13,USD,WIRE,CUST000020,AE,branch,Transaction 192,1
TXN00000193,ACCT0000089,CUST000054,2025-10-14 16:56:02,121.92,USD,CASH,CUST000043,HK,online,Transaction 193,0
TXN00000194,ACCT0000015,CUST000008,2025-03-20 12:36:02,361.6,USD,WIRE,CUST000075,US,online,Transaction 194,0
TXN00000195,ACCT0000029,CUST000015,2025-09-14 23:26:02,447.08,USD,SWIFT,CUST000022,US,online,Transaction 195,1
TXN00000196,ACCT0000004,CUST000002,2025-08-01 19:32:02,82.41,SGD,ACH,CUST000029,US,online,Transaction 196,0
TXN00000197,ACCT0000109,CUST000065,2025-08-14 21:00:02,497.49,HKD,SWIFT,CUST000052,DE,online,Transaction 197,1
TXN00000198,ACCT0000075,CUST000045,2025-10-02 11:23:02,649.05,EUR,ACH,CUST000015,CH,online,Transaction 198,1
TXN00000199,ACCT0000096,CUST000058,2025-06-23 04:58:02,724.94,USD,CARD,CUST000023,FR,mobile,Transaction 199,1
TXN00000200,ACCT0000081,CUST000048,2025-11-09 13:43:02,136.66,USD,CARD,CUST000093,OTHER,mobile,Transaction 200,0
TXN00000201,ACCT0000090,CUST000054,2025-09-07 13:57:02,322.49,SGD,RTGS,CUST000015,OTHER,branch,Transaction 201,0
TXN00000202,ACCT0000032,CUST000017,2025-04-19 03:23:02,1831.59,USD,WIRE,CUST000051,US,online,Transaction 202,1
TXN00000203,ACCT0000048,CUST000027,2025-06-13 12:58:02,1951.07,USD,CHECK,CUST000035,US,branch,Transaction 203,1
TXN00000204,ACCT0000123,CUST000076,2025-04-03 23:03:02,349.32,USD,CARD,CUST000032,US,mobile,Transaction 204,0
TXN00000205,ACCT0000111,CUST000067,2025-05-25 01:32:02,1423.08,GBP,CARD,CUST000034,GB,atm,Transaction 205,0
TXN00000206,ACCT0000039,CUST000020,2025-03-09 15:30:02,1379.97,USD,RTGS,CUST000002,KY,atm,Transaction 206,0
TXN00000207,ACCT0000119,CUST000072,2025-07-12 04:34:02,363.24,USD,CARD,CUST000008,OTHER,atm,Transaction 207,0
TXN00000208,ACCT0000126,CUST000078,2025-03-08 21:10:02,2098.79,EUR,ACH,CUST000023,BZ,mobile,Transaction 208,0
TXN00000209,ACCT0000007,CUST000004,2026-01-26 19:39:02,577.66,SGD,CARD,CUST000058,US,mobile,Transaction 209,0
TXN00000210,ACCT0000033,CUST000017,2025-10-02 00:41:02,37.17,USD,CARD,CUST000025,OTHER,mobile,Transaction 210,0
TXN00000211,ACCT0000087,CUST000052,2025-06-01 05:44:02,23578.23,USD,CARD,CUST000004,US,online,Transaction 211,0
TXN00000212,ACCT0000142,CUST000087,2025-11-23 06:10:02,69.15,CHF,CHECK,CUST000032,US,online,Transaction 212,0
TXN00000213,ACCT0000121,CUST000074,2026-02-01 11:32:02,259.14,CHF,RTGS,CUST000007,US,online,Transaction 213,0
TXN00000214,ACCT0000021,CUST000011,2026-01-13 05:26:02,278.33,CHF,CARD,CUST000082,GB,telephone,Transaction 214,1
TXN00000215,ACCT0000047,CUST000026,2025-07-16 02:47:02,85.13,GBP,CASH,CUST000059,US,online,Transaction 215,0
TXN00000216,ACCT0000105,CUST000063,2025-08-23 13:06:02,340.4,USD,CARD,CUST000031,US,branch,Transaction 216,0
TXN00000217,ACCT0000018,CUST000010,2025-11-22 09:30:02,357.4,GBP,RTGS,CUST000067,SG,online,Transaction 217,1
TXN00000218,ACCT0000077,CUST000047,2025-07-13 04:04:02,71.39,USD,CASH,CUST000055,US,atm,Transaction 218,0
TXN00000219,ACCT0000080,CUST000048,2025-05-17 01:51:02,1174.09,USD,CHECK,CUST000026,HK,online,Transaction 219,1
TXN00000220,ACCT0000028,CUST000015,2025-02-15 06:00:02,6109.49,EUR,WIRE,CUST000084,GB,branch,Transaction 220,0
TXN00000221,ACCT0000137,CUST000085,2025-08-05 23:14:02,1096.65,USD,CARD,CUST000093,GB,telephone,Transaction 221,0
TXN00000222,ACCT0000034,CUST000018,2025-07-05 22:41:02,1892.22,GBP,CASH,CUST000066,DE,online,Transaction 222,0
TXN00000223,ACCT0000061,CUST000036,2025-07-18 09:59:02,1425.81,USD,WIRE,CUST000085,DE,mobile,Transaction 223,0
TXN00000224,ACCT0000100,CUST000060,2025-08-31 19:22:02,194.61,GBP,ACH,CUST000016,GB,online,Transaction 224,1
TXN00000225,ACCT0000047,CUST000026,2025-10-27 02:06:02,4594.38,CHF,CHECK,CUST000009,AE,online,Transaction 225,0
TXN00000226,ACCT0000102,CUST000062,2025-11-13 13:28:02,1541.6,HKD,WIRE,CUST000060,US,branch,Transaction 226,0
TXN00000227,ACCT0000009,CUST000005,2025-12-29 12:23:02,1361.06,HKD,CHECK,CUST000006,US,mobile,Transaction 227,1
TXN00000228,ACCT0000113,CUST000068,2025-06-25 08:51:02,8036.14,USD,CHECK,CUST000074,US,mobile,Transaction 228,0
TXN00000229,ACCT0000086,CUST000051,2025-12-04 16:58:02,2811.66,CHF,SWIFT,CUST000013,US,online,Transaction 229,0
TXN00000230,ACCT0000129,CUST000080,2025-03-02 16:01:02,522.94,EUR,CARD,CUST000044,GB,telephone,Transaction 230,1
TXN00000231,ACCT0000072,CUST000043,2025-04-08 06:25:02,723.38,GBP,CASH,CUST000004,FR,mobile,Transaction 231,0
TXN00000232,ACCT0000144,CUST000088,2025-06-08 01:15:02,3875.83,USD,CASH,CUST000093,US,atm,Transaction 232,1
TXN00000233,ACCT0000007,CUST000004,2025-05-28 22:07:02,1749.3,USD,CASH,CUST000098,DE,online,Transaction 233,0
TXN00000234,ACCT0000159,CUST000100,2025-08-29 04:56:02,63.93,GBP,CARD,CUST000065,GB,online,Transaction 234,0
TXN00000235,ACCT0000078,CUST000047,2025-09-25 01:53:02,6097.32,USD,ACH,CUST000048,CH,branch,Transaction 235,0
TXN00000236,ACCT0000147,CUST000090,2025-03-09 23:04:02,2067.79,USD,RTGS,CUST000064,GB,mobile,Transaction 236,1
TXN00000237,ACCT0000069,CUST000042,2025-04-16 12:19:02,11076.87,GBP,ACH,CUST000017,US,mobile,Transaction 237,1
TXN00000238,ACCT0000152,CUST000094,2025-11-05 18:09:02,512.6,GBP,RTGS,CUST000078,HK,branch,Transaction 238,1
TXN00000239,ACCT0000093,CUST000056,2025-08-30 19:22:02,29.49,GBP,WIRE,CUST000039,HK,mobile,Transaction 239,1
TXN00000240,ACCT0000094,CUST000057,2025-10-22 08:19:02,182.86,USD,WIRE,CUST000072,OTHER,online,Transaction 240,1
TXN00000241,ACCT0000116,CUST000070,2025-12-02 20:18:02,160.38,CHF,CARD,CUST000047,GB,online,Transaction 241,0
TXN00000242,ACCT0000072,CUST000043,2026-01-11 16:11:02,595.59,USD,WIRE,CUST000071,US,online,Transaction 242,0
TXN00000243,ACCT0000038,CUST000019,2026-01-31 07:00:02,25278.45,USD,WIRE,CUST000048,AE,mobile,Transaction 243,1
TXN00000244,ACCT0000158,CUST000099,2025-07-03 10:01:02,255.34,USD,CHECK,CUST000044,DE,atm,Transaction 244,0
TXN00000245,ACCT0000020,CUST000011,2025-12-12 09:22:02,5089.93,USD,CHECK,CUST000001,GB,mobile,Transaction 245,0
TXN00000246,ACCT0000035,CUST000018,2025-09-15 17:01:02,228.29,GBP,WIRE,CUST000061,GB,mobile,Transaction 246,0
TXN00000247,ACCT0000078,CUST000047,2025-09-21 06:47:02,1999.69,SGD,CHECK,CUST000022,OTHER,online,Transaction 247,1
TXN00000248,ACCT0000027,CUST000014,2025-04-15 06:27:02,9500.0,USD,CASH,CUST000064,FR,online,Transaction 248,0
TXN00000249,ACCT0000152,CUST000094,2025-10-10 00:08:02,274.26,EUR,WIRE,CUST000011,AE,mobile,Transaction 249,0
TXN00000250,ACCT0000104,CUST000062,2025-12-28 02:01:02,3939.4,CHF,CARD,CUST000008,OTHER,atm,Transaction 250,0
TXN00000251,ACCT0000056,CUST000033,2025-09-07 02:25:02,381.95,CHF,CARD,CUST000098,OTHER,mobile,Transaction 251,0
TXN00000252,ACCT0000161,CUST000100,2025-12-13 20:53:02,2109.97,USD,ACH,CUST000043,OTHER,online,Transaction 252,1
TXN00000253,ACCT0000087,CUST000052,2025-11-01 08:52:02,2455.72,USD,ACH,CUST000097,KY,atm,Transaction 253,1
TXN00000254,ACCT0000107,CUST000064,2025-09-17 13:51:02,336.17,USD,RTGS,CUST000073,US,telephone,Transaction 254,1
TXN00000255,ACCT0000101,CUST000061,2025-04-13 14:34:02,17.01,EUR,CARD,CUST000086,US,mobile,Transaction 255,1
TXN00000256,ACCT0000139,CUST000086,2025-04-23 22:55:02,1481.56,EUR,ACH,CUST000072,GB,online,Transaction 256,0
TXN00000257,ACCT0000017,CUST000009,2025-04-21 23:17:02,45.19,SGD,CARD,CUST000021,DE,mobile,Transaction 257,0
TXN00000258,ACCT0000101,CUST000061,2025-07-08 05:51:02,44.19,GBP,ACH,CUST000028,SG,online,Transaction 258,0
TXN00000259,ACCT0000079,CUST000047,2025-11-12 21:46:02,549.47,EUR,WIRE,CUST000078,HK,telephone,Transaction 259,0
TXN00000260,ACCT0000080,CUST000048,2025-08-14 22:37:02,78.18,EUR,RTGS,CUST000071,US,branch,Transaction 260,1
TXN00000261,ACCT0000160,CUST000100,2025-05-25 10:09:02,1490.99,EUR,CARD,CUST000074,US,branch,Transaction 261,1
TXN00000262,ACCT0000009,CUST000005,2025-08-20 13:52:02,6265.5,USD,WIRE,CUST000054,KY,mobile,Transaction 262,1
TXN00000263,ACCT0000096,CUST000058,2026-01-11 09:56:02,958.31,EUR,WIRE,CUST000095,OTHER,online,Transaction 263,0
TXN00000264,ACCT0000067,CUST000040,2025-08-25 04:21:02,1474.5,CHF,ACH,CUST000081,US,telephone,Transaction 264,0
TXN00000265,ACCT0000050,CUST000029,2025-07-17 09:19:02,1757.09,GBP,ACH,CUST000080,DE,online,Transaction 265,0
TXN00000266,ACCT0000074,CUST000044,2025-08-23 22:43:02,60.11,USD,CASH,CUST000089,OTHER,atm,Transaction 266,0
TXN00000267,ACCT0000087,CUST000052,2025-09-16 22:04:02,152.23,SGD,ACH,CUST000053,DE,atm,Transaction 267,0
TXN00000268,ACCT0000003,CUST000002,2025-04-23 23:59:02,11.15,USD,ACH,CUST000049,US,atm,Transaction 268,1
TXN00000269,ACCT0000081,CUST000048,2026-02-02 22:08:02,9985.77,EUR,RTGS,CUST000037,FR,telephone,Transaction 269,0
TXN00000270,ACCT0000129,CUST000080,2025-06-21 15:57:02,35.4,USD,CARD,CUST000059,OTHER,mobile,Transaction 270,0
TXN00000271,ACCT0000021,CUST000011,2026-01-08 04:07:02,1853.49,EUR,ACH,CUST000003,US,mobile,Transaction 271,0
TXN00000272,ACCT0000070,CUST000042,2025-07-21 21:03:02,313.63,USD,CARD,CUST000089,SG,online,Transaction 272,1
TXN00000273,ACCT0000053,CUST000031,2025-03-07 23:27:02,43.42,USD,ACH,CUST000083,KY,mobile,Transaction 273,0
TXN00000274,ACCT0000124,CUST000076,2025-10-24 19:32:02,4844.65,EUR,ACH,CUST000062,DE,mobile,Transaction 274,1
TXN00000275,ACCT0000052,CUST000031,2025-04-14 03:09:02,324.58,CHF,ACH,CUST000062,DE,online,Transaction 275,0
TXN00000276,ACCT0000107,CUST000064,2025-09-02 23:39:02,7797.16,CHF,ACH,CUST000042,US,mobile,Transaction 276,0
TXN00000277,ACCT0000002,CUST000001,2025-12-14 23:33:02,52.49,USD,CASH,CUST000010,FR,branch,Transaction 277,0
TXN00000278,ACCT0000096,CUST000058,2025-09-26 10:47:02,770.29,CHF,CARD,CUST000076,OTHER,telephone,Transaction 278,0
TXN00000279,ACCT0000146,CUST000089,2025-03-12 13:15:02,1680.66,USD,CHECK,CUST000082,US,mobile,Transaction 279,1
TXN00000280,ACCT0000048,CUST000027,2025-05-16 04:52:02,98.41,USD,ACH,CUST000053,AE,mobile,Transaction 280,0
TXN00000281,ACCT0000033,CUST000017,2025-03-02 06:57:02,77.08,USD,SWIFT,CUST000067,DE,branch,Transaction 281,0
TXN00000282,ACCT0000160,CUST000100,2025-06-04 19:59:02,2125.21,SGD,SWIFT,CUST000077,US,online,Transaction 282,0
TXN00000283,ACCT0000016,CUST000008,2025-07-21 00:03:02,103.53,CHF,CARD,CUST000053,AE,telephone,Transaction 283,0
TXN00000284,ACCT0000022,CUST000012,2025-04-27 15:52:02,39.77,EUR,CARD,CUST000093,US,online,Transaction 284,1
TXN00000285,ACCT0000002,CUST000001,2025-05-19 11:29:02,1159.73,SGD,ACH,CUST000055,DE,online,Transaction 285,0
TXN00000286,ACCT0000101,CUST000061,2025-07-18 13:57:02,212.72,EUR,ACH,CUST000074,US,online,Transaction 286,1
TXN00000287,ACCT0000141,CUST000087,2025-09-22 22:17:02,2394.36,EUR,SWIFT,CUST000031,OTHER,mobile,Transaction 287,1
TXN00000288,ACCT0000041,CUST000022,2025-12-17 05:29:02,679.93,USD,RTGS,CUST000013,CH,online,Transaction 288,0
TXN00000289,ACCT0000128,CUST000079,2025-02-27 12:39:02,231.37,USD,CHECK,CUST000071,DE,mobile,Transaction 289,0
TXN00000290,ACCT0000075,CUST000045,2025-03-14 18:32:02,296.86,CHF,CARD,CUST000069,HK,mobile,Transaction 290,0
TXN00000291,ACCT0000134,CUST000082,2025-08-22 14:58:02,1158.51,USD,RTGS,CUST000067,GB,online,Transaction 291,1
TXN00000292,ACCT0000060,CUST000035,2025-08-21 13:45:02,9501.75,CHF,ACH,CUST000060,US,mobile,Transaction 292,0
TXN00000293,ACCT0000098,CUST000059,2025-09-23 06:36:02,6037.32,GBP,CASH,CUST000066,OTHER,online,Transaction 293,0
TXN00000294,ACCT0000119,CUST000072,2025-08-09 17:44:02,58.99,USD,ACH,CUST000098,US,online,Transaction 294,0
TXN00000295,ACCT0000146,CUST000089,2025-08-06 06:56:02,160.91,EUR,CARD,CUST000059,AE,mobile,Transaction 295,0
TXN00000296,ACCT0000049,CUST000028,2026-01-09 15:38:02,153.97,EUR,ACH,CUST000072,GB,telephone,Transaction 296,0
TXN00000297,ACCT0000108,CUST000065,2025-11-08 08:58:02,554.7,USD,ACH,CUST000066,US,branch,Transaction 297,1
TXN00000298,ACCT0000153,CUST000095,2025-04-19 05:55:02,550.37,HKD,CARD,CUST000072,US,mobile,Transaction 298,1
TXN00000299,ACCT0000146,CUST000089,2026-01-10 20:21:02,509.63,USD,CARD,CUST000008,CH,online,Transaction 299,0
TXN00000300,ACCT0000037,CUST000019,2025-11-25 10:20:02,8775.59,USD,WIRE,CUST000077,GB,mobile,Transaction 300,0
TXN00000301,ACCT0000122,CUST000075,2026-02-01 09:19:02,477.35,SGD,SWIFT,CUST000010,GB,online,Transaction 301,0
TXN00000302,ACCT0000004,CUST000002,2025-12-09 07:33:02,209.15,USD,ACH,CUST000083,OTHER,mobile,Transaction 302,0
TXN00000303,ACCT0000031,CUST000016,2025-12-09 22:05:02,355.97,USD,CASH,CUST000040,CH,mobile,Transaction 303,0
TXN00000304,ACCT0000011,CUST000006,2026-01-04 09:36:02,228.61,EUR,SWIFT,CUST000007,US,online,Transaction 304,1
TXN00000305,ACCT0000003,CUST000002,2025-02-14 03:00:02,291.36,CHF,WIRE,CUST000018,GB,branch,Transaction 305,0
TXN00000306,ACCT0000130,CUST000080,2025-09-17 10:37:02,3094.71,USD,CARD,CUST000031,AE,online,Transaction 306,0
TXN00000307,ACCT0000061,CUST000036,2025-05-19 22:30:02,780.17,USD,ACH,CUST000003,CH,online,Transaction 307,0
TXN00000308,ACCT0000022,CUST000012,2025-03-16 02:32:02,11.88,GBP,ACH,CUST000084,GB,branch,Transaction 308,0
TXN00000309,ACCT0000014,CUST000007,2026-02-03 18:03:02,14934.65,EUR,CASH,CUST000066,GB,online,Transaction 309,0
TXN00000310,ACCT0000006,CUST000003,2025-08-18 18:20:02,964.18,EUR,CARD,CUST000056,DE,telephone,Transaction 310,0
TXN00000311,ACCT0000159,CUST000100,2025-02-26 06:25:02,25.69,SGD,RTGS,CUST000046,FR,branch,Transaction 311,0
TXN00000312,ACCT0000084,CUST000050,2025-03-05 23:41:02,189.61,EUR,CHECK,CUST000055,US,telephone,Transaction 312,0
TXN00000313,ACCT0000136,CUST000084,2025-06-07 18:02:02,12112.802714912941,CHF,CARD,CUST000100,OTHER,online,Transaction 313,0
TXN00000314,ACCT0000078,CUST000047,2025-04-13 09:54:02,377.7,USD,ACH,CUST000066,DE,branch,Transaction 314,1
TXN00000315,ACCT0000128,CUST000079,2025-07-02 15:14:02,219.89,SGD,CARD,CUST000017,SG,online,Transaction 315,1
TXN00000316,ACCT0000139,CUST000086,2025-03-21 02:16:02,12.02,CHF,WIRE,CUST000037,DE,online,Transaction 316,0
TXN00000317,ACCT0000017,CUST000009,2026-01-29 10:13:02,171.9,USD,WIRE,CUST000025,GB,atm,Transaction 317,0
TXN00000318,ACCT0000078,CUST000047,2025-06-29 10:14:02,4853.22,USD,SWIFT,CUST000021,US,mobile,Transaction 318,1
TXN00000319,ACCT0000111,CUST000067,2025-09-26 18:13:02,42.5,EUR,CARD,CUST000041,OTHER,online,Transaction 319,1
TXN00000320,ACCT0000100,CUST000060,2025-06-21 04:44:02,6407.54,EUR,ACH,CUST000055,DE,mobile,Transaction 320,1
TXN00000321,ACCT0000067,CUST000040,2026-01-27 05:05:02,53.56,USD,CARD,CUST000001,DE,telephone,Transaction 321,0
TXN00000322,ACCT0000087,CUST000052,2026-01-22 05:09:02,101.29,EUR,CHECK,CUST000073,OTHER,mobile,Transaction 322,0
TXN00000323,ACCT0000037,CUST000019,2025-12-09 11:02:02,283.36,GBP,CASH,CUST000004,DE,online,Transaction 323,0
TXN00000324,ACCT0000067,CUST000040,2025-10-28 18:09:02,131.73,USD,RTGS,CUST000080,FR,mobile,Transaction 324,0
TXN00000325,ACCT0000053,CUST000031,2025-07-27 16:04:02,220.82,EUR,ACH,CUST000008,US,online,Transaction 325,1
TXN00000326,ACCT0000039,CUST000020,2025-12-26 23:02:02,782.6,USD,CARD,CUST000002,GB,telephone,Transaction 326,0
TXN00000327,ACCT0000007,CUST000004,2025-12-26 12:26:02,504.35,USD,ACH,CUST000064,US,online,Transaction 327,0
TXN00000328,ACCT0000060,CUST000035,2025-07-26 06:18:02,21330.18,EUR,CHECK,CUST000035,OTHER,online,Transaction 328,0
TXN00000329,ACCT0000133,CUST000082,2025-03-08 23:02:02,301.91,GBP,ACH,CUST000085,CH,branch,Transaction 329,1
TXN00000330,ACCT0000103,CUST000062,2025-09-06 15:19:02,929.52,CHF,ACH,CUST000074,CH,atm,Transaction 330,1
TXN00000331,ACCT0000124,CUST000076,2025-05-27 12:17:02,181.54,EUR,CARD,CUST000046,KY,online,Transaction 331,0
TXN00000332,ACCT0000097,CUST000058,2026-02-02 15:23:02,37.42,GBP,SWIFT,CUST000004,OTHER,online,Transaction 332,1
TXN00000333,ACCT0000078,CUST000047,2025-10-31 22:30:02,75.12,HKD,SWIFT,CUST000070,GB,atm,Transaction 333,0
TXN00000334,ACCT0000027,CUST000014,2026-01-26 02:03:02,1312.9,USD,CHECK,CUST000093,OTHER,atm,Transaction 334,0
TXN00000335,ACCT0000159,CUST000100,2025-06-12 08:41:02,1176.97,USD,SWIFT,CUST000086,FR,mobile,Transaction 335,0
TXN00000336,ACCT0000020,CUST000011,2025-03-11 23:20:02,519.76,USD,ACH,CUST000087,SG,online,Transaction 336,0
TXN00000337,ACCT0000076,CUST000046,2025-07-30 00:26:02,3960.69,EUR,ACH,CUST000007,DE,online,Transaction 337,1
TXN00000338,ACCT0000158,CUST000099,2026-01-15 02:48:02,19.32,USD,ACH,CUST000087,US,telephone,Transaction 338,0
TXN00000339,ACCT0000021,CUST000011,2025-04-24 12:54:02,202.21,USD,ACH,CUST000018,FR,branch,Transaction 339,0
TXN00000340,ACCT0000135,CUST000083,2025-07-10 19:37:02,330.01,USD,RTGS,CUST000012,CH,mobile,Transaction 340,1
TXN00000341,ACCT0000058,CUST000034,2025-07-18 15:48:02,713.01,USD,ACH,CUST000065,FR,atm,Transaction 341,1
TXN00000342,ACCT0000043,CUST000023,2026-01-31 13:43:02,71.13,SGD,CARD,CUST000087,GB,mobile,Transaction 342,1
TXN00000343,ACCT0000088,CUST000053,2026-01-12 22:04:02,2215.16,USD,WIRE,CUST000001,US,telephone,Transaction 343,0
TXN00000344,ACCT0000080,CUST000048,2025-08-11 11:42:02,126.04,GBP,ACH,CUST000094,SG,atm,Transaction 344,0
TXN00000345,ACCT0000117,CUST000070,2025-04-29 04:25:02,554.13,EUR,WIRE,CUST000092,GB,online,Transaction 345,0
TXN00000346,ACCT0000001,CUST000001,2025-11-19 09:28:02,153.74,GBP,ACH,CUST000064,US,mobile,Transaction 346,1
TXN00000347,ACCT0000110,CUST000066,2025-02-19 15:32:02,73.8,EUR,CASH,CUST000078,US,branch,Transaction 347,0
TXN00000348,ACCT0000029,CUST000015,2025-04-27 00:57:02,145.21,CHF,CARD,CUST000084,DE,online,Transaction 348,0
TXN00000349,ACCT0000116,CUST000070,2025-05-21 17:23:02,1504.73,USD,ACH,CUST000081,US,atm,Transaction 349,0
TXN00000350,ACCT0000020,CUST000011,2025-04-14 23:25:02,150.75,USD,CHECK,CUST000055,FR,online,Transaction 350,0
TXN00000351,ACCT0000033,CUST000017,2025-07-29 05:45:02,9500.0,EUR,CASH,CUST000070,US,mobile,Transaction 351,0
TXN00000352,ACCT0000010,CUST000005,2025-12-03 22:25:02,3436.17,GBP,CHECK,CUST000039,OTHER,mobile,Transaction 352,1
TXN00000353,ACCT0000124,CUST000076,2025-12-22 06:39:02,327.03,SGD,CARD,CUST000013,CH,online,Transaction 353,1
TXN00000354,ACCT0000012,CUST000006,2025-09-14 01:45:02,65.94,USD,ACH,CUST000070,BZ,branch,Transaction 354,1
TXN00000355,ACCT0000130,CUST000080,2025-05-03 00:05:02,2755.16,USD,ACH,CUST000087,GB,telephone,Transaction 355,1
TXN00000356,ACCT0000077,CUST000047,2026-01-17 20:07:02,488.33,SGD,SWIFT,CUST000021,US,mobile,Transaction 356,0
TXN00000357,ACCT0000103,CUST000062,2025-04-29 07:26:02,36.37,USD,WIRE,CUST000084,US,online,Transaction 357,1
TXN00000358,ACCT0000036,CUST000018,2025-12-13 13:18:02,21.56,USD,CASH,CUST000087,SG,online,Transaction 358,0
TXN00000359,ACCT0000067,CUST000040,2026-01-13 09:01:02,70.37,SGD,CHECK,CUST000006,US,online,Transaction 359,0
TXN00000360,ACCT0000003,CUST000002,2025-10-27 04:03:02,566.45,GBP,WIRE,CUST000088,US,branch,Transaction 360,0
TXN00000361,ACCT0000149,CUST000092,2025-04-09 23:52:02,355.56,USD,SWIFT,CUST000032,OTHER,online,Transaction 361,1
TXN00000362,ACCT0000125,CUST000077,2025-05-16 16:20:02,320.49,EUR,CARD,CUST000083,US,online,Transaction 362,0
TXN00000363,ACCT0000080,CUST000048,2025-03-02 01:30:02,136.07,USD,WIRE,CUST000055,CH,online,Transaction 363,0
TXN00000364,ACCT0000074,CUST000044,2025-03-18 05:06:02,1052.45,USD,ACH,CUST000046,KY,branch,Transaction 364,0
TXN00000365,ACCT0000092,CUST000055,2025-05-31 18:24:02,545.66,HKD,WIRE,CUST000059,GB,atm,Transaction 365,0
TXN00000366,ACCT0000073,CUST000044,2025-05-26 17:23:02,3904.08,USD,CHECK,CUST000030,GB,atm,Transaction 366,0
TXN00000367,ACCT0000123,CUST000076,2025-12-27 17:54:02,250.63,CHF,ACH,CUST000063,CH,online,Transaction 367,0
TXN00000368,ACCT0000057,CUST000034,2025-12-14 16:47:02,527.09,USD,SWIFT,CUST000096,OTHER,online,Transaction 368,0
TXN00000369,ACCT0000018,CUST000010,2025-07-16 02:32:02,1853.5,USD,CHECK,CUST000032,HK,mobile,Transaction 369,0
TXN00000370,ACCT0000132,CUST000081,2025-08-14 14:26:02,864733.663756655,EUR,RTGS,CUST000033,DE,branch,Transaction 370,1
TXN00000371,ACCT0000113,CUST000068,2025-10-21 15:05:02,28.89,EUR,WIRE,CUST000066,US,atm,Transaction 371,1
TXN00000372,ACCT0000027,CUST000014,2026-01-09 01:00:02,1175.38,USD,ACH,CUST000009,DE,branch,Transaction 372,0
TXN00000373,ACCT0000007,CUST000004,2025-09-13 22:36:02,1694.51,USD,CARD,CUST000020,OTHER,telephone,Transaction 373,0
TXN00000374,ACCT0000078,CUST000047,2025-11-10 18:59:02,8880.69,SGD,SWIFT,CUST000061,SG,online,Transaction 374,0
TXN00000375,ACCT0000146,CUST000089,2025-03-11 00:03:02,55.39,GBP,WIRE,CUST000021,US,online,Transaction 375,1
TXN00000376,ACCT0000153,CUST000095,2025-06-17 09:21:02,331.94,USD,CARD,CUST000052,OTHER,online,Transaction 376,1
TXN00000377,ACCT0000079,CUST000047,2025-09-02 09:14:02,14.57,GBP,RTGS,CUST000067,OTHER,atm,Transaction 377,0
TXN00000378,ACCT0000159,CUST000100,2025-10-18 23:49:02,904.59,USD,WIRE,CUST000053,OTHER,mobile,Transaction 378,0
TXN00000379,ACCT0000018,CUST000010,2025-09-19 05:59:02,554.97,USD,CHECK,CUST000010,DE,online,Transaction 379,0
TXN00000380,ACCT0000024,CUST000013,2025-05-13 09:03:02,356.72,USD,WIRE,CUST000087,US,mobile,Transaction 380,1
TXN00000381,ACCT0000134,CUST000082,2025-12-20 14:18:02,759.41,SGD,CARD,CUST000100,BZ,mobile,Transaction 381,0
TXN00000382,ACCT0000001,CUST000001,2025-11-27 09:30:02,129.34,USD,RTGS,CUST000005,DE,online,Transaction 382,0
TXN00000383,ACCT0000076,CUST000046,2025-09-30 18:48:02,659.46,EUR,CHECK,CUST000063,FR,online,Transaction 383,1
TXN00000384,ACCT0000143,CUST000088,2026-01-03 17:20:02,14064.76,HKD,CHECK,CUST000061,SG,online,Transaction 384,0
TXN00000385,ACCT0000081,CUST000048,2025-07-21 06:22:02,94.32,CHF,CHECK,CUST000028,US,online,Transaction 385,0
TXN00000386,ACCT0000155,CUST000097,2025-05-20 09:35:02,204.96,GBP,ACH,CUST000070,KY,online,Transaction 386,0
TXN00000387,ACCT0000145,CUST000088,2025-11-02 23:42:02,702.74,EUR,ACH,CUST000045,US,telephone,Transaction 387,1
TXN00000388,ACCT0000097,CUST000058,2025-09-22 13:09:02,2177.32,USD,WIRE,CUST000082,US,online,Transaction 388,0
TXN00000389,ACCT0000066,CUST000039,2025-07-05 21:54:02,533.23,EUR,CARD,CUST000078,FR,online,Transaction 389,1
TXN00000390,ACCT0000108,CUST000065,2025-03-22 12:18:02,260.61,USD,ACH,CUST000045,GB,online,Transaction 390,0
TXN00000391,ACCT0000139,CUST000086,2025-03-10 23:01:02,76.38,USD,SWIFT,CUST000009,AE,atm,Transaction 391,0
TXN00000392,ACCT0000104,CUST000062,2025-03-11 08:16:02,65.27,USD,ACH,CUST000045,DE,mobile,Transaction 392,0
TXN00000393,ACCT0000061,CUST000036,2025-10-06 22:16:02,550.94,EUR,ACH,CUST000082,AE,atm,Transaction 393,0
TXN00000394,ACCT0000092,CUST000055,2025-10-10 07:03:02,126.36,SGD,ACH,CUST000006,US,mobile,Transaction 394,0
TXN00000395,ACCT0000104,CUST000062,2025-04-19 03:12:02,323.58,USD,CARD,CUST000068,HK,mobile,Transaction 395,0
TXN00000396,ACCT0000132,CUST000081,2025-11-22 06:58:02,2054.07,EUR,CHECK,CUST000001,OTHER,online,Transaction 396,0
TXN00000397,ACCT0000111,CUST000067,2025-12-06 09:00:02,49.15,USD,CASH,CUST000045,OTHER,online,Transaction 397,0
TXN00000398,ACCT0000054,CUST000032,2025-08-13 05:42:02,144.65,EUR,CARD,CUST000079,KY,online,Transaction 398,0
TXN00000399,ACCT0000065,CUST000038,2025-03-28 13:06:02,389.11,EUR,CARD,CUST000091,OTHER,mobile,Transaction 399,1
TXN00000400,ACCT0000156,CUST000098,2025-05-22 15:08:02,3948877.319045199,HKD,CASH,CUST000039,OTHER,online,Transaction 400,1
TXN00000401,ACCT0000090,CUST000054,2025-12-15 19:11:02,136.99,GBP,SWIFT,CUST000084,US,online,Transaction 401,0
TXN00000402,ACCT0000148,CUST000091,2025-04-05 11:40:02,25.94,GBP,CHECK,CUST000012,AE,atm,Transaction 402,0
TXN00000403,ACCT0000010,CUST000005,2025-07-11 10:38:02,205.11,USD,WIRE,CUST000042,KY,online,Transaction 403,0
TXN00000404,ACCT0000025,CUST000013,2026-01-25 08:00:02,47.07,USD,SWIFT,CUST000001,US,mobile,Transaction 404,0
TXN00000405,ACCT0000131,CUST000081,2026-01-24 08:57:02,1059.33,CHF,ACH,CUST000007,US,atm,Transaction 405,1
TXN00000406,ACCT0000090,CUST000054,2025-08-07 15:34:02,3886.22,CHF,WIRE,CUST000011,GB,online,Transaction 406,0
TXN00000407,ACCT0000095,CUST000057,2025-08-16 15:06:02,17.92,USD,WIRE,CUST000027,OTHER,telephone,Transaction 407,0
TXN00000408,ACCT0000102,CUST000062,2025-04-19 18:53:02,131.52,USD,CARD,CUST000047,FR,mobile,Transaction 408,0
TXN00000409,ACCT0000018,CUST000010,2026-01-20 13:20:02,901.06,CHF,SWIFT,CUST000013,GB,mobile,Transaction 409,0
TXN00000410,ACCT0000053,CUST000031,2025-11-26 16:37:02,85.44,EUR,CASH,CUST000024,US,mobile,Transaction 410,0
TXN00000411,ACCT0000019,CUST000010,2025-12-30 17:37:02,1812074.1191477976,GBP,CARD,CUST000064,US,telephone,Transaction 411,0
TXN00000412,ACCT0000103,CUST000062,2025-05-12 12:03:02,265.6,EUR,ACH,CUST000092,DE,mobile,Transaction 412,0
TXN00000413,ACCT0000123,CUST000076,2026-01-29 15:02:02,2134.62,EUR,CASH,CUST000043,US,online,Transaction 413,0
TXN00000414,ACCT0000084,CUST000050,2025-04-29 01:03:02,375.82,USD,CASH,CUST000073,GB,online,Transaction 414,0
TXN00000415,ACCT0000030,CUST000015,2025-07-04 13:38:02,1982.54,USD,CASH,CUST000087,DE,mobile,Transaction 415,1
TXN00000416,ACCT0000065,CUST000038,2025-05-23 14:20:02,3223.2,USD,ACH,CUST000001,DE,branch,Transaction 416,0
TXN00000417,ACCT0000017,CUST000009,2025-12-25 13:51:02,654.72,USD,CARD,CUST000047,CH,online,Transaction 417,0
TXN00000418,ACCT0000125,CUST000077,2026-01-11 22:05:02,201.79,SGD,CARD,CUST000072,DE,online,Transaction 418,0
TXN00000419,ACCT0000001,CUST000001,2025-11-18 23:41:02,2670.03,USD,ACH,CUST000082,US,online,Transaction 419,1
TXN00000420,ACCT0000024,CUST000013,2025-12-03 13:33:02,1517.24,HKD,WIRE,CUST000025,CH,atm,Transaction 420,1
TXN00000421,ACCT0000128,CUST000079,2025-09-24 11:23:02,34.96,EUR,ACH,CUST000099,OTHER,online,Transaction 421,0
TXN00000422,ACCT0000082,CUST000049,2025-04-17 05:26:02,457.31,USD,RTGS,CUST000028,GB,mobile,Transaction 422,0
TXN00000423,ACCT0000060,CUST000035,2025-09-26 05:30:02,915.12,USD,ACH,CUST000017,DE,online,Transaction 423,0
TXN00000424,ACCT0000043,CUST000023,2025-08-13 19:48:02,145.36,USD,WIRE,CUST000097,DE,online,Transaction 424,1
TXN00000425,ACCT0000026,CUST000014,2025-05-07 18:46:02,303.15,CHF,ACH,CUST000030,HK,atm,Transaction 425,0
TXN00000426,ACCT0000049,CUST000028,2025-08-27 10:54:02,153.15,SGD,ACH,CUST000029,OTHER,mobile,Transaction 426,0
TXN00000427,ACCT0000056,CUST000033,2025-07-14 07:01:02,204.72,GBP,WIRE,CUST000026,FR,online,Transaction 427,0
TXN00000428,ACCT0000102,CUST000062,2025-06-23 19:06:02,91.89,EUR,WIRE,CUST000022,DE,online,Transaction 428,1
TXN00000429,ACCT0000025,CUST000013,2025-05-10 10:45:02,489.17,HKD,ACH,CUST000048,DE,mobile,Transaction 429,1
TXN00000430,ACCT0000046,CUST000025,2025-09-15 16:20:02,72.78,USD,CARD,CUST000018,OTHER,telephone,Transaction 430,1
TXN00000431,ACCT0000105,CUST000063,2025-04-20 08:26:02,142.46,USD,ACH,CUST000052,OTHER,atm,Transaction 431,0
TXN00000432,ACCT0000101,CUST000061,2025-03-13 04:58:02,282.64,USD,RTGS,CUST000013,DE,mobile,Transaction 432,1
TXN00000433,ACCT0000026,CUST000014,2025-11-08 19:50:02,631.26,CHF,ACH,CUST000008,DE,online,Transaction 433,0
TXN00000434,ACCT0000148,CUST000091,2025-06-20 04:03:02,486.1,EUR,RTGS,CUST000093,US,online,Transaction 434,0
TXN00000435,ACCT0000078,CUST000047,2025-08-27 18:25:02,2100.01,GBP,ACH,CUST000065,DE,mobile,Transaction 435,1
TXN00000436,ACCT0000116,CUST000070,2025-03-03 00:24:02,164.92,USD,CHECK,CUST000012,OTHER,mobile,Transaction 436,0
TXN00000437,ACCT0000124,CUST000076,2025-12-01 08:54:02,2465.28,GBP,CASH,CUST000089,US,telephone,Transaction 437,1
TXN00000438,ACCT0000042,CUST000023,2025-06-10 22:57:02,9.82,EUR,CARD,CUST000037,OTHER,telephone,Transaction 438,0
TXN00000439,ACCT0000040,CUST000021,2025-11-28 01:41:02,2890.2,EUR,SWIFT,CUST000024,US,mobile,Transaction 439,0
TXN00000440,ACCT0000157,CUST000098,2025-08-28 05:21:02,476.0,CHF,SWIFT,CUST000049,DE,online,Transaction 440,0
TXN00000441,ACCT0000055,CUST000033,2026-01-26 03:19:02,100.46,GBP,CARD,CUST000016,GB,branch,Transaction 441,1
TXN00000442,ACCT0000037,CUST000019,2025-12-07 13:50:02,281.55,GBP,ACH,CUST000055,SG,mobile,Transaction 442,0
TXN00000443,ACCT0000111,CUST000067,2025-04-01 16:43:02,226.96,USD,RTGS,CUST000100,OTHER,mobile,Transaction 443,0
TXN00000444,ACCT0000105,CUST000063,2026-02-03 23:19:02,245.86,EUR,WIRE,CUST000019,OTHER,online,Transaction 444,0
TXN00000445,ACCT0000045,CUST000025,2025-06-20 16:18:02,5423.94,EUR,CARD,CUST000084,CH,atm,Transaction 445,0
TXN00000446,ACCT0000013,CUST000007,2025-10-08 22:08:02,552.3,USD,WIRE,CUST000004,HK,branch,Transaction 446,1
TXN00000447,ACCT0000158,CUST000099,2025-11-29 19:11:02,107.95,USD,WIRE,CUST000100,CH,mobile,Transaction 447,0
TXN00000448,ACCT0000077,CUST000047,2025-09-01 11:44:02,624.46,USD,CARD,CUST000026,OTHER,branch,Transaction 448,1
TXN00000449,ACCT0000041,CUST000022,2025-03-29 04:19:02,1982.37,EUR,CASH,CUST000080,GB,mobile,Transaction 449,1
TXN00000450,ACCT0000009,CUST000005,2025-12-07 07:29:02,207.83,USD,SWIFT,CUST000087,OTHER,branch,Transaction 450,1
TXN00000451,ACCT0000023,CUST000012,2026-01-15 07:29:02,685.77,USD,ACH,CUST000009,US,mobile,Transaction 451,1
TXN00000452,ACCT0000129,CUST000080,2025-11-14 23:19:02,429.19,EUR,RTGS,CUST000024,HK,online,Transaction 452,1
TXN00000453,ACCT0000091,CUST000054,2025-07-18 03:23:02,1507.93,USD,ACH,CUST000055,FR,mobile,Transaction 453,1
TXN00000454,ACCT0000094,CUST000057,2026-02-05 15:14:02,14550.455311491956,GBP,ACH,CUST000037,FR,online,Transaction 454,0
TXN00000455,ACCT0000113,CUST000068,2025-09-12 06:48:02,105.08,HKD,ACH,CUST000069,US,mobile,Transaction 455,1
TXN00000456,ACCT0000023,CUST000012,2025-03-07 20:29:02,4173.31,EUR,SWIFT,CUST000021,OTHER,online,Transaction 456,0
TXN00000457,ACCT0000009,CUST000005,2025-11-22 05:00:02,976.43,EUR,WIRE,CUST000070,US,atm,Transaction 457,0
TXN00000458,ACCT0000003,CUST000002,2025-06-04 17:29:02,9900.0,USD,CASH,CUST000011,BZ,mobile,Transaction 458,1
TXN00000459,ACCT0000124,CUST000076,2025-12-01 15:01:02,703.66,SGD,RTGS,CUST000038,GB,online,Transaction 459,0
TXN00000460,ACCT0000034,CUST000018,2025-05-02 06:49:02,692.06,GBP,CASH,CUST000013,OTHER,mobile,Transaction 460,0
TXN00000461,ACCT0000123,CUST000076,2025-02-15 07:17:02,1017.21,SGD,WIRE,CUST000031,US,atm,Transaction 461,1
TXN00000462,ACCT0000034,CUST000018,2025-03-29 01:52:02,223.51,USD,WIRE,CUST000024,OTHER,mobile,Transaction 462,0
TXN00000463,ACCT0000026,CUST000014,2026-01-28 23:16:02,45.49,EUR,CARD,CUST000047,US,atm,Transaction 463,1
TXN00000464,ACCT0000127,CUST000078,2025-03-08 20:40:02,498.12,USD,CASH,CUST000047,OTHER,mobile,Transaction 464,0
TXN00000465,ACCT0000068,CUST000041,2025-11-27 23:02:02,69.28,USD,ACH,CUST000030,US,mobile,Transaction 465,0
TXN00000466,ACCT0000053,CUST000031,2025-04-03 17:21:02,3790.74,EUR,CARD,CUST000002,OTHER,branch,Transaction 466,0
TXN00000467,ACCT0000013,CUST000007,2025-02-27 15:46:02,69.16,USD,CARD,CUST000092,CH,branch,Transaction 467,1
TXN00000468,ACCT0000005,CUST000003,2025-07-04 09:47:02,1856.26,USD,SWIFT,CUST000009,SG,mobile,Transaction 468,0
TXN00000469,ACCT0000007,CUST000004,2026-01-08 14:27:02,690.99,HKD,ACH,CUST000013,US,branch,Transaction 469,0
TXN00000470,ACCT0000087,CUST000052,2025-09-19 09:48:02,723.17,USD,CASH,CUST000003,US,branch,Transaction 470,1
TXN00000471,ACCT0000024,CUST000013,2026-01-13 03:42:02,140.25,USD,CHECK,CUST000071,OTHER,mobile,Transaction 471,1
TXN00000472,ACCT0000020,CUST000011,2025-10-05 18:27:02,349.95,EUR,ACH,CUST000011,US,atm,Transaction 472,0
TXN00000473,ACCT0000146,CUST000089,2025-08-04 17:59:02,39.28,USD,WIRE,CUST000024,OTHER,online,Transaction 473,1
TXN00000474,ACCT0000078,CUST000047,2025-03-23 17:22:02,192.66,GBP,SWIFT,CUST000043,OTHER,branch,Transaction 474,0
TXN00000475,ACCT0000116,CUST000070,2025-07-08 10:38:02,380.06,USD,CARD,CUST000008,DE,online,Transaction 475,0
TXN00000476,ACCT0000135,CUST000083,2025-03-10 14:28:02,312.99,GBP,CARD,CUST000004,US,mobile,Transaction 476,1
TXN00000477,ACCT0000019,CUST000010,2025-08-13 05:36:02,71.4,USD,WIRE,CUST000041,CH,mobile,Transaction 477,0
TXN00000478,ACCT0000046,CUST000025,2025-04-29 00:53:02,3098.4,USD,ACH,CUST000097,FR,atm,Transaction 478,0
TXN00000479,ACCT0000126,CUST000078,2025-08-27 22:07:02,53.18,HKD,WIRE,CUST000030,OTHER,online,Transaction 479,0
TXN00000480,ACCT0000142,CUST000087,2025-06-15 13:04:02,447.29,EUR,CARD,CUST000060,KY,mobile,Transaction 480,0
TXN00000481,ACCT0000074,CUST000044,2025-04-14 17:17:02,890.68,EUR,ACH,CUST000071,US,online,Transaction 481,1
TXN00000482,ACCT0000038,CUST000019,2025-12-13 07:00:02,394.58,SGD,CARD,CUST000093,GB,mobile,Transaction 482,0
TXN00000483,ACCT0000101,CUST000061,2025-03-02 18:02:02,26.91,USD,SWIFT,CUST000040,GB,branch,Transaction 483,0
TXN00000484,ACCT0000110,CUST000066,2025-11-09 12:09:02,10.48,USD,ACH,CUST000021,CH,online,Transaction 484,0
TXN00000485,ACCT0000051,CUST000030,2025-03-07 19:13:02,66.95,USD,CASH,CUST000033,GB,online,Transaction 485,0
TXN00000486,ACCT0000083,CUST000049,2026-02-02 11:30:02,725.8,USD,CARD,CUST000069,GB,branch,Transaction 486,1
TXN00000487,ACCT0000004,CUST000002,2025-10-19 23:11:02,51.93,CHF,CARD,CUST000056,US,telephone,Transaction 487,0
TXN00000488,ACCT0000079,CUST000047,2025-04-22 02:05:02,2336.91,GBP,CASH,CUST000094,US,branch,Transaction 488,0
TXN00000489,ACCT0000015,CUST000008,2025-09-18 09:06:02,1.93,USD,CHECK,CUST000024,OTHER,online,Transaction 489,0
TXN00000490,ACCT0000047,CUST000026,2025-06-23 12:34:02,150.91,USD,SWIFT,CUST000079,GB,mobile,Transaction 490,1
TXN00000491,ACCT0000147,CUST000090,2025-03-28 05:47:02,5382.58,CHF,CHECK,CUST000028,US,online,Transaction 491,0
TXN00000492,ACCT0000099,CUST000059,2025-12-24 20:54:02,68.99,USD,CARD,CUST000038,DE,atm,Transaction 492,0
TXN00000493,ACCT0000049,CUST000028,2025-09-25 17:40:02,438.04,USD,WIRE,CUST000034,US,telephone,Transaction 493,0
TXN00000494,ACCT0000028,CUST000015,2025-07-04 02:18:02,376.57,USD,ACH,CUST000082,US,mobile,Transaction 494,0
TXN00000495,ACCT0000119,CUST000072,2025-10-06 21:31:02,230.04,USD,RTGS,CUST000057,BZ,online,Transaction 495,0
TXN00000496,ACCT0000068,CUST000041,2025-06-13 01:22:02,20.76,EUR,RTGS,CUST000045,OTHER,atm,Transaction 496,0
TXN00000497,ACCT0000142,CUST000087,2025-03-18 10:46:02,912.02,HKD,RTGS,CUST000034,FR,branch,Transaction 497,1
TXN00000498,ACCT0000083,CUST000049,2025-10-21 05:32:02,179.09,USD,WIRE,CUST000077,US,online,Transaction 498,1
TXN00000499,ACCT0000094,CUST000057,2025-12-28 18:44:02,245.99,USD,SWIFT,CUST000092,US,online,Transaction 499,0
TXN00000500,ACCT0000080,CUST000048,2025-03-24 23:22:02,952.87,EUR,SWIFT,CUST000011,AE,branch,Transaction 500,0
