{
  "IQR": {
    "params": {
      "multiplier": 1.5
    },
    "routing": {
      "input": "X_robust",
      "scaler": "RobustScaler",
      "suod": false
    },
    "family": "Statistical"
  },
  "ZScore": {
    "params": {
      "threshold": 3.0
    },
    "routing": {
      "input": "X_robust",
      "scaler": "RobustScaler",
      "suod": false
    },
    "family": "Statistical"
  },
  "ExtIF": {
    "params": {
      "n_estimators": 100,
      "contamination": 0.05
    },
    "routing": {
      "input": "X_original",
      "scaler": "Original",
      "suod": true
    },
    "family": "Tree"
  },
  "ECOD": {
    "params": {
      "contamination": 0.05
    },
    "routing": {
      "input": "X_original",
      "scaler": "Original",
      "suod": true
    },
    "family": "Density"
  },
  "COPOD": {
    "params": {
      "contamination": 0.05
    },
    "routing": {
      "input": "X_original",
      "scaler": "Original",
      "suod": true
    },
    "family": "Density"
  },
  "HBOS": {
    "params": {
      "n_bins": 10,
      "alpha": 0.1,
      "contamination": 0.05
    },
    "routing": {
      "input": "X_standard",
      "scaler": "StandardScaler",
      "suod": true
    },
    "family": "Density"
  },
  "LOF": {
    "params": {
      "n_neighbors": 20,
      "contamination": 0.05
    },
    "routing": {
      "input": "X_standard",
      "scaler": "StandardScaler",
      "suod": true
    },
    "family": "Density"
  },
  "KNN": {
    "params": {
      "n_neighbors": 10,
      "method": "largest",
      "contamination": 0.05
    },
    "routing": {
      "input": "X_standard",
      "scaler": "StandardScaler",
      "suod": true
    },
    "family": "Distance"
  },
  "HDBSCAN": {
    "params": {
      "min_cluster_size": 15,
      "min_samples": 5
    },
    "routing": {
      "input": "X_standard",
      "scaler": "StandardScaler",
      "suod": false
    },
    "family": "Clustering"
  },
  "BIRCH": {
    "params": {
      "n_clusters": 8,
      "threshold": 0.5
    },
    "routing": {
      "input": "X_standard",
      "scaler": "StandardScaler",
      "suod": false
    },
    "family": "Clustering"
  },
  "Mahalanobis": {
    "params": {},
    "routing": {
      "input": "X_power",
      "scaler": "PowerTransformer",
      "suod": false
    },
    "family": "Statistical"
  },
  "GMM": {
    "params": {
      "n_components": 5,
      "contamination": 0.05
    },
    "routing": {
      "input": "X_power",
      "scaler": "PowerTransformer",
      "suod": false
    },
    "family": "Clustering"
  },
  "VAE": {
    "params": {
      "hidden_neurons": [
        64,
        32,
        16
      ],
      "epochs": 50,
      "contamination": 0.05
    },
    "routing": {
      "input": "X_minmax",
      "scaler": "MinMaxScaler",
      "suod": false
    },
    "family": "DeepLearning"
  },
  "Benford": {
    "params": {
      "first_digit_only": true
    },
    "routing": {
      "input": "X_original",
      "scaler": "Original",
      "suod": false
    },
    "family": "Statistical"
  }
}