algorithm,family,status,runtime_s,n_anomalies,error
IQR,Statistical,success,0.463,8832,
ZScore,Statistical,success,0.31,6,
Mahalanobis,Statistical,success,0.457,152,
Benford,Statistical,success,0.334,31605,
ExtIF,Tree,success,1.463,9325,
HBOS,Density,success,13.658,6061,
LOF,Density,success,17.563,6,
ECOD,Density,success,3.457,9373,
COPOD,Density,success,3.526,7104,
KNN,Distance,success,11.466,6,
GMM,Clustering,success,7.892,96,
HDBSCAN,Clustering,success,247.5,87,
BIRCH,Clustering,success,327.695,6,
VAE,DeepLearning,failed,0.499,0,VAE.__init__() got an unexpected keyword argument 'encoder_neurons'
