{
  "success": true,
  "timestamp": "2026-02-12T15:58:56.655263",
  "records_processed": 150,
  "dq_score": 1.0,
  "features_generated": 20,
  "methods_run": 26,
  "alerts_generated": 150,
  "tier_distribution": {
    "LOW": "117",
    "NORMAL": "33"
  },
  "execution_time_ms": 9354.571,
  "method_scores": [
    {
      "method": "zscore",
      "category": "Statistical",
      "mean_score": 0.3928,
      "max_score": 0.7833,
      "anomalies": 31
    },
    {
      "method": "iqr",
      "category": "Statistical",
      "mean_score": 0.1981,
      "max_score": 1.0,
      "anomalies": 28
    },
    {
      "method": "grubbs",
      "category": "Statistical",
      "mean_score": 0.1214,
      "max_score": 0.5545,
      "anomalies": 2
    },
    {
      "method": "dixon",
      "category": "Statistical",
      "mean_score": 0.0102,
      "max_score": 0.2381,
      "anomalies": 0
    },
    {
      "method": "esd",
      "category": "Statistical",
      "mean_score": 0.1138,
      "max_score": 1.0,
      "anomalies": 23
    },
    {
      "method": "knn",
      "category": "Distance",
      "mean_score": 0.2982,
      "max_score": 1.0,
      "anomalies": 17
    },
    {
      "method": "mahalanobis",
      "category": "Distance",
      "mean_score": 0.5687,
      "max_score": 1.0,
      "anomalies": 92
    },
    {
      "method": "lof",
      "category": "Distance",
      "mean_score": 0.0533,
      "max_score": 1.0,
      "anomalies": 8
    },
    {
      "method": "dbscan",
      "category": "Density",
      "mean_score": 1.0,
      "max_score": 1.0,
      "anomalies": 150
    },
    {
      "method": "optics",
      "category": "Density",
      "mean_score": 0.9533,
      "max_score": 1.0,
      "anomalies": 143
    },
    {
      "method": "hdbscan",
      "category": "Density",
      "mean_score": 1.0,
      "max_score": 1.0,
      "anomalies": 150
    },
    {
      "method": "cblof",
      "category": "Density",
      "mean_score": 0.0,
      "max_score": 0.0,
      "anomalies": 0
    },
    {
      "method": "kmeans_anomaly",
      "category": "Clustering",
      "mean_score": 0.3268,
      "max_score": 1.0,
      "anomalies": 19
    },
    {
      "method": "gmm",
      "category": "Clustering",
      "mean_score": 0.7171,
      "max_score": 1.0,
      "anomalies": 135
    },
    {
      "method": "spectral",
      "category": "Clustering",
      "mean_score": 0.3805,
      "max_score": 1.0,
      "anomalies": 35
    },
    {
      "method": "isolation_forest",
      "category": "Trees",
      "mean_score": 0.1935,
      "max_score": 1.0,
      "anomalies": 9
    },
    {
      "method": "extended_if",
      "category": "Trees",
      "mean_score": 0.2378,
      "max_score": 1.0,
      "anomalies": 10
    },
    {
      "method": "stl",
      "category": "Timeseries",
      "mean_score": 0.3222,
      "max_score": 1.0,
      "anomalies": 17
    },
    {
      "method": "arima_residual",
      "category": "Timeseries",
      "mean_score": 0.2989,
      "max_score": 1.0,
      "anomalies": 16
    },
    {
      "method": "prophet",
      "category": "Timeseries",
      "mean_score": 0.3948,
      "max_score": 1.0,
      "anomalies": 41
    },
    {
      "method": "pagerank",
      "category": "Graph",
      "mean_score": 0.7237,
      "max_score": 1.0,
      "anomalies": 130
    },
    {
      "method": "hits",
      "category": "Graph",
      "mean_score": 0.7392,
      "max_score": 1.0,
      "anomalies": 135
    },
    {
      "method": "community",
      "category": "Graph",
      "mean_score": 0.2725,
      "max_score": 1.0,
      "anomalies": 37
    },
    {
      "method": "centrality",
      "category": "Graph",
      "mean_score": 0.719,
      "max_score": 1.0,
      "anomalies": 132
    },
    {
      "method": "autoencoder",
      "category": "Deep Learning",
      "mean_score": 0.1963,
      "max_score": 1.0,
      "anomalies": 8
    },
    {
      "method": "vae",
      "category": "Deep Learning",
      "mean_score": 0.1942,
      "max_score": 0.8826,
      "anomalies": 6
    }
  ],
  "layer_timings": {
    "L1-2": 0.18256473541259766,
    "V6_AGGREGATION": 0.7655320167541504,
    "L3": 0.0500485897064209,
    "L4": 0.0388636589050293,
    "L5": 8.263890027999878,
    "L6": 0.001760721206665039,
    "L7": 0.009169578552246094
  },
  "data_source": "actual",
  "risk_by_family": [
    {
      "Family": "Statistical",
      "Methods": 5,
      "Critical": 0,
      "High": 10,
      "Medium": 12,
      "Low": 128
    },
    {
      "Family": "Distance",
      "Methods": 3,
      "Critical": 8,
      "High": 0,
      "Medium": 12,
      "Low": 130
    },
    {
      "Family": "Density",
      "Methods": 4,
      "Critical": 0,
      "High": 143,
      "Medium": 7,
      "Low": 0
    },
    {
      "Family": "Clustering",
      "Methods": 3,
      "Critical": 2,
      "High": 13,
      "Medium": 105,
      "Low": 30
    },
    {
      "Family": "Trees",
      "Methods": 2,
      "Critical": 2,
      "High": 3,
      "Medium": 11,
      "Low": 134
    },
    {
      "Family": "Timeseries",
      "Methods": 3,
      "Critical": 2,
      "High": 11,
      "Medium": 28,
      "Low": 109
    },
    {
      "Family": "Graph",
      "Methods": 4,
      "Critical": 20,
      "High": 62,
      "Medium": 54,
      "Low": 14
    },
    {
      "Family": "Deep Learning",
      "Methods": 2,
      "Critical": 1,
      "High": 2,
      "Medium": 11,
      "Low": 136
    }
  ],
  "risk_by_ensemble": [
    {
      "Ensemble Method": "Weighted Average (Concordance)",
      "Total Customers": 150,
      "Critical": 9,
      "High": 34,
      "Medium": 69,
      "Low": 38,
      "Anomaly Rate": "44.7%"
    },
    {
      "Ensemble Method": "Max Score",
      "Total Customers": 150,
      "Critical": 150,
      "High": 0,
      "Medium": 0,
      "Low": 0,
      "Anomaly Rate": "100.0%"
    },
    {
      "Ensemble Method": "Majority Voting",
      "Total Customers": 150,
      "Critical": 6,
      "High": 8,
      "Medium": 15,
      "Low": 121,
      "Anomaly Rate": "12.7%"
    },
    {
      "Ensemble Method": "Stacking (Median+IQR)",
      "Total Customers": 150,
      "Critical": 0,
      "High": 5,
      "Medium": 53,
      "Low": 92,
      "Anomaly Rate": "14.7%"
    },
    {
      "Ensemble Method": "Rank Fusion",
      "Total Customers": 150,
      "Critical": 8,
      "High": 32,
      "Medium": 63,
      "Low": 47,
      "Anomaly Rate": "46.7%"
    }
  ]
}