alert_id,party_id,alert_type,severity,status,created_at,assigned_to
ALT_000000,CUST_000127,Unusual Volume,Low,Closed,2026-01-25 20:18:00.260339,Analyst_A
ALT_000001,CUST_000054,Structuring,Medium,Open,2025-11-18 20:18:00.260364,Analyst_B
ALT_000002,CUST_000039,Sanctions Hit,Low,Open,2025-12-11 20:18:00.260374,Analyst_C
ALT_000003,CUST_000096,Structuring,High,Closed,2025-11-18 20:18:00.260380,Analyst_A
ALT_000004,CUST_000091,Unusual Volume,High,Investigating,2025-12-05 20:18:00.260384,Analyst_A
ALT_000005,CUST_000023,Unusual Volume,Medium,Open,2025-12-22 20:18:00.260389,Analyst_C
ALT_000006,CUST_000169,Wire Pattern,Low,Investigating,2025-12-28 20:18:00.260392,Analyst_C
ALT_000007,CUST_000027,Rapid Movement,Medium,Closed,2025-12-19 20:18:00.260396,Analyst_A
ALT_000008,CUST_000116,Wire Pattern,Low,Closed,2026-02-01 20:18:00.260399,Analyst_C
ALT_000009,CUST_000104,Wire Pattern,High,Escalated,2025-11-27 20:18:00.260401,Unassigned
ALT_000010,CUST_000092,Large Cash,Low,Escalated,2026-01-11 20:18:00.260404,Unassigned
ALT_000011,CUST_000097,Structuring,Low,Closed,2026-01-26 20:18:00.260407,Analyst_A
ALT_000012,CUST_000178,Dormant Activation,Low,Open,2026-01-01 20:18:00.260411,Unassigned
ALT_000013,CUST_000149,Unusual Volume,Critical,Escalated,2025-12-29 20:18:00.260414,Analyst_B
ALT_000014,CUST_000088,Sanctions Hit,High,Open,2025-11-22 20:18:00.260418,Unassigned
ALT_000015,CUST_000077,Rapid Movement,Medium,Escalated,2025-12-15 20:18:00.260420,Unassigned
ALT_000016,CUST_000073,Unusual Volume,Low,Investigating,2025-12-17 20:18:00.260423,Analyst_C
ALT_000017,CUST_000135,Dormant Activation,High,Closed,2025-12-05 20:18:00.260426,Unassigned
ALT_000018,CUST_000013,Large Cash,Critical,Closed,2025-11-17 20:18:00.260429,Analyst_A
ALT_000019,CUST_000044,Large Cash,Medium,Investigating,2026-01-22 20:18:00.260432,Unassigned
ALT_000020,CUST_000037,Rapid Movement,Medium,Open,2026-02-07 20:18:00.260434,Unassigned
ALT_000021,CUST_000159,Dormant Activation,Low,Investigating,2025-12-31 20:18:00.260437,Analyst_A
ALT_000022,CUST_000061,Rapid Movement,Low,Closed,2025-12-10 20:18:00.260440,Analyst_A
ALT_000023,CUST_000095,Rapid Movement,Medium,Open,2025-11-24 20:18:00.260443,Analyst_C
ALT_000024,CUST_000066,Structuring,Low,Open,2026-01-25 20:18:00.260446,Analyst_B
ALT_000025,CUST_000060,Dormant Activation,Low,Closed,2025-11-28 20:18:00.260449,Unassigned
ALT_000026,CUST_000012,Structuring,Medium,Closed,2025-12-31 20:18:00.260452,Analyst_B
ALT_000027,CUST_000118,Unusual Volume,Low,Investigating,2025-12-05 20:18:00.260456,Analyst_C
ALT_000028,CUST_000086,Structuring,Low,Escalated,2025-11-24 20:18:00.260459,Analyst_A
ALT_000029,CUST_000082,Unusual Volume,Medium,Closed,2026-01-23 20:18:00.260462,Analyst_A
ALT_000030,CUST_000079,Sanctions Hit,Low,Closed,2025-12-01 20:18:00.260465,Analyst_A
ALT_000031,CUST_000046,Structuring,Medium,Investigating,2026-01-26 20:18:00.260468,Analyst_C
ALT_000032,CUST_000110,Wire Pattern,High,Closed,2026-01-17 20:18:00.260471,Unassigned
ALT_000033,CUST_000113,Large Cash,Low,Closed,2025-11-16 20:18:00.260474,Analyst_C
ALT_000034,CUST_000053,Large Cash,Low,Closed,2025-12-24 20:18:00.260477,Analyst_A
ALT_000035,CUST_000070,Wire Pattern,Low,Escalated,2026-02-02 20:18:00.260480,Unassigned
ALT_000036,CUST_000179,Unusual Volume,Medium,Closed,2025-12-21 20:18:00.260483,Analyst_A
ALT_000037,CUST_000071,Unusual Volume,Low,Closed,2026-01-29 20:18:00.260488,Analyst_A
ALT_000038,CUST_000024,Rapid Movement,Critical,Escalated,2025-12-10 20:18:00.260491,Analyst_C
ALT_000039,CUST_000022,Dormant Activation,Medium,Closed,2025-12-05 20:18:00.260494,Analyst_C
ALT_000040,CUST_000157,Dormant Activation,Medium,Investigating,2026-02-07 20:18:00.260496,Analyst_B
ALT_000041,CUST_000010,Dormant Activation,Critical,Open,2025-12-08 20:18:00.260499,Analyst_A
ALT_000042,CUST_000162,Structuring,Medium,Investigating,2026-01-30 20:18:00.260502,Unassigned
ALT_000043,CUST_000026,Dormant Activation,Low,Closed,2025-12-01 20:18:00.260504,Analyst_A
ALT_000044,CUST_000116,Dormant Activation,Low,Escalated,2026-02-12 20:18:00.260507,Unassigned
ALT_000045,CUST_000066,Unusual Volume,Low,Closed,2026-01-11 20:18:00.260510,Analyst_B
ALT_000046,CUST_000046,Dormant Activation,Low,Closed,2025-12-04 20:18:00.260514,Analyst_A
ALT_000047,CUST_000177,Large Cash,Medium,Open,2025-11-19 20:18:00.260517,Unassigned
ALT_000048,CUST_000007,Wire Pattern,Low,Investigating,2026-01-22 20:18:00.260520,Unassigned
ALT_000049,CUST_000182,Sanctions Hit,Low,Closed,2026-01-14 20:18:00.260523,Analyst_B
ALT_000050,CUST_000076,Unusual Volume,Medium,Closed,2025-11-17 20:18:00.260526,Analyst_C
ALT_000051,CUST_000169,Rapid Movement,Low,Open,2025-11-14 20:18:00.260529,Analyst_B
ALT_000052,CUST_000066,Wire Pattern,Medium,Investigating,2026-01-01 20:18:00.260531,Unassigned
ALT_000053,CUST_000147,Dormant Activation,Medium,Open,2025-12-12 20:18:00.260534,Analyst_B
ALT_000054,CUST_000172,Rapid Movement,Medium,Open,2026-01-29 20:18:00.260537,Analyst_C
ALT_000055,CUST_000034,Rapid Movement,Low,Investigating,2026-01-02 20:18:00.260540,Analyst_A
ALT_000056,CUST_000076,Wire Pattern,Low,Escalated,2025-12-27 20:18:00.260542,Analyst_B
ALT_000057,CUST_000147,Wire Pattern,Medium,Open,2025-12-04 20:18:00.260546,Analyst_B
ALT_000058,CUST_000023,Wire Pattern,Medium,Open,2025-12-24 20:18:00.260549,Analyst_A
ALT_000059,CUST_000184,Unusual Volume,Low,Closed,2025-12-08 20:18:00.260553,Analyst_B
