case_id,party_id,case_type,status,priority,opened_date,investigator
CASE_000000,CUST_000122,STR,In Progress,P2,2025-08-28 20:18:00.263173,Inv_Lead
CASE_000001,CUST_000095,STR,Closed - No Action,P3,2025-11-04 20:18:00.263199,Inv_Junior
CASE_000002,CUST_000197,Regulatory Filing,Closed - Filed,P2,2025-12-18 20:18:00.263206,Inv_Lead
CASE_000003,CUST_000012,Regulatory,In Progress,P3,2025-09-18 20:18:00.263209,Inv_Junior
CASE_000004,CUST_000000,Regulatory,In Progress,P2,2025-11-15 20:18:00.263212,Inv_Junior
CASE_000005,CUST_000149,STR,Closed - No Action,P3,2025-10-31 20:18:00.263214,Inv_Senior
CASE_000006,CUST_000116,Regulatory,In Progress,P3,2025-08-20 20:18:00.263217,Inv_Junior
CASE_000007,CUST_000151,Internal Review,In Progress,P2,2026-01-16 20:18:00.263219,Inv_Junior
CASE_000008,CUST_000063,Regulatory,Closed - Filed,P3,2025-12-17 20:18:00.263221,Inv_Junior
CASE_000009,CUST_000168,STR,Closed - Filed,P3,2025-09-02 20:18:00.263223,Inv_Junior
