kyc_id,party_id,verification_status,risk_score,last_review,next_review,doc_type,reviewer
KYC_000000,CUST_000000,Verified,0.59,2025-03-20 20:18:00.264981,2026-11-28 20:18:00.265405,Utility Bill,KYC_Team_2
KYC_000001,CUST_000001,Verified,0.39,2025-06-25 20:18:00.265000,2026-07-16 20:18:00.265409,Driving License,KYC_Team_2
KYC_000002,CUST_000002,Verified,0.801,2025-11-25 20:18:00.265007,2026-05-23 20:18:00.265412,Driving License,KYC_Team_2
KYC_000003,CUST_000003,Verified,0.525,2025-02-22 20:18:00.265011,2026-05-14 20:18:00.265414,Driving License,Auto_Verified
KYC_000004,CUST_000004,Verified,0.242,2025-11-08 20:18:00.265014,2026-03-26 20:18:00.265415,National ID,KYC_Team_1
KYC_000005,CUST_000005,Verified,0.207,2026-02-12 20:18:00.265018,2026-06-04 20:18:00.265417,Utility Bill,KYC_Team_2
KYC_000006,CUST_000006,Verified,0.397,2025-05-30 20:18:00.265022,2026-04-27 20:18:00.265418,Passport,Auto_Verified
KYC_000007,CUST_000007,Verified,0.86,2025-12-19 20:18:00.265025,2026-12-31 20:18:00.265419,National ID,KYC_Team_1
KYC_000008,CUST_000008,Pending Review,0.061,2025-06-04 20:18:00.265028,2026-06-17 20:18:00.265421,Utility Bill,KYC_Team_1
KYC_000009,CUST_000009,Verified,0.219,2025-12-01 20:18:00.265030,2026-06-22 20:18:00.265422,Utility Bill,KYC_Team_2
KYC_000010,CUST_000010,Verified,0.893,2026-01-07 20:18:00.265032,2026-10-28 20:18:00.265423,National ID,Auto_Verified
KYC_000011,CUST_000011,Verified,0.122,2025-02-22 20:18:00.265034,2026-12-18 20:18:00.265424,Driving License,KYC_Team_2
KYC_000012,CUST_000012,Verified,0.63,2025-09-09 20:18:00.265037,2026-09-21 20:18:00.265426,Utility Bill,KYC_Team_2
KYC_000013,CUST_000013,Verified,0.214,2025-10-12 20:18:00.265040,2026-12-24 20:18:00.265427,Passport,Auto_Verified
KYC_000014,CUST_000014,Pending Review,0.606,2025-07-20 20:18:00.265042,2026-07-26 20:18:00.265428,National ID,KYC_Team_2
KYC_000015,CUST_000015,Verified,0.383,2025-09-10 20:18:00.265044,2026-11-13 20:18:00.265430,Utility Bill,Auto_Verified
KYC_000016,CUST_000016,Expired,0.102,2025-10-28 20:18:00.265046,2026-04-17 20:18:00.265431,Passport,Auto_Verified
KYC_000017,CUST_000017,Verified,0.582,2025-05-11 20:18:00.265048,2026-06-16 20:18:00.265432,Passport,KYC_Team_2
KYC_000018,CUST_000018,Verified,0.683,2025-03-23 20:18:00.265050,2027-01-06 20:18:00.265433,Passport,KYC_Team_2
KYC_000019,CUST_000019,Pending Review,0.68,2025-12-25 20:18:00.265053,2026-10-11 20:18:00.265434,Passport,KYC_Team_1
KYC_000020,CUST_000020,Pending Review,0.637,2025-11-07 20:18:00.265055,2026-05-12 20:18:00.265436,National ID,KYC_Team_1
KYC_000021,CUST_000021,Verified,0.5,2026-01-31 20:18:00.265058,2026-12-25 20:18:00.265437,Passport,Auto_Verified
KYC_000022,CUST_000022,Expired,0.519,2026-02-04 20:18:00.265060,2026-04-03 20:18:00.265438,National ID,Auto_Verified
KYC_000023,CUST_000023,Verified,0.636,2026-01-28 20:18:00.265061,2026-07-10 20:18:00.265439,Passport,Auto_Verified
KYC_000024,CUST_000024,Pending Review,0.69,2025-09-14 20:18:00.265064,2026-06-25 20:18:00.265440,Passport,KYC_Team_1
KYC_000025,CUST_000025,Verified,0.655,2025-12-13 20:18:00.265066,2026-05-28 20:18:00.265442,National ID,KYC_Team_2
KYC_000026,CUST_000026,Pending Review,0.587,2025-10-29 20:18:00.265068,2026-08-14 20:18:00.265444,Driving License,KYC_Team_2
KYC_000027,CUST_000027,Verified,0.156,2025-11-09 20:18:00.265071,2026-05-21 20:18:00.265446,Utility Bill,KYC_Team_1
KYC_000028,CUST_000028,Verified,0.211,2025-03-01 20:18:00.265073,2026-09-30 20:18:00.265448,Utility Bill,KYC_Team_2
KYC_000029,CUST_000029,Verified,0.26,2026-01-07 20:18:00.265075,2026-03-19 20:18:00.265450,National ID,KYC_Team_2
KYC_000030,CUST_000030,Verified,0.92,2026-01-09 20:18:00.265077,2026-09-20 20:18:00.265451,Passport,KYC_Team_2
KYC_000031,CUST_000031,Verified,0.759,2025-10-06 20:18:00.265079,2026-04-13 20:18:00.265453,National ID,KYC_Team_1
KYC_000032,CUST_000032,Verified,0.553,2025-06-26 20:18:00.265081,2026-11-30 20:18:00.265455,Passport,Auto_Verified
KYC_000033,CUST_000033,Verified,0.252,2025-12-14 20:18:00.265083,2026-03-20 20:18:00.265456,National ID,KYC_Team_2
KYC_000034,CUST_000034,Expired,0.111,2025-07-11 20:18:00.265085,2026-05-10 20:18:00.265458,Utility Bill,KYC_Team_2
KYC_000035,CUST_000035,Verified,0.899,2025-08-13 20:18:00.265087,2026-12-07 20:18:00.265460,National ID,Auto_Verified
KYC_000036,CUST_000036,Pending Review,0.893,2025-03-11 20:18:00.265089,2026-07-28 20:18:00.265462,Utility Bill,KYC_Team_2
KYC_000037,CUST_000037,Verified,0.111,2025-07-21 20:18:00.265091,2027-01-07 20:18:00.265463,Utility Bill,KYC_Team_2
KYC_000038,CUST_000038,Verified,0.797,2026-02-07 20:18:00.265093,2026-12-10 20:18:00.265465,Utility Bill,Auto_Verified
KYC_000039,CUST_000039,Verified,0.447,2025-02-20 20:18:00.265095,2026-03-18 20:18:00.265467,National ID,KYC_Team_1
KYC_000040,CUST_000040,Verified,0.324,2025-04-13 20:18:00.265097,2026-08-16 20:18:00.265468,Driving License,KYC_Team_1
KYC_000041,CUST_000041,Verified,0.739,2025-09-12 20:18:00.265099,2026-05-23 20:18:00.265470,National ID,KYC_Team_2
KYC_000042,CUST_000042,Verified,0.614,2025-08-21 20:18:00.265101,2026-08-24 20:18:00.265472,National ID,KYC_Team_2
KYC_000043,CUST_000043,Verified,0.78,2025-07-29 20:18:00.265103,2026-07-16 20:18:00.265474,Driving License,Auto_Verified
KYC_000044,CUST_000044,Verified,0.074,2025-08-05 20:18:00.265104,2026-11-14 20:18:00.265475,Driving License,Auto_Verified
KYC_000045,CUST_000045,Verified,0.319,2025-10-29 20:18:00.265106,2026-07-01 20:18:00.265477,Utility Bill,KYC_Team_2
KYC_000046,CUST_000046,Pending Review,0.319,2025-09-10 20:18:00.265108,2026-06-18 20:18:00.265479,Passport,KYC_Team_2
KYC_000047,CUST_000047,Pending Review,0.33,2025-07-08 20:18:00.265110,2026-11-12 20:18:00.265481,Passport,KYC_Team_1
KYC_000048,CUST_000048,Pending Review,0.502,2025-04-01 20:18:00.265111,2026-11-13 20:18:00.265482,Utility Bill,KYC_Team_1
KYC_000049,CUST_000049,Failed,0.283,2025-04-17 20:18:00.265114,2026-11-14 20:18:00.265483,National ID,KYC_Team_1
KYC_000050,CUST_000050,Verified,0.444,2025-06-13 20:18:00.265115,2026-07-01 20:18:00.265484,Passport,KYC_Team_1
KYC_000051,CUST_000051,Verified,0.368,2025-03-24 20:18:00.265117,2026-05-03 20:18:00.265485,National ID,Auto_Verified
KYC_000052,CUST_000052,Expired,0.735,2025-04-04 20:18:00.265119,2026-06-10 20:18:00.265486,Driving License,KYC_Team_1
KYC_000053,CUST_000053,Verified,0.604,2025-04-15 20:18:00.265121,2026-09-28 20:18:00.265487,Driving License,KYC_Team_1
KYC_000054,CUST_000054,Pending Review,0.654,2026-01-22 20:18:00.265123,2026-12-22 20:18:00.265488,Utility Bill,KYC_Team_2
KYC_000055,CUST_000055,Verified,0.211,2025-03-02 20:18:00.265125,2027-02-01 20:18:00.265490,National ID,KYC_Team_1
KYC_000056,CUST_000056,Verified,0.326,2025-06-06 20:18:00.265127,2027-01-29 20:18:00.265491,Utility Bill,KYC_Team_2
KYC_000057,CUST_000057,Verified,0.021,2026-01-27 20:18:00.265129,2026-12-16 20:18:00.265492,Passport,KYC_Team_2
KYC_000058,CUST_000058,Failed,0.108,2025-06-02 20:18:00.265131,2026-04-19 20:18:00.265493,Passport,KYC_Team_1
KYC_000059,CUST_000059,Pending Review,0.265,2025-09-02 20:18:00.265133,2026-05-27 20:18:00.265495,Passport,KYC_Team_1
KYC_000060,CUST_000060,Expired,0.065,2025-08-17 20:18:00.265134,2026-05-18 20:18:00.265496,National ID,KYC_Team_2
KYC_000061,CUST_000061,Verified,0.603,2026-01-28 20:18:00.265136,2026-11-30 20:18:00.265497,Utility Bill,Auto_Verified
KYC_000062,CUST_000062,Verified,0.998,2025-10-05 20:18:00.265138,2026-05-27 20:18:00.265498,Utility Bill,KYC_Team_2
KYC_000063,CUST_000063,Verified,0.101,2025-02-19 20:18:00.265140,2026-04-17 20:18:00.265499,Passport,Auto_Verified
KYC_000064,CUST_000064,Expired,0.821,2025-06-15 20:18:00.265142,2026-11-13 20:18:00.265500,Utility Bill,Auto_Verified
KYC_000065,CUST_000065,Verified,0.119,2025-07-31 20:18:00.265144,2026-12-01 20:18:00.265502,Driving License,KYC_Team_1
KYC_000066,CUST_000066,Verified,0.67,2025-05-13 20:18:00.265147,2026-04-20 20:18:00.265503,Driving License,KYC_Team_1
KYC_000067,CUST_000067,Verified,0.643,2025-12-24 20:18:00.265149,2026-12-28 20:18:00.265504,Driving License,KYC_Team_1
KYC_000068,CUST_000068,Verified,0.903,2025-07-11 20:18:00.265151,2026-06-06 20:18:00.265506,Driving License,KYC_Team_1
KYC_000069,CUST_000069,Verified,0.114,2025-02-25 20:18:00.265153,2026-07-18 20:18:00.265507,Utility Bill,KYC_Team_2
KYC_000070,CUST_000070,Verified,0.315,2025-04-18 20:18:00.265155,2027-01-28 20:18:00.265508,Driving License,Auto_Verified
KYC_000071,CUST_000071,Verified,0.091,2025-04-01 20:18:00.265156,2026-10-11 20:18:00.265509,Driving License,KYC_Team_2
KYC_000072,CUST_000072,Expired,0.407,2025-08-17 20:18:00.265158,2027-01-28 20:18:00.265510,Driving License,Auto_Verified
KYC_000073,CUST_000073,Verified,0.912,2025-02-27 20:18:00.265160,2026-09-15 20:18:00.265511,Driving License,KYC_Team_2
KYC_000074,CUST_000074,Verified,0.782,2025-06-06 20:18:00.265162,2026-07-07 20:18:00.265512,Driving License,Auto_Verified
KYC_000075,CUST_000075,Verified,0.723,2026-01-30 20:18:00.265164,2026-07-26 20:18:00.265513,National ID,KYC_Team_1
KYC_000076,CUST_000076,Failed,0.533,2025-08-02 20:18:00.265166,2026-10-08 20:18:00.265514,National ID,Auto_Verified
KYC_000077,CUST_000077,Verified,0.883,2026-01-24 20:18:00.265169,2026-04-13 20:18:00.265516,Driving License,KYC_Team_1
KYC_000078,CUST_000078,Verified,0.449,2025-06-08 20:18:00.265171,2026-10-21 20:18:00.265518,Driving License,Auto_Verified
KYC_000079,CUST_000079,Verified,0.15,2025-12-30 20:18:00.265173,2026-04-04 20:18:00.265519,Utility Bill,KYC_Team_2
KYC_000080,CUST_000080,Verified,0.838,2025-06-14 20:18:00.265175,2026-08-25 20:18:00.265520,Driving License,Auto_Verified
KYC_000081,CUST_000081,Failed,0.28,2025-10-06 20:18:00.265177,2026-10-02 20:18:00.265521,Passport,KYC_Team_2
KYC_000082,CUST_000082,Expired,0.054,2025-05-10 20:18:00.265178,2026-03-28 20:18:00.265523,National ID,KYC_Team_2
KYC_000083,CUST_000083,Verified,0.126,2025-12-27 20:18:00.265180,2026-06-20 20:18:00.265525,Driving License,KYC_Team_1
KYC_000084,CUST_000084,Verified,0.609,2026-01-01 20:18:00.265182,2026-09-21 20:18:00.265526,National ID,Auto_Verified
KYC_000085,CUST_000085,Verified,0.607,2025-10-10 20:18:00.265183,2026-09-30 20:18:00.265528,Driving License,KYC_Team_2
KYC_000086,CUST_000086,Verified,0.26,2025-03-26 20:18:00.265185,2026-10-30 20:18:00.265530,Passport,Auto_Verified
KYC_000087,CUST_000087,Pending Review,0.727,2025-12-26 20:18:00.265187,2027-01-18 20:18:00.265532,Driving License,KYC_Team_1
KYC_000088,CUST_000088,Verified,0.774,2025-06-25 20:18:00.265189,2026-07-07 20:18:00.265534,National ID,KYC_Team_1
KYC_000089,CUST_000089,Verified,0.921,2025-08-02 20:18:00.265191,2026-05-18 20:18:00.265535,National ID,Auto_Verified
KYC_000090,CUST_000090,Expired,0.585,2025-08-24 20:18:00.265193,2026-11-14 20:18:00.265537,National ID,KYC_Team_2
KYC_000091,CUST_000091,Verified,0.779,2025-10-12 20:18:00.265194,2027-01-22 20:18:00.265539,Utility Bill,KYC_Team_2
KYC_000092,CUST_000092,Verified,0.753,2025-04-09 20:18:00.265196,2026-11-29 20:18:00.265541,National ID,KYC_Team_2
KYC_000093,CUST_000093,Verified,0.258,2025-06-17 20:18:00.265199,2026-10-08 20:18:00.265543,Driving License,Auto_Verified
KYC_000094,CUST_000094,Verified,0.31,2026-01-26 20:18:00.265202,2027-02-07 20:18:00.265545,Passport,KYC_Team_2
KYC_000095,CUST_000095,Pending Review,0.478,2025-08-31 20:18:00.265204,2027-02-02 20:18:00.265547,Passport,KYC_Team_2
KYC_000096,CUST_000096,Verified,0.019,2025-09-07 20:18:00.265206,2026-06-02 20:18:00.265549,Driving License,KYC_Team_2
KYC_000097,CUST_000097,Verified,0.297,2025-05-06 20:18:00.265207,2026-07-15 20:18:00.265551,Utility Bill,KYC_Team_1
KYC_000098,CUST_000098,Verified,0.474,2025-02-17 20:18:00.265209,2027-01-14 20:18:00.265553,Driving License,KYC_Team_2
KYC_000099,CUST_000099,Verified,0.108,2025-06-26 20:18:00.265211,2026-12-05 20:18:00.265554,National ID,Auto_Verified
KYC_000100,CUST_000100,Expired,0.126,2025-10-25 20:18:00.265213,2026-08-08 20:18:00.265556,Utility Bill,Auto_Verified
KYC_000101,CUST_000101,Verified,0.463,2025-04-04 20:18:00.265215,2026-11-23 20:18:00.265559,Driving License,KYC_Team_2
KYC_000102,CUST_000102,Expired,0.731,2025-07-17 20:18:00.265216,2026-04-21 20:18:00.265561,Utility Bill,Auto_Verified
KYC_000103,CUST_000103,Expired,0.834,2025-12-26 20:18:00.265218,2026-10-21 20:18:00.265563,Passport,Auto_Verified
KYC_000104,CUST_000104,Expired,0.546,2026-02-07 20:18:00.265220,2027-01-15 20:18:00.265565,Driving License,KYC_Team_2
KYC_000105,CUST_000105,Expired,0.475,2025-02-27 20:18:00.265222,2026-03-29 20:18:00.265566,Driving License,KYC_Team_1
KYC_000106,CUST_000106,Verified,0.384,2025-12-09 20:18:00.265224,2026-10-13 20:18:00.265568,Passport,KYC_Team_2
KYC_000107,CUST_000107,Expired,0.193,2025-04-15 20:18:00.265225,2026-04-16 20:18:00.265570,Utility Bill,Auto_Verified
KYC_000108,CUST_000108,Verified,0.147,2025-03-04 20:18:00.265227,2026-12-26 20:18:00.265571,Passport,Auto_Verified
KYC_000109,CUST_000109,Verified,0.792,2026-01-29 20:18:00.265230,2026-04-26 20:18:00.265574,Utility Bill,KYC_Team_2
KYC_000110,CUST_000110,Verified,0.465,2025-05-29 20:18:00.265233,2026-05-27 20:18:00.265576,Driving License,Auto_Verified
KYC_000111,CUST_000111,Verified,0.79,2025-06-30 20:18:00.265235,2027-02-05 20:18:00.265578,Utility Bill,KYC_Team_1
KYC_000112,CUST_000112,Verified,0.704,2026-01-08 20:18:00.265237,2026-04-03 20:18:00.265580,Utility Bill,KYC_Team_2
KYC_000113,CUST_000113,Verified,0.194,2025-05-31 20:18:00.265238,2026-09-19 20:18:00.265581,National ID,Auto_Verified
KYC_000114,CUST_000114,Verified,0.51,2025-11-12 20:18:00.265240,2026-08-03 20:18:00.265583,National ID,KYC_Team_1
KYC_000115,CUST_000115,Verified,0.444,2025-06-20 20:18:00.265242,2026-10-01 20:18:00.265585,National ID,Auto_Verified
KYC_000116,CUST_000116,Verified,0.424,2025-09-25 20:18:00.265244,2026-08-04 20:18:00.265586,Passport,KYC_Team_1
KYC_000117,CUST_000117,Pending Review,0.543,2025-02-21 20:18:00.265246,2026-11-06 20:18:00.265588,Passport,Auto_Verified
KYC_000118,CUST_000118,Verified,0.982,2025-04-29 20:18:00.265247,2027-02-09 20:18:00.265589,National ID,KYC_Team_2
KYC_000119,CUST_000119,Verified,0.813,2025-07-29 20:18:00.265249,2026-09-04 20:18:00.265591,Driving License,Auto_Verified
KYC_000120,CUST_000120,Verified,0.904,2025-05-14 20:18:00.265252,2026-08-16 20:18:00.265593,Driving License,KYC_Team_2
KYC_000121,CUST_000121,Verified,0.03,2025-03-15 20:18:00.265254,2026-12-13 20:18:00.265595,Driving License,KYC_Team_1
KYC_000122,CUST_000122,Verified,0.14,2026-01-19 20:18:00.265256,2027-01-17 20:18:00.265597,Passport,KYC_Team_1
KYC_000123,CUST_000123,Verified,0.085,2025-10-06 20:18:00.265258,2026-08-28 20:18:00.265599,Utility Bill,Auto_Verified
KYC_000124,CUST_000124,Verified,0.263,2025-04-19 20:18:00.265260,2026-08-18 20:18:00.265601,Passport,KYC_Team_2
KYC_000125,CUST_000125,Verified,0.442,2025-12-14 20:18:00.265262,2026-11-09 20:18:00.265602,National ID,KYC_Team_2
KYC_000126,CUST_000126,Verified,0.642,2025-02-20 20:18:00.265264,2026-11-30 20:18:00.265604,Utility Bill,KYC_Team_1
KYC_000127,CUST_000127,Failed,0.501,2025-05-24 20:18:00.265266,2026-11-18 20:18:00.265606,Driving License,KYC_Team_1
KYC_000128,CUST_000128,Verified,0.903,2025-06-06 20:18:00.265268,2026-09-27 20:18:00.265608,Passport,Auto_Verified
KYC_000129,CUST_000129,Pending Review,0.94,2025-11-15 20:18:00.265271,2027-01-09 20:18:00.265610,Passport,KYC_Team_1
KYC_000130,CUST_000130,Pending Review,0.164,2025-06-26 20:18:00.265273,2026-12-25 20:18:00.265613,National ID,KYC_Team_1
KYC_000131,CUST_000131,Verified,0.853,2025-09-15 20:18:00.265275,2027-01-17 20:18:00.265615,Driving License,KYC_Team_2
KYC_000132,CUST_000132,Failed,0.482,2025-11-21 20:18:00.265277,2027-01-14 20:18:00.265617,Passport,KYC_Team_2
KYC_000133,CUST_000133,Pending Review,0.453,2026-01-23 20:18:00.265279,2027-01-01 20:18:00.265619,Passport,KYC_Team_2
KYC_000134,CUST_000134,Verified,0.785,2025-09-17 20:18:00.265281,2026-05-23 20:18:00.265620,Utility Bill,KYC_Team_1
KYC_000135,CUST_000135,Verified,0.093,2025-04-11 20:18:00.265283,2026-11-09 20:18:00.265622,Passport,Auto_Verified
KYC_000136,CUST_000136,Verified,0.882,2025-08-27 20:18:00.265285,2026-09-02 20:18:00.265624,Utility Bill,Auto_Verified
KYC_000137,CUST_000137,Verified,0.671,2025-07-09 20:18:00.265287,2026-04-29 20:18:00.265625,Passport,KYC_Team_1
KYC_000138,CUST_000138,Verified,0.875,2025-12-18 20:18:00.265289,2026-11-19 20:18:00.265627,Driving License,Auto_Verified
KYC_000139,CUST_000139,Pending Review,0.994,2025-02-26 20:18:00.265290,2026-09-05 20:18:00.265629,National ID,KYC_Team_1
KYC_000140,CUST_000140,Expired,0.518,2025-11-25 20:18:00.265292,2026-12-11 20:18:00.265631,Driving License,Auto_Verified
KYC_000141,CUST_000141,Verified,0.093,2026-01-04 20:18:00.265294,2026-12-03 20:18:00.265632,National ID,KYC_Team_1
KYC_000142,CUST_000142,Pending Review,0.167,2025-11-03 20:18:00.265296,2027-01-23 20:18:00.265634,Passport,KYC_Team_2
KYC_000143,CUST_000143,Pending Review,0.324,2025-06-11 20:18:00.265298,2027-01-31 20:18:00.265636,Driving License,Auto_Verified
KYC_000144,CUST_000144,Verified,0.104,2025-06-09 20:18:00.265300,2026-04-15 20:18:00.265638,Utility Bill,KYC_Team_2
KYC_000145,CUST_000145,Verified,0.815,2025-10-08 20:18:00.265301,2026-07-20 20:18:00.265639,National ID,KYC_Team_2
KYC_000146,CUST_000146,Verified,0.297,2026-02-10 20:18:00.265303,2027-01-30 20:18:00.265641,National ID,Auto_Verified
KYC_000147,CUST_000147,Pending Review,0.976,2025-07-29 20:18:00.265305,2026-07-29 20:18:00.265643,Passport,KYC_Team_1
KYC_000148,CUST_000148,Pending Review,0.703,2025-03-15 20:18:00.265307,2026-07-30 20:18:00.265644,National ID,KYC_Team_2
KYC_000149,CUST_000149,Verified,0.173,2025-11-14 20:18:00.265311,2026-08-08 20:18:00.265647,National ID,KYC_Team_2
KYC_000150,CUST_000150,Verified,0.476,2025-08-04 20:18:00.265313,2027-01-12 20:18:00.265649,National ID,KYC_Team_1
KYC_000151,CUST_000151,Pending Review,0.467,2026-01-21 20:18:00.265315,2026-12-01 20:18:00.265651,Passport,KYC_Team_1
KYC_000152,CUST_000152,Pending Review,0.493,2025-09-11 20:18:00.265317,2026-07-08 20:18:00.265653,Driving License,Auto_Verified
KYC_000153,CUST_000153,Verified,0.536,2025-11-11 20:18:00.265319,2026-08-21 20:18:00.265654,Passport,Auto_Verified
KYC_000154,CUST_000154,Verified,0.031,2025-10-21 20:18:00.265320,2026-08-26 20:18:00.265656,Utility Bill,KYC_Team_1
KYC_000155,CUST_000155,Expired,0.686,2025-08-22 20:18:00.265322,2026-07-14 20:18:00.265658,National ID,KYC_Team_2
KYC_000156,CUST_000156,Verified,0.487,2025-02-28 20:18:00.265324,2026-12-28 20:18:00.265660,National ID,KYC_Team_1
KYC_000157,CUST_000157,Verified,0.791,2025-04-20 20:18:00.265326,2026-06-19 20:18:00.265662,Driving License,Auto_Verified
KYC_000158,CUST_000158,Pending Review,0.815,2025-06-05 20:18:00.265328,2026-09-08 20:18:00.265663,National ID,KYC_Team_2
KYC_000159,CUST_000159,Verified,0.231,2025-10-18 20:18:00.265330,2026-08-17 20:18:00.265665,Driving License,KYC_Team_2
KYC_000160,CUST_000160,Expired,0.048,2025-02-12 20:18:00.265331,2026-06-20 20:18:00.265667,National ID,Auto_Verified
KYC_000161,CUST_000161,Verified,0.703,2025-06-30 20:18:00.265333,2026-09-01 20:18:00.265668,National ID,KYC_Team_2
KYC_000162,CUST_000162,Verified,0.978,2025-02-19 20:18:00.265335,2026-12-04 20:18:00.265670,Passport,KYC_Team_1
KYC_000163,CUST_000163,Verified,0.447,2025-12-15 20:18:00.265337,2026-10-10 20:18:00.265672,Passport,Auto_Verified
KYC_000164,CUST_000164,Verified,0.26,2025-12-23 20:18:00.265339,2026-08-03 20:18:00.265673,Utility Bill,KYC_Team_2
KYC_000165,CUST_000165,Verified,0.157,2025-11-20 20:18:00.265341,2026-07-27 20:18:00.265675,Driving License,Auto_Verified
KYC_000166,CUST_000166,Verified,0.287,2025-12-03 20:18:00.265342,2027-01-14 20:18:00.265677,Utility Bill,KYC_Team_2
KYC_000167,CUST_000167,Verified,0.328,2025-12-07 20:18:00.265344,2026-10-17 20:18:00.265678,Passport,KYC_Team_1
KYC_000168,CUST_000168,Expired,0.424,2025-04-09 20:18:00.265346,2026-06-18 20:18:00.265680,Driving License,Auto_Verified
KYC_000169,CUST_000169,Verified,0.655,2025-04-30 20:18:00.265348,2027-01-21 20:18:00.265682,Passport,KYC_Team_2
KYC_000170,CUST_000170,Verified,0.273,2026-01-31 20:18:00.265350,2026-05-24 20:18:00.265684,Driving License,KYC_Team_1
KYC_000171,CUST_000171,Verified,0.051,2025-07-03 20:18:00.265352,2026-08-12 20:18:00.265686,National ID,KYC_Team_1
KYC_000172,CUST_000172,Verified,0.373,2025-06-03 20:18:00.265353,2026-06-19 20:18:00.265688,Utility Bill,KYC_Team_1
KYC_000173,CUST_000173,Verified,0.856,2025-08-09 20:18:00.265355,2026-09-15 20:18:00.265691,Utility Bill,KYC_Team_2
KYC_000174,CUST_000174,Verified,0.498,2025-02-20 20:18:00.265358,2026-12-16 20:18:00.265693,Driving License,KYC_Team_2
KYC_000175,CUST_000175,Expired,0.965,2025-07-07 20:18:00.265360,2026-12-22 20:18:00.265695,Utility Bill,KYC_Team_1
KYC_000176,CUST_000176,Verified,0.504,2026-02-02 20:18:00.265362,2026-08-25 20:18:00.265697,Passport,KYC_Team_1
KYC_000177,CUST_000177,Verified,0.276,2025-02-15 20:18:00.265364,2026-06-26 20:18:00.265698,Utility Bill,KYC_Team_1
KYC_000178,CUST_000178,Verified,0.193,2025-05-20 20:18:00.265366,2026-11-05 20:18:00.265700,Driving License,KYC_Team_1
KYC_000179,CUST_000179,Verified,0.695,2025-02-22 20:18:00.265368,2027-01-05 20:18:00.265702,Utility Bill,KYC_Team_1
KYC_000180,CUST_000180,Verified,0.536,2025-08-08 20:18:00.265370,2026-12-05 20:18:00.265704,Utility Bill,KYC_Team_2
KYC_000181,CUST_000181,Pending Review,0.604,2025-03-24 20:18:00.265372,2026-06-10 20:18:00.265706,Passport,Auto_Verified
KYC_000182,CUST_000182,Verified,0.755,2025-05-10 20:18:00.265374,2026-05-13 20:18:00.265707,National ID,Auto_Verified
KYC_000183,CUST_000183,Verified,0.726,2025-12-20 20:18:00.265376,2026-08-10 20:18:00.265709,Passport,Auto_Verified
KYC_000184,CUST_000184,Verified,0.043,2025-07-13 20:18:00.265378,2027-02-03 20:18:00.265712,Utility Bill,KYC_Team_2
KYC_000185,CUST_000185,Failed,0.803,2025-06-15 20:18:00.265380,2026-07-18 20:18:00.265715,Utility Bill,Auto_Verified
KYC_000186,CUST_000186,Verified,0.533,2026-01-26 20:18:00.265382,2026-06-27 20:18:00.265718,National ID,Auto_Verified
KYC_000187,CUST_000187,Verified,0.392,2025-09-23 20:18:00.265384,2027-01-14 20:18:00.265721,National ID,Auto_Verified
KYC_000188,CUST_000188,Verified,0.538,2025-07-04 20:18:00.265385,2027-02-01 20:18:00.265724,Passport,Auto_Verified
KYC_000189,CUST_000189,Pending Review,0.612,2025-05-03 20:18:00.265387,2026-09-02 20:18:00.265727,National ID,KYC_Team_1
KYC_000190,CUST_000190,Verified,0.15,2025-02-18 20:18:00.265389,2026-06-15 20:18:00.265730,Passport,KYC_Team_2
KYC_000191,CUST_000191,Verified,0.417,2025-07-11 20:18:00.265391,2027-02-08 20:18:00.265732,Driving License,Auto_Verified
KYC_000192,CUST_000192,Pending Review,0.336,2026-01-09 20:18:00.265393,2026-11-23 20:18:00.265735,Utility Bill,KYC_Team_1
KYC_000193,CUST_000193,Verified,0.35,2026-01-10 20:18:00.265395,2026-09-21 20:18:00.265738,National ID,Auto_Verified
KYC_000194,CUST_000194,Verified,0.091,2025-12-30 20:18:00.265397,2026-07-17 20:18:00.265741,Driving License,Auto_Verified
KYC_000195,CUST_000195,Verified,0.16,2025-10-01 20:18:00.265398,2026-09-30 20:18:00.265744,Driving License,Auto_Verified
KYC_000196,CUST_000196,Pending Review,0.162,2025-03-09 20:18:00.265399,2026-11-16 20:18:00.265746,Passport,Auto_Verified
KYC_000197,CUST_000197,Verified,0.373,2025-08-13 20:18:00.265400,2026-07-30 20:18:00.265749,Passport,Auto_Verified
KYC_000198,CUST_000198,Verified,0.894,2025-06-14 20:18:00.265401,2026-12-29 20:18:00.265752,National ID,KYC_Team_1
KYC_000199,CUST_000199,Failed,0.206,2025-07-22 20:18:00.265402,2026-11-04 20:18:00.265755,Passport,Auto_Verified
