party_id,customer_name,party_type,risk_rating,country_of_origin,kyc_status,onboarding_date
CUST_000000,Sarah Johnson,Individual,Medium,US,Verified,2017-09-08 20:18:00.203439
CUST_000001,Laura Thomas,Trust,Low,DE,Verified,2024-05-10 20:18:00.203453
CUST_000002,Joseph Rodriguez,Corporate,Low,US,Verified,2023-06-09 20:18:00.203458
CUST_000003,Michael Nguyen,Individual,Medium,US,Pending,2016-05-24 20:18:00.203461
CUST_000004,Linda Ali,Individual,Medium,DE,Verified,2024-04-08 20:18:00.203463
CUST_000005,Emma Williams,Individual,Low,KY,Verified,2017-02-13 20:18:00.203467
CUST_000006,Mary Garcia,Individual,Low,IN,Expired,2016-12-31 20:18:00.203469
CUST_000007,Amanda Anderson,Corporate,Medium,US,Pending,2024-02-08 20:18:00.203470
CUST_000008,Raj Abbas,Individual,Low,DE,Expired,2016-03-16 20:18:00.203471
CUST_000009,Mary Singh,Corporate,Low,VG,Verified,2021-06-20 20:18:00.203473
CUST_000010,Richard Nguyen,Individual,Low,SG,Verified,2025-10-24 20:18:00.203474
CUST_000011,Joshua Anderson,Trust,Medium,SG,Verified,2024-01-30 20:18:00.203475
CUST_000012,Anthony Ali,Corporate,Medium,US,Expired,2017-10-31 20:18:00.203477
CUST_000013,Laura Smith,Individual,Low,KY,Pending,2022-05-14 20:18:00.203478
CUST_000014,William Ramirez,Individual,Medium,KY,Verified,2017-04-26 20:18:00.203480
CUST_000015,Hannah Moore,Individual,Low,VG,Verified,2021-06-22 20:18:00.203481
CUST_000016,Jessica Wilson,Individual,Low,US,Verified,2017-02-04 20:18:00.203482
CUST_000017,Hannah Miller,Individual,Medium,SG,Pending,2018-07-31 20:18:00.203484
CUST_000018,Linda Harris,Individual,Medium,KY,Expired,2016-05-26 20:18:00.203485
CUST_000019,Michael Thompson,Individual,Medium,US,Verified,2017-11-06 20:18:00.203486
CUST_000020,Matthew Abbas,Individual,Medium,JP,Verified,2016-12-31 20:18:00.203487
CUST_000021,Thomas Williams,Individual,Low,KY,Verified,2023-04-23 20:18:00.203488
CUST_000022,Grace Nguyen,Individual,Low,DE,Expired,2023-02-06 20:18:00.203490
CUST_000023,Sarah Harris,Individual,Low,JP,Pending,2024-04-21 20:18:00.203491
CUST_000024,Linda Singh,Individual,Low,IN,Pending,2017-04-05 20:18:00.203492
CUST_000025,Christopher Tanaka,Corporate,Low,KY,Verified,2018-03-24 20:18:00.203494
CUST_000026,Olivia Kumar,Individual,High,SG,Verified,2024-11-17 20:18:00.203495
CUST_000027,Richard Jones,Individual,Low,UK,Verified,2021-10-20 20:18:00.203496
CUST_000028,Robert Anderson,Individual,Medium,JP,Verified,2016-04-23 20:18:00.203498
CUST_000029,Christopher Garcia,Individual,Medium,IN,Pending,2025-08-28 20:18:00.203499
CUST_000030,Joseph Miller,Individual,Medium,VG,Pending,2016-06-18 20:18:00.203500
CUST_000031,Andrew Moore,Individual,Low,VG,Expired,2020-10-24 20:18:00.203501
CUST_000032,Grace White,Individual,Low,SG,Expired,2023-08-06 20:18:00.203502
CUST_000033,William White,Trust,Low,KY,Verified,2023-11-08 20:18:00.203504
CUST_000034,Matthew Wilson,Trust,Low,US,Pending,2016-12-07 20:18:00.203505
CUST_000035,Laura Jones,Corporate,Medium,KY,Expired,2020-12-05 20:18:00.203506
CUST_000036,Carlos Hernandez,Individual,Low,SG,Pending,2022-03-03 20:18:00.203507
CUST_000037,Wei Thomas,Individual,Low,VG,Verified,2022-09-01 20:18:00.203508
CUST_000038,William Robinson,Individual,Medium,KY,Verified,2016-11-21 20:18:00.203509
CUST_000039,Andrew Moore,Individual,Low,VG,Verified,2017-03-04 20:18:00.203510
CUST_000040,Mei Anderson,Individual,High,JP,Expired,2016-04-27 20:18:00.203511
CUST_000041,Daniel Brown,Individual,High,IN,Verified,2023-07-16 20:18:00.203512
CUST_000042,Joseph Williams,Individual,High,US,Verified,2023-08-04 20:18:00.203513
CUST_000043,Daniel Sanchez,Trust,Low,JP,Verified,2025-10-29 20:18:00.203514
CUST_000044,Laura Jones,Individual,Low,VG,Verified,2018-09-09 20:18:00.203516
CUST_000045,Amanda Kumar,Individual,High,VG,Verified,2023-12-04 20:18:00.203517
CUST_000046,Daniel Wilson,Individual,Low,UK,Verified,2021-08-15 20:18:00.203518
CUST_000047,Chloe Sanchez,Individual,High,UK,Verified,2022-05-30 20:18:00.203519
CUST_000048,Grace Martinez,Individual,High,JP,Verified,2022-12-19 20:18:00.203520
CUST_000049,Thomas Rodriguez,Individual,Medium,DE,Pending,2016-05-25 20:18:00.203521
CUST_000050,Rachel Singh,Trust,Low,JP,Verified,2025-04-24 20:18:00.203522
CUST_000051,Wei Taylor,Corporate,Low,UK,Pending,2017-06-02 20:18:00.203523
CUST_000052,Fatima Ramirez,Trust,Medium,VG,Verified,2022-12-17 20:18:00.203524
CUST_000053,Fatima Sanchez,Corporate,Low,SG,Verified,2022-02-25 20:18:00.203525
CUST_000054,Olivia Anderson,Individual,Low,JP,Pending,2018-11-24 20:18:00.203527
CUST_000055,David Wang,Trust,Low,VG,Verified,2020-05-18 20:18:00.203528
CUST_000056,Chloe Garcia,Individual,High,SG,Verified,2021-08-10 20:18:00.203529
CUST_000057,Jennifer Davis,Individual,Medium,SG,Verified,2018-06-21 20:18:00.203530
CUST_000058,Jessica Hernandez,Individual,Low,UK,Pending,2016-08-18 20:18:00.203531
CUST_000059,Emma Abbas,Individual,Low,JP,Verified,2020-01-29 20:18:00.203533
CUST_000060,John Harris,Individual,Medium,KY,Verified,2022-05-18 20:18:00.203534
CUST_000061,Andrew Abbas,Individual,High,US,Verified,2025-10-12 20:18:00.203535
CUST_000062,Grace Kim,Corporate,Low,UK,Verified,2024-10-18 20:18:00.203536
CUST_000063,Thomas Singh,Individual,Low,UK,Verified,2016-04-03 20:18:00.203537
CUST_000064,James Davis,Individual,Medium,KY,Verified,2023-03-01 20:18:00.203538
CUST_000065,Wei Moore,Individual,Medium,US,Verified,2024-02-02 20:18:00.203540
CUST_000066,Hannah Davis,Individual,Medium,VG,Verified,2019-07-31 20:18:00.203542
CUST_000067,Christopher Ramirez,Corporate,Medium,DE,Verified,2023-02-11 20:18:00.203543
CUST_000068,William Robinson,Individual,Low,JP,Expired,2025-08-30 20:18:00.203544
CUST_000069,James Taylor,Trust,Low,DE,Verified,2024-11-15 20:18:00.203545
CUST_000070,Raj Lopez,Corporate,Medium,VG,Verified,2019-05-27 20:18:00.203546
CUST_000071,Raj Miller,Individual,Medium,IN,Pending,2021-03-21 20:18:00.203547
CUST_000072,Megan Wang,Individual,Medium,UK,Verified,2022-03-20 20:18:00.203548
CUST_000073,Carlos Gonzalez,Corporate,High,US,Verified,2017-12-02 20:18:00.203549
CUST_000074,Jessica White,Corporate,Low,UK,Pending,2017-04-09 20:18:00.203550
CUST_000075,William Nguyen,Corporate,Low,SG,Expired,2022-07-29 20:18:00.203551
CUST_000076,Priya Smith,Corporate,Medium,UK,Verified,2021-03-13 20:18:00.203553
CUST_000077,Carlos Lee,Individual,Medium,UK,Expired,2019-04-17 20:18:00.203554
CUST_000078,Chloe Johnson,Individual,Medium,VG,Verified,2020-05-10 20:18:00.203556
CUST_000079,Sarah White,Individual,Medium,VG,Verified,2024-10-17 20:18:00.203557
CUST_000080,Megan Thomas,Corporate,Medium,VG,Verified,2021-10-09 20:18:00.203558
CUST_000081,Jennifer Thomas,Individual,Low,DE,Expired,2019-08-17 20:18:00.203559
CUST_000082,Ahmed Garcia,Individual,Low,SG,Verified,2023-12-17 20:18:00.203561
CUST_000083,Linda Chen,Individual,Low,IN,Verified,2023-03-27 20:18:00.203562
CUST_000084,John Nguyen,Individual,Low,IN,Verified,2025-08-05 20:18:00.203563
CUST_000085,David Rodriguez,Individual,Low,VG,Verified,2018-02-21 20:18:00.203564
CUST_000086,Kevin Singh,Corporate,Low,US,Verified,2021-03-14 20:18:00.203565
CUST_000087,William Taylor,Individual,Low,DE,Verified,2026-01-27 20:18:00.203566
CUST_000088,Priya Abbas,Corporate,Low,KY,Verified,2020-04-05 20:18:00.203567
CUST_000089,Emma Wilson,Individual,Low,US,Verified,2017-01-17 20:18:00.203568
CUST_000090,Wei Gonzalez,Individual,Low,JP,Verified,2020-01-20 20:18:00.203569
CUST_000091,Megan Sanchez,Corporate,Low,JP,Verified,2018-05-22 20:18:00.203570
CUST_000092,Olivia Lewis,Corporate,Medium,US,Verified,2018-01-09 20:18:00.203571
CUST_000093,Priya Lewis,Individual,Low,VG,Verified,2017-10-08 20:18:00.203573
CUST_000094,Sarah Thomas,Corporate,Low,KY,Pending,2017-10-29 20:18:00.203574
CUST_000095,Joseph Jones,Individual,Low,KY,Verified,2018-07-28 20:18:00.203576
CUST_000096,Hannah Johnson,Individual,Medium,DE,Verified,2023-11-18 20:18:00.203577
CUST_000097,Fatima Singh,Individual,Low,KY,Verified,2022-01-03 20:18:00.203578
CUST_000098,Joseph Ali,Individual,Medium,JP,Verified,2021-04-03 20:18:00.203579
CUST_000099,Joseph Smith,Individual,Low,SG,Verified,2025-04-22 20:18:00.203580
CUST_000100,John Brown,Individual,Low,VG,Verified,2018-08-23 20:18:00.203581
CUST_000101,Joseph Jones,Individual,Low,KY,Verified,2022-05-22 20:18:00.203582
CUST_000102,Robert Perez,Individual,Low,DE,Verified,2019-02-07 20:18:00.203583
CUST_000103,John Wang,Individual,Medium,JP,Verified,2022-07-28 20:18:00.203584
CUST_000104,Rachel Moore,Trust,Medium,SG,Verified,2018-08-26 20:18:00.203585
CUST_000105,Chloe Wilson,Individual,High,UK,Verified,2016-07-31 20:18:00.203586
CUST_000106,Wei Rodriguez,Individual,Low,UK,Verified,2024-09-10 20:18:00.203587
CUST_000107,Ahmed Kumar,Corporate,Low,SG,Verified,2018-01-07 20:18:00.203588
CUST_000108,Kevin Thomas,Individual,Medium,JP,Verified,2022-09-21 20:18:00.203589
CUST_000109,Kevin Clark,Individual,Low,DE,Verified,2020-05-27 20:18:00.203591
CUST_000110,Richard Miller,Individual,Low,SG,Verified,2022-08-16 20:18:00.203593
CUST_000111,Michael Ramirez,Individual,Low,VG,Pending,2018-08-12 20:18:00.203594
CUST_000112,Matthew Ramirez,Trust,Low,VG,Verified,2021-07-06 20:18:00.203595
CUST_000113,Joshua Robinson,Corporate,High,UK,Verified,2022-06-07 20:18:00.203596
CUST_000114,Jennifer Miller,Individual,Medium,KY,Pending,2021-07-30 20:18:00.203597
CUST_000115,Jennifer Sanchez,Corporate,Medium,DE,Expired,2018-04-10 20:18:00.203598
CUST_000116,Hannah Miller,Corporate,Low,UK,Verified,2022-10-10 20:18:00.203600
CUST_000117,Rachel Gonzalez,Individual,Low,KY,Verified,2019-11-16 20:18:00.203601
CUST_000118,Richard Nguyen,Corporate,Low,KY,Pending,2024-08-30 20:18:00.203602
CUST_000119,Anthony Rodriguez,Individual,Low,IN,Verified,2023-12-10 20:18:00.203603
CUST_000120,Emma Lopez,Corporate,Low,VG,Verified,2021-05-17 20:18:00.203604
CUST_000121,Laura Robinson,Corporate,Medium,JP,Verified,2018-08-20 20:18:00.203605
CUST_000122,Rachel Jones,Individual,Medium,US,Verified,2021-11-03 20:18:00.203607
CUST_000123,Anthony Singh,Individual,Low,JP,Verified,2018-06-30 20:18:00.203608
CUST_000124,Michael Brown,Individual,High,US,Verified,2017-09-13 20:18:00.203609
CUST_000125,Wei Smith,Individual,Medium,SG,Verified,2024-02-21 20:18:00.203611
CUST_000126,Linda Thomas,Corporate,Low,VG,Verified,2019-03-10 20:18:00.203612
CUST_000127,William Clark,Corporate,Medium,KY,Verified,2019-09-16 20:18:00.203613
CUST_000128,Chloe Patel,Individual,Low,DE,Verified,2022-09-19 20:18:00.203615
CUST_000129,Amanda Sanchez,Individual,Low,US,Verified,2021-07-15 20:18:00.203616
CUST_000130,Jennifer Hernandez,Individual,Low,JP,Verified,2019-12-12 20:18:00.203618
CUST_000131,Andrew Smith,Individual,Medium,KY,Pending,2016-09-28 20:18:00.203619
CUST_000132,Andrew Taylor,Individual,Low,US,Verified,2026-02-01 20:18:00.203620
CUST_000133,Grace Jackson,Individual,Low,US,Verified,2022-09-07 20:18:00.203621
CUST_000134,Emma Singh,Trust,Low,IN,Verified,2022-11-15 20:18:00.203622
CUST_000135,Chloe Martinez,Individual,Low,US,Verified,2023-09-26 20:18:00.203624
CUST_000136,Richard Jackson,Individual,Medium,DE,Verified,2021-04-09 20:18:00.203625
CUST_000137,Amanda Brown,Corporate,Medium,VG,Verified,2017-04-12 20:18:00.203626
CUST_000138,Fatima Nguyen,Individual,Low,DE,Verified,2019-08-03 20:18:00.203627
CUST_000139,Jennifer Lee,Trust,Low,UK,Verified,2019-04-16 20:18:00.203628
CUST_000140,Jennifer Brown,Trust,Low,KY,Verified,2018-10-01 20:18:00.203630
CUST_000141,Fatima Patel,Individual,Low,VG,Verified,2022-06-24 20:18:00.203631
CUST_000142,Raj Kim,Individual,Low,IN,Verified,2020-11-16 20:18:00.203632
CUST_000143,William Brown,Individual,Low,VG,Verified,2021-02-19 20:18:00.203633
CUST_000144,Raj Garcia,Individual,Low,VG,Verified,2021-02-17 20:18:00.203634
CUST_000145,Emily Jones,Individual,Medium,JP,Pending,2018-07-07 20:18:00.203635
CUST_000146,Carlos Jones,Individual,Medium,VG,Verified,2023-09-11 20:18:00.203636
CUST_000147,Rachel Sanchez,Individual,Low,IN,Verified,2020-05-11 20:18:00.203637
CUST_000148,Sarah Kumar,Individual,Low,DE,Pending,2020-10-13 20:18:00.203638
CUST_000149,Rachel Ali,Individual,Medium,VG,Verified,2017-03-10 20:18:00.203640
CUST_000150,Carlos Williams,Trust,Low,SG,Verified,2017-03-01 20:18:00.203641
CUST_000151,Maria Garcia,Individual,Medium,KY,Verified,2017-11-02 20:18:00.203643
CUST_000152,Joshua Ali,Individual,Medium,VG,Verified,2024-03-09 20:18:00.203644
CUST_000153,Ahmed Kim,Individual,Low,KY,Verified,2018-09-14 20:18:00.203645
CUST_000154,Daniel Taylor,Trust,Low,SG,Verified,2025-02-20 20:18:00.203646
CUST_000155,Amanda Lee,Individual,Medium,SG,Verified,2022-11-28 20:18:00.203647
CUST_000156,Rachel Taylor,Individual,Low,KY,Verified,2020-04-23 20:18:00.203648
CUST_000157,Sophia Rodriguez,Corporate,Low,US,Verified,2018-08-24 20:18:00.203649
CUST_000158,Megan Robinson,Individual,High,UK,Verified,2018-12-29 20:18:00.203650
CUST_000159,Daniel Jones,Corporate,Low,JP,Verified,2019-02-23 20:18:00.203651
CUST_000160,James Robinson,Individual,Low,US,Verified,2022-05-02 20:18:00.203652
CUST_000161,Maria Kumar,Individual,Medium,US,Expired,2025-01-16 20:18:00.203653
CUST_000162,Michael Jones,Individual,Low,DE,Verified,2016-11-29 20:18:00.203655
CUST_000163,Wei Wilson,Individual,Low,JP,Verified,2017-09-01 20:18:00.203656
CUST_000164,Raj Taylor,Individual,High,JP,Verified,2023-06-16 20:18:00.203657
CUST_000165,David Thompson,Corporate,Low,US,Verified,2018-07-19 20:18:00.203658
CUST_000166,John Thomas,Individual,High,VG,Verified,2022-08-11 20:18:00.203659
CUST_000167,Olivia Jackson,Individual,High,DE,Verified,2023-07-28 20:18:00.203660
CUST_000168,William Lewis,Individual,Low,DE,Verified,2017-01-17 20:18:00.203661
CUST_000169,Wei Martin,Individual,Low,SG,Verified,2023-11-10 20:18:00.203662
CUST_000170,Maria Kim,Individual,Low,IN,Verified,2024-06-09 20:18:00.203664
CUST_000171,James Singh,Individual,Low,JP,Pending,2025-10-25 20:18:00.203665
CUST_000172,Megan Miller,Individual,Low,US,Verified,2025-07-28 20:18:00.203666
CUST_000173,David Taylor,Individual,Medium,SG,Verified,2023-05-07 20:18:00.203667
CUST_000174,Sarah Miller,Individual,Low,KY,Verified,2020-10-05 20:18:00.203669
CUST_000175,Mei Martinez,Individual,Low,UK,Expired,2019-03-28 20:18:00.203670
CUST_000176,Laura Jackson,Individual,Medium,IN,Verified,2016-07-24 20:18:00.203671
CUST_000177,Carlos Wilson,Individual,Low,IN,Verified,2017-06-22 20:18:00.203673
CUST_000178,Hannah Wilson,Trust,Medium,IN,Expired,2025-04-10 20:18:00.203674
CUST_000179,Thomas Wang,Individual,Low,DE,Pending,2020-12-25 20:18:00.203675
CUST_000180,Chloe Taylor,Individual,Low,KY,Pending,2021-06-11 20:18:00.203676
CUST_000181,Jennifer Garcia,Individual,Medium,IN,Verified,2016-02-26 20:18:00.203677
CUST_000182,Emma Moore,Trust,Medium,KY,Verified,2019-01-11 20:18:00.203679
CUST_000183,Robert Smith,Corporate,Medium,VG,Verified,2019-08-21 20:18:00.203680
CUST_000184,Hannah Rodriguez,Individual,Medium,IN,Expired,2023-11-29 20:18:00.203681
CUST_000185,Thomas Hernandez,Individual,Medium,UK,Verified,2018-01-13 20:18:00.203682
CUST_000186,Anthony Singh,Corporate,Low,KY,Verified,2018-04-13 20:18:00.203683
CUST_000187,Emma Singh,Individual,Low,KY,Verified,2021-10-14 20:18:00.203684
CUST_000188,James Davis,Individual,Medium,UK,Pending,2020-07-19 20:18:00.203685
CUST_000189,John Martinez,Individual,Medium,IN,Verified,2021-08-11 20:18:00.203686
CUST_000190,Wei Williams,Individual,High,UK,Verified,2023-05-10 20:18:00.203687
CUST_000191,Olivia Ali,Corporate,Low,KY,Verified,2024-06-08 20:18:00.203688
CUST_000192,Mei Martinez,Trust,Low,UK,Verified,2018-09-25 20:18:00.203690
CUST_000193,Emma Rodriguez,Individual,Medium,KY,Verified,2018-05-19 20:18:00.203691
CUST_000194,Robert Martin,Individual,Low,KY,Verified,2026-01-11 20:18:00.203692
CUST_000195,Olivia Williams,Individual,High,VG,Verified,2017-09-02 20:18:00.203693
CUST_000196,Matthew Wilson,Corporate,Medium,US,Verified,2016-06-10 20:18:00.203694
CUST_000197,Rachel Miller,Corporate,Low,KY,Verified,2017-06-15 20:18:00.203695
CUST_000198,Matthew Singh,Corporate,Medium,IN,Verified,2016-02-29 20:18:00.203696
CUST_000199,Joshua Tanaka,Corporate,Medium,SG,Verified,2024-11-23 20:18:00.203697
