account_id,party_id,account_type,status,currency,balance,open_date
ACC_000000000,CUST_000002,Current,Active,SGD,144.38,2021-09-22 15:58:45.014809
ACC_000000001,CUST_000160,Savings,Active,SGD,9810.73,2023-09-16 15:58:45.014829
ACC_000000002,CUST_000133,Corporate,Active,USD,11410.86,2024-11-11 15:58:45.014834
ACC_000000003,CUST_000177,Savings,Active,GBP,12611.68,2025-02-07 15:58:45.014838
ACC_000000004,CUST_000009,Corporate,Active,GBP,29724.41,2021-08-01 15:58:45.014840
ACC_000000005,CUST_000004,Corporate,Active,SGD,12298.38,2020-09-20 15:58:45.014843
ACC_000000006,CUST_000150,Savings,Active,EUR,14886.61,2022-03-10 15:58:45.014845
ACC_000000007,CUST_000137,Investment,Active,GBP,6780.27,2023-03-10 15:58:45.014847
ACC_000000008,CUST_000171,Corporate,Active,GBP,11680.26,2023-06-27 15:58:45.014849
ACC_000000009,CUST_000129,Investment,Active,USD,6445.63,2025-10-23 15:58:45.014852
ACC_000000010,CUST_000012,Current,Active,USD,1900.33,2022-12-19 15:58:45.014855
ACC_000000011,CUST_000167,Corporate,Active,EUR,23123.74,2024-09-10 15:58:45.014883
ACC_000000012,CUST_000129,Investment,Active,GBP,27581.54,2020-12-12 15:58:45.014888
ACC_000000013,CUST_000083,Investment,Active,GBP,24156.09,2021-05-02 15:58:45.014890
ACC_000000014,CUST_000064,Current,Active,USD,15566.94,2025-05-30 15:58:45.014892
ACC_000000015,CUST_000062,Investment,Active,GBP,11942.26,2023-07-14 15:58:45.014894
ACC_000000016,CUST_000100,Investment,Active,SGD,49755.32,2025-05-05 15:58:45.014896
ACC_000000017,CUST_000072,Current,Active,USD,18301.45,2021-08-06 15:58:45.014899
ACC_000000018,CUST_000016,Corporate,Active,EUR,16308.86,2023-06-27 15:58:45.014900
ACC_000000019,CUST_000008,Investment,Dormant,USD,649.41,2022-05-07 15:58:45.014902
ACC_000000020,CUST_000142,Investment,Active,GBP,10435.2,2023-02-11 15:58:45.014904
ACC_000000021,CUST_000151,Investment,Frozen,EUR,11958.78,2022-12-16 15:58:45.014906
ACC_000000022,CUST_000037,Savings,Active,USD,12721.64,2022-10-02 15:58:45.014908
ACC_000000023,CUST_000162,Current,Active,SGD,21697.78,2024-04-24 15:58:45.014910
ACC_000000024,CUST_000093,Savings,Active,SGD,19067.93,2020-10-06 15:58:45.014912
ACC_000000025,CUST_000094,Current,Active,USD,23406.28,2021-11-09 15:58:45.014914
ACC_000000026,CUST_000048,Corporate,Active,SGD,36191.83,2021-02-03 15:58:45.014916
ACC_000000027,CUST_000068,Corporate,Active,SGD,41914.26,2023-08-11 15:58:45.014918
ACC_000000028,CUST_000061,Investment,Frozen,SGD,31657.12,2022-08-28 15:58:45.014920
ACC_000000029,CUST_000187,Current,Active,EUR,77819.97,2021-07-09 15:58:45.014922
ACC_000000030,CUST_000177,Corporate,Active,SGD,460.02,2022-01-21 15:58:45.014924
ACC_000000031,CUST_000077,Current,Active,SGD,5447.0,2021-02-02 15:58:45.014926
ACC_000000032,CUST_000116,Corporate,Active,SGD,189.79,2023-04-06 15:58:45.014928
ACC_000000033,CUST_000119,Savings,Active,EUR,26065.82,2023-09-13 15:58:45.014941
ACC_000000034,CUST_000136,Corporate,Active,USD,57077.05,2021-06-07 15:58:45.014943
ACC_000000035,CUST_000161,Savings,Active,GBP,6975.73,2021-01-02 15:58:45.014946
ACC_000000036,CUST_000075,Corporate,Active,SGD,65444.23,2023-01-07 15:58:45.014948
ACC_000000037,CUST_000034,Investment,Active,USD,1554.0,2023-08-04 15:58:45.014950
ACC_000000038,CUST_000000,Savings,Active,SGD,68118.22,2021-01-22 15:58:45.014951
ACC_000000039,CUST_000039,Corporate,Active,EUR,10832.06,2025-03-14 15:58:45.014953
ACC_000000040,CUST_000063,Investment,Active,USD,2673.51,2021-12-02 15:58:45.014955
ACC_000000041,CUST_000149,Savings,Frozen,EUR,16632.06,2021-04-05 15:58:45.014957
ACC_000000042,CUST_000059,Investment,Active,SGD,7418.96,2023-06-06 15:58:45.014959
ACC_000000043,CUST_000063,Current,Active,SGD,8382.37,2023-07-27 15:58:45.014962
ACC_000000044,CUST_000092,Current,Active,EUR,9178.59,2024-08-21 15:58:45.014964
ACC_000000045,CUST_000071,Savings,Active,GBP,40617.08,2021-11-16 15:58:45.014965
ACC_000000046,CUST_000010,Corporate,Dormant,EUR,19367.68,2024-09-14 15:58:45.014967
ACC_000000047,CUST_000104,Savings,Active,SGD,9324.02,2021-05-19 15:58:45.014969
ACC_000000048,CUST_000013,Investment,Active,EUR,23561.62,2022-07-08 15:58:45.014971
ACC_000000049,CUST_000059,Corporate,Active,GBP,31482.79,2024-07-15 15:58:45.014973
ACC_000000050,CUST_000029,Current,Active,EUR,7957.79,2021-10-18 15:58:45.014975
ACC_000000051,CUST_000034,Corporate,Dormant,GBP,13341.66,2021-09-24 15:58:45.014977
ACC_000000052,CUST_000164,Current,Active,GBP,3249.47,2023-03-03 15:58:45.014979
ACC_000000053,CUST_000004,Corporate,Active,EUR,4996.34,2023-05-17 15:58:45.014981
ACC_000000054,CUST_000082,Corporate,Active,EUR,28573.34,2022-07-30 15:58:45.014983
ACC_000000055,CUST_000122,Corporate,Frozen,USD,5005.16,2024-10-01 15:58:45.014985
ACC_000000056,CUST_000077,Investment,Active,SGD,18619.61,2024-07-20 15:58:45.014987
ACC_000000057,CUST_000153,Investment,Dormant,GBP,30864.77,2023-08-17 15:58:45.014989
ACC_000000058,CUST_000061,Savings,Active,USD,2825.77,2025-08-28 15:58:45.014991
ACC_000000059,CUST_000131,Savings,Active,EUR,20943.47,2022-02-02 15:58:45.014993
ACC_000000060,CUST_000088,Current,Active,SGD,7411.77,2024-06-27 15:58:45.014995
ACC_000000061,CUST_000041,Investment,Active,USD,82371.57,2024-10-10 15:58:45.014997
ACC_000000062,CUST_000088,Current,Active,GBP,16519.21,2024-07-26 15:58:45.014999
ACC_000000063,CUST_000145,Savings,Active,USD,40996.47,2024-03-17 15:58:45.015001
ACC_000000064,CUST_000039,Current,Active,GBP,19975.28,2024-04-19 15:58:45.015002
ACC_000000065,CUST_000071,Savings,Active,EUR,1109.58,2021-01-31 15:58:45.015006
ACC_000000066,CUST_000038,Investment,Active,SGD,25070.15,2023-01-23 15:58:45.015009
ACC_000000067,CUST_000103,Corporate,Active,SGD,75605.01,2025-08-21 15:58:45.015011
ACC_000000068,CUST_000013,Investment,Dormant,SGD,23008.21,2025-04-25 15:58:45.015013
ACC_000000069,CUST_000031,Current,Active,EUR,42757.56,2025-03-31 15:58:45.015015
ACC_000000070,CUST_000178,Current,Dormant,GBP,53898.66,2024-10-17 15:58:45.015017
ACC_000000071,CUST_000124,Investment,Frozen,EUR,6471.85,2023-12-11 15:58:45.015019
ACC_000000072,CUST_000165,Investment,Active,SGD,5957.85,2022-03-14 15:58:45.015021
ACC_000000073,CUST_000096,Savings,Active,EUR,23603.18,2025-03-27 15:58:45.015023
ACC_000000074,CUST_000022,Current,Active,EUR,13234.44,2022-02-17 15:58:45.015025
ACC_000000075,CUST_000062,Current,Active,EUR,45792.87,2024-11-21 15:58:45.015027
ACC_000000076,CUST_000142,Investment,Active,GBP,57570.41,2025-09-24 15:58:45.015028
ACC_000000077,CUST_000152,Corporate,Active,USD,10901.51,2023-10-07 15:58:45.015033
ACC_000000078,CUST_000144,Current,Active,USD,6758.19,2023-10-22 15:58:45.015038
ACC_000000079,CUST_000193,Corporate,Active,EUR,37912.98,2024-03-27 15:58:45.015040
ACC_000000080,CUST_000052,Investment,Active,USD,8032.9,2023-01-18 15:58:45.015042
ACC_000000081,CUST_000103,Investment,Active,USD,43235.72,2023-06-24 15:58:45.015044
ACC_000000082,CUST_000103,Savings,Active,EUR,13779.83,2023-10-05 15:58:45.015046
ACC_000000083,CUST_000178,Current,Active,EUR,27531.64,2025-09-28 15:58:45.015048
ACC_000000084,CUST_000038,Corporate,Active,SGD,2510.3,2024-12-06 15:58:45.015050
ACC_000000085,CUST_000178,Savings,Active,USD,24444.8,2021-06-03 15:58:45.015052
ACC_000000086,CUST_000197,Current,Active,GBP,15026.4,2023-09-26 15:58:45.015054
ACC_000000087,CUST_000133,Savings,Active,EUR,22084.0,2023-11-28 15:58:45.015056
ACC_000000088,CUST_000066,Investment,Dormant,SGD,4598.5,2021-01-06 15:58:45.015058
ACC_000000089,CUST_000134,Current,Active,GBP,33378.03,2021-10-10 15:58:45.015061
ACC_000000090,CUST_000178,Savings,Active,USD,49657.36,2022-10-25 15:58:45.015063
ACC_000000091,CUST_000199,Savings,Active,SGD,6107.26,2020-10-14 15:58:45.015065
ACC_000000092,CUST_000041,Corporate,Active,EUR,2515.26,2022-03-11 15:58:45.015067
ACC_000000093,CUST_000191,Savings,Active,GBP,598.06,2025-12-24 15:58:45.015072
ACC_000000094,CUST_000014,Current,Active,EUR,25678.57,2021-04-15 15:58:45.015074
ACC_000000095,CUST_000110,Current,Active,USD,23354.62,2021-02-25 15:58:45.015077
ACC_000000096,CUST_000156,Corporate,Active,GBP,19779.89,2021-10-19 15:58:45.015078
ACC_000000097,CUST_000032,Current,Active,USD,6597.42,2022-11-11 15:58:45.015080
ACC_000000098,CUST_000154,Investment,Active,USD,12394.57,2023-12-16 15:58:45.015082
ACC_000000099,CUST_000163,Current,Active,SGD,22564.4,2023-06-02 15:58:45.015084
ACC_000000100,CUST_000156,Current,Active,EUR,17167.54,2026-01-21 15:58:45.015086
ACC_000000101,CUST_000037,Savings,Active,GBP,110128.33,2020-10-21 15:58:45.015088
ACC_000000102,CUST_000184,Savings,Active,USD,3667.29,2024-02-13 15:58:45.015090
ACC_000000103,CUST_000096,Current,Active,USD,29697.94,2024-06-01 15:58:45.015092
ACC_000000104,CUST_000154,Corporate,Active,GBP,12951.24,2021-11-12 15:58:45.015094
ACC_000000105,CUST_000182,Savings,Active,USD,13974.13,2023-11-27 15:58:45.015096
ACC_000000106,CUST_000032,Corporate,Active,SGD,31610.57,2021-04-22 15:58:45.015098
ACC_000000107,CUST_000195,Current,Active,SGD,29476.81,2021-02-02 15:58:45.015100
ACC_000000108,CUST_000085,Current,Active,SGD,118484.67,2020-09-29 15:58:45.015102
ACC_000000109,CUST_000065,Investment,Active,SGD,3435.45,2021-05-28 15:58:45.015104
ACC_000000110,CUST_000009,Savings,Active,USD,2748.43,2023-09-28 15:58:45.015107
ACC_000000111,CUST_000004,Current,Active,GBP,32214.57,2023-01-27 15:58:45.015109
ACC_000000112,CUST_000122,Investment,Active,GBP,21591.68,2021-11-25 15:58:45.015111
ACC_000000113,CUST_000073,Savings,Active,GBP,8010.66,2021-12-21 15:58:45.015113
ACC_000000114,CUST_000096,Current,Active,GBP,2068.77,2023-01-11 15:58:45.015115
ACC_000000115,CUST_000117,Current,Active,EUR,2238.77,2021-08-09 15:58:45.015117
ACC_000000116,CUST_000037,Savings,Active,GBP,56152.96,2022-09-16 15:58:45.015118
ACC_000000117,CUST_000140,Savings,Active,EUR,5325.73,2021-01-21 15:58:45.015120
ACC_000000118,CUST_000158,Savings,Active,EUR,9765.82,2024-11-08 15:58:45.015122
ACC_000000119,CUST_000046,Current,Active,SGD,6425.8,2023-05-10 15:58:45.015124
ACC_000000120,CUST_000108,Current,Active,EUR,10962.48,2024-11-10 15:58:45.015126
ACC_000000121,CUST_000179,Investment,Active,USD,1798.78,2024-07-24 15:58:45.015128
ACC_000000122,CUST_000183,Corporate,Active,EUR,18300.31,2023-08-25 15:58:45.015130
ACC_000000123,CUST_000014,Savings,Active,SGD,1750.17,2023-05-15 15:58:45.015132
ACC_000000124,CUST_000156,Current,Active,EUR,40280.55,2025-12-05 15:58:45.015133
ACC_000000125,CUST_000135,Current,Active,USD,6654.93,2023-11-29 15:58:45.015135
ACC_000000126,CUST_000004,Savings,Active,USD,19413.87,2024-03-16 15:58:45.015137
ACC_000000127,CUST_000156,Corporate,Active,USD,53023.07,2022-05-05 15:58:45.015139
ACC_000000128,CUST_000046,Savings,Active,SGD,26308.3,2022-04-14 15:58:45.015141
ACC_000000129,CUST_000067,Corporate,Active,SGD,19033.39,2021-08-13 15:58:45.015144
ACC_000000130,CUST_000075,Current,Active,GBP,9801.4,2023-10-28 15:58:45.015146
ACC_000000131,CUST_000172,Corporate,Active,SGD,10124.2,2022-01-11 15:58:45.015148
ACC_000000132,CUST_000129,Investment,Active,USD,27677.73,2025-03-01 15:58:45.015150
ACC_000000133,CUST_000154,Current,Active,USD,128487.42,2021-05-18 15:58:45.015152
ACC_000000134,CUST_000094,Investment,Active,SGD,27105.84,2023-06-21 15:58:45.015154
ACC_000000135,CUST_000114,Savings,Active,EUR,20398.89,2020-12-07 15:58:45.015156
ACC_000000136,CUST_000163,Savings,Active,SGD,32793.64,2025-05-17 15:58:45.015157
ACC_000000137,CUST_000035,Savings,Active,SGD,15646.82,2022-08-08 15:58:45.015159
ACC_000000138,CUST_000025,Corporate,Frozen,USD,1550.67,2023-02-05 15:58:45.015162
ACC_000000139,CUST_000042,Current,Active,GBP,20655.36,2025-12-09 15:58:45.015164
ACC_000000140,CUST_000026,Savings,Active,USD,79030.09,2021-01-02 15:58:45.015166
ACC_000000141,CUST_000068,Savings,Active,GBP,4818.48,2023-11-19 15:58:45.015168
ACC_000000142,CUST_000147,Current,Active,USD,29279.97,2022-10-09 15:58:45.015170
ACC_000000143,CUST_000010,Savings,Active,SGD,5607.78,2022-12-05 15:58:45.015171
ACC_000000144,CUST_000073,Investment,Active,USD,19187.49,2022-05-17 15:58:45.015173
ACC_000000145,CUST_000103,Current,Active,USD,2541.86,2025-12-09 15:58:45.015175
ACC_000000146,CUST_000037,Current,Active,USD,14962.79,2025-08-15 15:58:45.015177
ACC_000000147,CUST_000133,Current,Dormant,SGD,35281.42,2022-06-27 15:58:45.015179
ACC_000000148,CUST_000199,Investment,Active,SGD,10676.34,2023-09-09 15:58:45.015181
ACC_000000149,CUST_000022,Current,Active,SGD,27334.03,2025-05-01 15:58:45.015184
ACC_000000150,CUST_000046,Investment,Dormant,SGD,39673.57,2021-03-25 15:58:45.015186
ACC_000000151,CUST_000089,Current,Active,GBP,65493.37,2023-07-03 15:58:45.015188
ACC_000000152,CUST_000045,Corporate,Dormant,GBP,6685.29,2025-01-26 15:58:45.015190
ACC_000000153,CUST_000106,Savings,Active,EUR,12742.15,2025-10-23 15:58:45.015192
ACC_000000154,CUST_000139,Corporate,Active,SGD,4134.13,2024-08-19 15:58:45.015194
ACC_000000155,CUST_000140,Savings,Active,GBP,122266.37,2023-12-19 15:58:45.015196
ACC_000000156,CUST_000103,Investment,Active,USD,65432.73,2024-04-03 15:58:45.015198
ACC_000000157,CUST_000189,Corporate,Active,SGD,19410.89,2024-11-26 15:58:45.015199
ACC_000000158,CUST_000110,Current,Active,EUR,46134.27,2023-07-17 15:58:45.015201
ACC_000000159,CUST_000103,Savings,Active,EUR,18399.17,2024-04-04 15:58:45.015203
ACC_000000160,CUST_000059,Savings,Active,EUR,24426.62,2024-03-13 15:58:45.015205
ACC_000000161,CUST_000170,Corporate,Active,USD,2333.72,2021-10-28 15:58:45.015207
ACC_000000162,CUST_000099,Investment,Active,GBP,35190.04,2021-02-27 15:58:45.015209
ACC_000000163,CUST_000067,Corporate,Dormant,USD,3415.93,2023-12-19 15:58:45.015211
ACC_000000164,CUST_000132,Investment,Dormant,SGD,43727.22,2024-07-13 15:58:45.015212
ACC_000000165,CUST_000119,Investment,Active,EUR,38084.73,2021-11-15 15:58:45.015214
ACC_000000166,CUST_000036,Savings,Active,USD,30838.88,2020-10-03 15:58:45.015216
ACC_000000167,CUST_000071,Corporate,Active,USD,920.76,2021-06-05 15:58:45.015218
ACC_000000168,CUST_000126,Corporate,Active,GBP,9028.85,2023-09-23 15:58:45.015220
ACC_000000169,CUST_000105,Investment,Active,GBP,7633.0,2024-09-04 15:58:45.015222
ACC_000000170,CUST_000091,Corporate,Active,EUR,11162.51,2021-05-30 15:58:45.015224
ACC_000000171,CUST_000030,Current,Active,USD,2293.09,2025-08-19 15:58:45.015226
ACC_000000172,CUST_000121,Current,Active,USD,69098.78,2023-06-15 15:58:45.015228
ACC_000000173,CUST_000136,Corporate,Active,GBP,20174.83,2025-12-25 15:58:45.015231
ACC_000000174,CUST_000050,Corporate,Active,USD,9114.95,2021-11-21 15:58:45.015233
ACC_000000175,CUST_000028,Investment,Active,USD,12645.19,2023-01-25 15:58:45.015235
ACC_000000176,CUST_000039,Current,Frozen,USD,14819.09,2025-10-19 15:58:45.015237
ACC_000000177,CUST_000040,Current,Active,GBP,22944.44,2020-10-02 15:58:45.015239
ACC_000000178,CUST_000010,Savings,Active,EUR,18125.21,2024-02-17 15:58:45.015241
ACC_000000179,CUST_000150,Investment,Active,SGD,62953.93,2024-10-31 15:58:45.015243
ACC_000000180,CUST_000000,Savings,Active,EUR,17177.31,2022-06-12 15:58:45.015245
ACC_000000181,CUST_000045,Current,Active,SGD,121206.58,2025-09-15 15:58:45.015247
ACC_000000182,CUST_000100,Investment,Active,USD,47666.63,2021-09-17 15:58:45.015249
ACC_000000183,CUST_000148,Corporate,Active,EUR,5845.97,2020-09-21 15:58:45.015251
ACC_000000184,CUST_000089,Investment,Active,SGD,66694.99,2022-06-09 15:58:45.015252
ACC_000000185,CUST_000109,Corporate,Active,GBP,3092.82,2025-11-12 15:58:45.015254
ACC_000000186,CUST_000163,Corporate,Active,GBP,42518.24,2021-11-11 15:58:45.015256
ACC_000000187,CUST_000181,Investment,Dormant,EUR,11976.04,2025-12-01 15:58:45.015258
ACC_000000188,CUST_000056,Corporate,Active,EUR,52588.09,2020-10-07 15:58:45.015260
ACC_000000189,CUST_000000,Savings,Active,USD,50634.57,2024-09-14 15:58:45.015262
ACC_000000190,CUST_000062,Current,Dormant,EUR,40987.82,2024-12-21 15:58:45.015264
ACC_000000191,CUST_000181,Corporate,Active,USD,39019.82,2021-05-21 15:58:45.015266
ACC_000000192,CUST_000054,Savings,Active,USD,9084.55,2025-12-23 15:58:45.015268
ACC_000000193,CUST_000114,Corporate,Active,GBP,2109.53,2022-08-10 15:58:45.015270
ACC_000000194,CUST_000167,Current,Active,GBP,12895.12,2025-03-27 15:58:45.015272
ACC_000000195,CUST_000142,Savings,Frozen,SGD,4764.63,2024-10-02 15:58:45.015274
ACC_000000196,CUST_000148,Current,Active,GBP,29682.08,2025-05-20 15:58:45.015276
ACC_000000197,CUST_000174,Current,Active,GBP,10620.01,2023-06-09 15:58:45.015278
ACC_000000198,CUST_000052,Savings,Active,EUR,92839.76,2022-05-03 15:58:45.015280
ACC_000000199,CUST_000136,Savings,Active,GBP,25608.88,2025-06-13 15:58:45.015282
ACC_000000200,CUST_000179,Savings,Active,SGD,43216.88,2022-12-05 15:58:45.015283
ACC_000000201,CUST_000056,Investment,Active,EUR,3554.21,2020-10-10 15:58:45.015286
ACC_000000202,CUST_000116,Savings,Active,SGD,49515.16,2024-11-13 15:58:45.015320
ACC_000000203,CUST_000153,Savings,Active,GBP,64020.04,2023-06-26 15:58:45.015324
ACC_000000204,CUST_000168,Savings,Active,SGD,16690.0,2022-03-03 15:58:45.015326
ACC_000000205,CUST_000034,Savings,Dormant,EUR,23301.16,2024-08-27 15:58:45.015329
ACC_000000206,CUST_000062,Corporate,Active,USD,36184.02,2021-10-16 15:58:45.015331
ACC_000000207,CUST_000024,Investment,Active,SGD,4804.41,2024-01-09 15:58:45.015332
ACC_000000208,CUST_000089,Current,Active,SGD,17457.31,2025-02-24 15:58:45.015335
ACC_000000209,CUST_000074,Savings,Active,EUR,12715.0,2022-09-11 15:58:45.015336
ACC_000000210,CUST_000037,Corporate,Active,EUR,3956.55,2022-09-08 15:58:45.015338
ACC_000000211,CUST_000129,Corporate,Active,SGD,11453.24,2020-09-08 15:58:45.015340
ACC_000000212,CUST_000134,Corporate,Active,GBP,1765.18,2021-11-24 15:58:45.015342
ACC_000000213,CUST_000161,Current,Active,SGD,653.77,2022-01-23 15:58:45.015344
ACC_000000214,CUST_000090,Savings,Active,EUR,3630.45,2025-06-13 15:58:45.015346
ACC_000000215,CUST_000016,Investment,Dormant,USD,82498.83,2021-09-24 15:58:45.015348
ACC_000000216,CUST_000127,Investment,Active,USD,19936.57,2021-07-01 15:58:45.015350
ACC_000000217,CUST_000170,Corporate,Active,GBP,84404.45,2025-03-04 15:58:45.015352
ACC_000000218,CUST_000186,Current,Active,SGD,14162.77,2020-09-06 15:58:45.015353
ACC_000000219,CUST_000107,Current,Active,USD,9342.48,2024-05-06 15:58:45.015355
ACC_000000220,CUST_000178,Current,Active,SGD,17637.67,2025-06-26 15:58:45.015357
ACC_000000221,CUST_000181,Investment,Active,EUR,14473.67,2022-11-05 15:58:45.015359
ACC_000000222,CUST_000151,Corporate,Active,USD,2791.86,2025-12-12 15:58:45.015361
ACC_000000223,CUST_000024,Savings,Active,GBP,25598.73,2020-11-18 15:58:45.015363
ACC_000000224,CUST_000198,Investment,Active,EUR,6084.87,2024-05-05 15:58:45.015365
ACC_000000225,CUST_000179,Corporate,Active,GBP,24162.51,2022-11-11 15:58:45.015367
ACC_000000226,CUST_000197,Corporate,Active,EUR,26259.92,2022-04-17 15:58:45.015369
ACC_000000227,CUST_000087,Savings,Active,USD,4122.6,2020-12-31 15:58:45.015371
ACC_000000228,CUST_000160,Savings,Active,GBP,1582.81,2020-09-19 15:58:45.015373
ACC_000000229,CUST_000176,Savings,Active,GBP,37939.89,2023-12-27 15:58:45.015375
ACC_000000230,CUST_000028,Current,Active,EUR,15395.42,2023-11-13 15:58:45.015376
ACC_000000231,CUST_000062,Savings,Active,GBP,1498.1,2020-10-23 15:58:45.015378
ACC_000000232,CUST_000149,Corporate,Active,EUR,131798.3,2022-01-30 15:58:45.015380
ACC_000000233,CUST_000153,Savings,Active,EUR,1487.93,2024-12-23 15:58:45.015384
ACC_000000234,CUST_000155,Corporate,Active,EUR,29688.98,2025-08-31 15:58:45.015386
ACC_000000235,CUST_000113,Investment,Active,EUR,102882.45,2022-10-09 15:58:45.015389
ACC_000000236,CUST_000048,Current,Active,USD,6833.97,2022-03-21 15:58:45.015391
ACC_000000237,CUST_000198,Investment,Active,EUR,3836.05,2021-06-07 15:58:45.015392
ACC_000000238,CUST_000080,Investment,Active,SGD,3235.21,2022-07-29 15:58:45.015394
ACC_000000239,CUST_000083,Corporate,Active,GBP,9034.12,2024-09-23 15:58:45.015396
ACC_000000240,CUST_000104,Investment,Active,SGD,2663.08,2025-07-09 15:58:45.015398
ACC_000000241,CUST_000176,Corporate,Active,USD,29454.49,2022-03-08 15:58:45.015400
ACC_000000242,CUST_000147,Savings,Active,SGD,1607.91,2021-10-04 15:58:45.015402
ACC_000000243,CUST_000117,Savings,Active,GBP,17804.28,2024-05-26 15:58:45.015404
ACC_000000244,CUST_000085,Corporate,Frozen,SGD,142822.0,2021-04-28 15:58:45.015406
ACC_000000245,CUST_000062,Savings,Active,USD,42046.22,2022-04-03 15:58:45.015408
ACC_000000246,CUST_000188,Current,Active,EUR,23877.05,2022-09-22 15:58:45.015410
ACC_000000247,CUST_000103,Investment,Active,SGD,9141.22,2021-07-29 15:58:45.015413
ACC_000000248,CUST_000048,Current,Active,USD,24447.23,2025-05-31 15:58:45.015416
ACC_000000249,CUST_000070,Investment,Active,USD,18718.69,2021-08-17 15:58:45.015418
ACC_000000250,CUST_000000,Savings,Active,GBP,13881.78,2022-12-01 15:58:45.015420
ACC_000000251,CUST_000140,Current,Active,GBP,3501.97,2021-09-14 15:58:45.015422
ACC_000000252,CUST_000178,Savings,Active,SGD,54421.78,2025-11-10 15:58:45.015424
ACC_000000253,CUST_000122,Investment,Active,EUR,14936.14,2024-02-22 15:58:45.015427
ACC_000000254,CUST_000183,Corporate,Active,USD,5411.1,2023-02-07 15:58:45.015431
ACC_000000255,CUST_000061,Corporate,Active,SGD,11462.13,2023-09-09 15:58:45.015433
ACC_000000256,CUST_000031,Current,Active,USD,13366.42,2022-05-20 15:58:45.015442
ACC_000000257,CUST_000157,Savings,Active,USD,43939.44,2024-01-06 15:58:45.015444
ACC_000000258,CUST_000028,Savings,Active,EUR,33070.26,2025-09-14 15:58:45.015446
ACC_000000259,CUST_000048,Current,Active,EUR,36666.46,2023-04-03 15:58:45.015448
ACC_000000260,CUST_000172,Corporate,Active,SGD,277.31,2022-06-17 15:58:45.015450
ACC_000000261,CUST_000029,Investment,Active,EUR,13452.95,2024-03-06 15:58:45.015452
ACC_000000262,CUST_000143,Current,Active,EUR,16412.87,2026-01-08 15:58:45.015454
ACC_000000263,CUST_000167,Investment,Active,SGD,484.47,2021-04-30 15:58:45.015456
ACC_000000264,CUST_000018,Corporate,Active,EUR,7521.32,2023-09-26 15:58:45.015458
ACC_000000265,CUST_000017,Savings,Active,GBP,35708.12,2021-06-24 15:58:45.015460
ACC_000000266,CUST_000000,Corporate,Active,USD,3686.69,2023-05-06 15:58:45.015462
ACC_000000267,CUST_000077,Current,Active,USD,19159.63,2025-07-01 15:58:45.015464
ACC_000000268,CUST_000114,Savings,Dormant,USD,6058.22,2023-08-30 15:58:45.015466
ACC_000000269,CUST_000174,Current,Active,USD,304.87,2020-09-14 15:58:45.015470
ACC_000000270,CUST_000193,Current,Active,SGD,6900.47,2024-01-23 15:58:45.015473
ACC_000000271,CUST_000112,Corporate,Active,USD,93111.38,2022-07-12 15:58:45.015475
ACC_000000272,CUST_000113,Current,Active,USD,40428.83,2021-02-03 15:58:45.015477
ACC_000000273,CUST_000165,Corporate,Active,USD,80208.69,2021-06-11 15:58:45.015479
ACC_000000274,CUST_000178,Savings,Active,USD,16728.64,2023-07-07 15:58:45.015481
ACC_000000275,CUST_000062,Corporate,Active,GBP,2905.94,2022-02-15 15:58:45.015483
ACC_000000276,CUST_000131,Savings,Active,USD,19849.59,2025-03-26 15:58:45.015485
ACC_000000277,CUST_000128,Corporate,Active,GBP,15145.69,2023-08-26 15:58:45.015487
ACC_000000278,CUST_000007,Investment,Active,SGD,46504.77,2025-02-07 15:58:45.015489
ACC_000000279,CUST_000156,Investment,Active,EUR,2580.81,2021-12-23 15:58:45.015491
ACC_000000280,CUST_000054,Current,Active,USD,16747.54,2023-03-02 15:58:45.015493
ACC_000000281,CUST_000102,Corporate,Active,EUR,4064.4,2020-09-04 15:58:45.015495
ACC_000000282,CUST_000130,Corporate,Active,EUR,9814.06,2022-06-11 15:58:45.015497
ACC_000000283,CUST_000031,Savings,Active,SGD,33424.0,2024-07-29 15:58:45.015499
ACC_000000284,CUST_000009,Current,Active,EUR,16157.45,2022-08-21 15:58:45.015501
ACC_000000285,CUST_000109,Corporate,Active,GBP,11785.65,2021-07-23 15:58:45.015551
ACC_000000286,CUST_000161,Current,Active,EUR,12541.54,2020-12-07 15:58:45.015557
ACC_000000287,CUST_000123,Investment,Active,EUR,15379.05,2023-01-27 15:58:45.015560
ACC_000000288,CUST_000086,Corporate,Active,EUR,38429.86,2021-09-30 15:58:45.015562
ACC_000000289,CUST_000054,Corporate,Active,USD,55660.21,2023-05-19 15:58:45.015564
ACC_000000290,CUST_000031,Current,Active,USD,77713.95,2023-06-26 15:58:45.015566
ACC_000000291,CUST_000177,Corporate,Dormant,GBP,38650.24,2023-08-25 15:58:45.015569
ACC_000000292,CUST_000134,Current,Active,GBP,9473.27,2021-06-17 15:58:45.015571
ACC_000000293,CUST_000092,Corporate,Active,USD,29129.6,2021-12-28 15:58:45.015573
ACC_000000294,CUST_000007,Savings,Active,GBP,14388.69,2022-10-08 15:58:45.015575
ACC_000000295,CUST_000064,Current,Active,USD,7348.23,2024-08-02 15:58:45.015577
ACC_000000296,CUST_000056,Corporate,Active,SGD,45951.09,2024-04-13 15:58:45.015579
ACC_000000297,CUST_000066,Investment,Active,EUR,979.6,2021-04-25 15:58:45.015581
ACC_000000298,CUST_000186,Corporate,Active,EUR,58009.05,2024-09-18 15:58:45.015583
ACC_000000299,CUST_000071,Investment,Active,GBP,15473.15,2021-06-07 15:58:45.015585
