case_id,party_id,case_type,status,priority,opened_date,investigator
CASE_000000,CUST_000122,STR,In Progress,P2,2025-08-28 15:58:45.086727,Inv_Lead
CASE_000001,CUST_000095,STR,Closed - No Action,P3,2025-11-04 15:58:45.086741,Inv_Junior
CASE_000002,CUST_000197,Regulatory Filing,Closed - Filed,P2,2025-12-18 15:58:45.086745,Inv_Lead
CASE_000003,CUST_000012,Regulatory,In Progress,P3,2025-09-18 15:58:45.086747,Inv_Junior
CASE_000004,CUST_000000,Regulatory,In Progress,P2,2025-11-15 15:58:45.086749,Inv_Junior
CASE_000005,CUST_000149,STR,Closed - No Action,P3,2025-10-31 15:58:45.086750,Inv_Senior
CASE_000006,CUST_000116,Regulatory,In Progress,P3,2025-08-20 15:58:45.086752,Inv_Junior
CASE_000007,CUST_000151,Internal Review,In Progress,P2,2026-01-16 15:58:45.086753,Inv_Junior
CASE_000008,CUST_000063,Regulatory,Closed - Filed,P3,2025-12-17 15:58:45.086754,Inv_Junior
CASE_000009,CUST_000168,STR,Closed - Filed,P3,2025-09-02 15:58:45.086756,Inv_Junior
