kyc_id,party_id,verification_status,risk_score,last_review,next_review,doc_type,reviewer
KYC_000000,CUST_000000,Verified,0.59,2025-03-20 15:58:45.088613,2026-11-28 15:58:45.089012,Utility Bill,KYC_Team_2
KYC_000001,CUST_000001,Verified,0.39,2025-06-25 15:58:45.088630,2026-07-16 15:58:45.089015,Driving License,KYC_Team_2
KYC_000002,CUST_000002,Verified,0.801,2025-11-25 15:58:45.088635,2026-05-23 15:58:45.089017,Driving License,KYC_Team_2
KYC_000003,CUST_000003,Verified,0.525,2025-02-22 15:58:45.088638,2026-05-14 15:58:45.089020,Driving License,Auto_Verified
KYC_000004,CUST_000004,Verified,0.242,2025-11-08 15:58:45.088642,2026-03-26 15:58:45.089021,National ID,KYC_Team_1
KYC_000005,CUST_000005,Verified,0.207,2026-02-12 15:58:45.088646,2026-06-04 15:58:45.089023,Utility Bill,KYC_Team_2
KYC_000006,CUST_000006,Verified,0.397,2025-05-30 15:58:45.088649,2026-04-27 15:58:45.089025,Passport,Auto_Verified
KYC_000007,CUST_000007,Verified,0.86,2025-12-19 15:58:45.088652,2026-12-31 15:58:45.089027,National ID,KYC_Team_1
KYC_000008,CUST_000008,Pending Review,0.061,2025-06-04 15:58:45.088655,2026-06-17 15:58:45.089029,Utility Bill,KYC_Team_1
KYC_000009,CUST_000009,Verified,0.219,2025-12-01 15:58:45.088657,2026-06-22 15:58:45.089031,Utility Bill,KYC_Team_2
KYC_000010,CUST_000010,Verified,0.893,2026-01-07 15:58:45.088659,2026-10-28 15:58:45.089033,National ID,Auto_Verified
KYC_000011,CUST_000011,Verified,0.122,2025-02-22 15:58:45.088661,2026-12-18 15:58:45.089035,Driving License,KYC_Team_2
KYC_000012,CUST_000012,Verified,0.63,2025-09-09 15:58:45.088663,2026-09-21 15:58:45.089037,Utility Bill,KYC_Team_2
KYC_000013,CUST_000013,Verified,0.214,2025-10-12 15:58:45.088665,2026-12-24 15:58:45.089039,Passport,Auto_Verified
KYC_000014,CUST_000014,Pending Review,0.606,2025-07-20 15:58:45.088667,2026-07-26 15:58:45.089041,National ID,KYC_Team_2
KYC_000015,CUST_000015,Verified,0.383,2025-09-10 15:58:45.088669,2026-11-13 15:58:45.089042,Utility Bill,Auto_Verified
KYC_000016,CUST_000016,Expired,0.102,2025-10-28 15:58:45.088670,2026-04-17 15:58:45.089044,Passport,Auto_Verified
KYC_000017,CUST_000017,Verified,0.582,2025-05-11 15:58:45.088672,2026-06-16 15:58:45.089046,Passport,KYC_Team_2
KYC_000018,CUST_000018,Verified,0.683,2025-03-23 15:58:45.088674,2027-01-06 15:58:45.089048,Passport,KYC_Team_2
KYC_000019,CUST_000019,Pending Review,0.68,2025-12-25 15:58:45.088676,2026-10-11 15:58:45.089050,Passport,KYC_Team_1
KYC_000020,CUST_000020,Pending Review,0.637,2025-11-07 15:58:45.088677,2026-05-12 15:58:45.089051,National ID,KYC_Team_1
KYC_000021,CUST_000021,Verified,0.5,2026-01-31 15:58:45.088679,2026-12-25 15:58:45.089053,Passport,Auto_Verified
KYC_000022,CUST_000022,Expired,0.519,2026-02-04 15:58:45.088681,2026-04-03 15:58:45.089055,National ID,Auto_Verified
KYC_000023,CUST_000023,Verified,0.636,2026-01-28 15:58:45.088683,2026-07-10 15:58:45.089057,Passport,Auto_Verified
KYC_000024,CUST_000024,Pending Review,0.69,2025-09-14 15:58:45.088684,2026-06-25 15:58:45.089058,Passport,KYC_Team_1
KYC_000025,CUST_000025,Verified,0.655,2025-12-13 15:58:45.088686,2026-05-28 15:58:45.089060,National ID,KYC_Team_2
KYC_000026,CUST_000026,Pending Review,0.587,2025-10-29 15:58:45.088688,2026-08-14 15:58:45.089062,Driving License,KYC_Team_2
KYC_000027,CUST_000027,Verified,0.156,2025-11-09 15:58:45.088689,2026-05-21 15:58:45.089064,Utility Bill,KYC_Team_1
KYC_000028,CUST_000028,Verified,0.211,2025-03-01 15:58:45.088691,2026-09-30 15:58:45.089066,Utility Bill,KYC_Team_2
KYC_000029,CUST_000029,Verified,0.26,2026-01-07 15:58:45.088693,2026-03-19 15:58:45.089068,National ID,KYC_Team_2
KYC_000030,CUST_000030,Verified,0.92,2026-01-09 15:58:45.088695,2026-09-20 15:58:45.089070,Passport,KYC_Team_2
KYC_000031,CUST_000031,Verified,0.759,2025-10-06 15:58:45.088697,2026-04-13 15:58:45.089072,National ID,KYC_Team_1
KYC_000032,CUST_000032,Verified,0.553,2025-06-26 15:58:45.088699,2026-11-30 15:58:45.089074,Passport,Auto_Verified
KYC_000033,CUST_000033,Verified,0.252,2025-12-14 15:58:45.088700,2026-03-20 15:58:45.089076,National ID,KYC_Team_2
KYC_000034,CUST_000034,Expired,0.111,2025-07-11 15:58:45.088702,2026-05-10 15:58:45.089078,Utility Bill,KYC_Team_2
KYC_000035,CUST_000035,Verified,0.899,2025-08-13 15:58:45.088704,2026-12-07 15:58:45.089080,National ID,Auto_Verified
KYC_000036,CUST_000036,Pending Review,0.893,2025-03-11 15:58:45.088706,2026-07-28 15:58:45.089082,Utility Bill,KYC_Team_2
KYC_000037,CUST_000037,Verified,0.111,2025-07-21 15:58:45.088708,2027-01-07 15:58:45.089084,Utility Bill,KYC_Team_2
KYC_000038,CUST_000038,Verified,0.797,2026-02-07 15:58:45.088709,2026-12-10 15:58:45.089086,Utility Bill,Auto_Verified
KYC_000039,CUST_000039,Verified,0.447,2025-02-20 15:58:45.088711,2026-03-18 15:58:45.089088,National ID,KYC_Team_1
KYC_000040,CUST_000040,Verified,0.324,2025-04-13 15:58:45.088713,2026-08-16 15:58:45.089090,Driving License,KYC_Team_1
KYC_000041,CUST_000041,Verified,0.739,2025-09-12 15:58:45.088714,2026-05-23 15:58:45.089093,National ID,KYC_Team_2
KYC_000042,CUST_000042,Verified,0.614,2025-08-21 15:58:45.088716,2026-08-24 15:58:45.089095,National ID,KYC_Team_2
KYC_000043,CUST_000043,Verified,0.78,2025-07-29 15:58:45.088718,2026-07-16 15:58:45.089096,Driving License,Auto_Verified
KYC_000044,CUST_000044,Verified,0.074,2025-08-05 15:58:45.088719,2026-11-14 15:58:45.089098,Driving License,Auto_Verified
KYC_000045,CUST_000045,Verified,0.319,2025-10-29 15:58:45.088721,2026-07-01 15:58:45.089100,Utility Bill,KYC_Team_2
KYC_000046,CUST_000046,Pending Review,0.319,2025-09-10 15:58:45.088723,2026-06-18 15:58:45.089102,Passport,KYC_Team_2
KYC_000047,CUST_000047,Pending Review,0.33,2025-07-08 15:58:45.088724,2026-11-12 15:58:45.089104,Passport,KYC_Team_1
KYC_000048,CUST_000048,Pending Review,0.502,2025-04-01 15:58:45.088726,2026-11-13 15:58:45.089106,Utility Bill,KYC_Team_1
KYC_000049,CUST_000049,Failed,0.283,2025-04-17 15:58:45.088727,2026-11-14 15:58:45.089108,National ID,KYC_Team_1
KYC_000050,CUST_000050,Verified,0.444,2025-06-13 15:58:45.088729,2026-07-01 15:58:45.089110,Passport,KYC_Team_1
KYC_000051,CUST_000051,Verified,0.368,2025-03-24 15:58:45.088731,2026-05-03 15:58:45.089112,National ID,Auto_Verified
KYC_000052,CUST_000052,Expired,0.735,2025-04-04 15:58:45.088733,2026-06-10 15:58:45.089114,Driving License,KYC_Team_1
KYC_000053,CUST_000053,Verified,0.604,2025-04-15 15:58:45.088735,2026-09-28 15:58:45.089116,Driving License,KYC_Team_1
KYC_000054,CUST_000054,Pending Review,0.654,2026-01-22 15:58:45.088736,2026-12-22 15:58:45.089118,Utility Bill,KYC_Team_2
KYC_000055,CUST_000055,Verified,0.211,2025-03-02 15:58:45.088738,2027-02-01 15:58:45.089121,National ID,KYC_Team_1
KYC_000056,CUST_000056,Verified,0.326,2025-06-06 15:58:45.088740,2027-01-29 15:58:45.089123,Utility Bill,KYC_Team_2
KYC_000057,CUST_000057,Verified,0.021,2026-01-27 15:58:45.088742,2026-12-16 15:58:45.089125,Passport,KYC_Team_2
KYC_000058,CUST_000058,Failed,0.108,2025-06-02 15:58:45.088744,2026-04-19 15:58:45.089127,Passport,KYC_Team_1
KYC_000059,CUST_000059,Pending Review,0.265,2025-09-02 15:58:45.088746,2026-05-27 15:58:45.089129,Passport,KYC_Team_1
KYC_000060,CUST_000060,Expired,0.065,2025-08-17 15:58:45.088747,2026-05-18 15:58:45.089131,National ID,KYC_Team_2
KYC_000061,CUST_000061,Verified,0.603,2026-01-28 15:58:45.088749,2026-11-30 15:58:45.089133,Utility Bill,Auto_Verified
KYC_000062,CUST_000062,Verified,0.998,2025-10-05 15:58:45.088751,2026-05-27 15:58:45.089135,Utility Bill,KYC_Team_2
KYC_000063,CUST_000063,Verified,0.101,2025-02-19 15:58:45.088752,2026-04-17 15:58:45.089137,Passport,Auto_Verified
KYC_000064,CUST_000064,Expired,0.821,2025-06-15 15:58:45.088754,2026-11-13 15:58:45.089139,Utility Bill,Auto_Verified
KYC_000065,CUST_000065,Verified,0.119,2025-07-31 15:58:45.088757,2026-12-01 15:58:45.089142,Driving License,KYC_Team_1
KYC_000066,CUST_000066,Verified,0.67,2025-05-13 15:58:45.088759,2026-04-20 15:58:45.089145,Driving License,KYC_Team_1
KYC_000067,CUST_000067,Verified,0.643,2025-12-24 15:58:45.088761,2026-12-28 15:58:45.089147,Driving License,KYC_Team_1
KYC_000068,CUST_000068,Verified,0.903,2025-07-11 15:58:45.088763,2026-06-06 15:58:45.089149,Driving License,KYC_Team_1
KYC_000069,CUST_000069,Verified,0.114,2025-02-25 15:58:45.088765,2026-07-18 15:58:45.089151,Utility Bill,KYC_Team_2
KYC_000070,CUST_000070,Verified,0.315,2025-04-18 15:58:45.088766,2027-01-28 15:58:45.089153,Driving License,Auto_Verified
KYC_000071,CUST_000071,Verified,0.091,2025-04-01 15:58:45.088768,2026-10-11 15:58:45.089154,Driving License,KYC_Team_2
KYC_000072,CUST_000072,Expired,0.407,2025-08-17 15:58:45.088770,2027-01-28 15:58:45.089156,Driving License,Auto_Verified
KYC_000073,CUST_000073,Verified,0.912,2025-02-27 15:58:45.088772,2026-09-15 15:58:45.089158,Driving License,KYC_Team_2
KYC_000074,CUST_000074,Verified,0.782,2025-06-06 15:58:45.088774,2026-07-07 15:58:45.089160,Driving License,Auto_Verified
KYC_000075,CUST_000075,Verified,0.723,2026-01-30 15:58:45.088775,2026-07-26 15:58:45.089162,National ID,KYC_Team_1
KYC_000076,CUST_000076,Failed,0.533,2025-08-02 15:58:45.088777,2026-10-08 15:58:45.089164,National ID,Auto_Verified
KYC_000077,CUST_000077,Verified,0.883,2026-01-24 15:58:45.088780,2026-04-13 15:58:45.089166,Driving License,KYC_Team_1
KYC_000078,CUST_000078,Verified,0.449,2025-06-08 15:58:45.088783,2026-10-21 15:58:45.089169,Driving License,Auto_Verified
KYC_000079,CUST_000079,Verified,0.15,2025-12-30 15:58:45.088785,2026-04-04 15:58:45.089171,Utility Bill,KYC_Team_2
KYC_000080,CUST_000080,Verified,0.838,2025-06-14 15:58:45.088787,2026-08-25 15:58:45.089173,Driving License,Auto_Verified
KYC_000081,CUST_000081,Failed,0.28,2025-10-06 15:58:45.088788,2026-10-02 15:58:45.089175,Passport,KYC_Team_2
KYC_000082,CUST_000082,Expired,0.054,2025-05-10 15:58:45.088790,2026-03-28 15:58:45.089177,National ID,KYC_Team_2
KYC_000083,CUST_000083,Verified,0.126,2025-12-27 15:58:45.088792,2026-06-20 15:58:45.089179,Driving License,KYC_Team_1
KYC_000084,CUST_000084,Verified,0.609,2026-01-01 15:58:45.088793,2026-09-21 15:58:45.089180,National ID,Auto_Verified
KYC_000085,CUST_000085,Verified,0.607,2025-10-10 15:58:45.088795,2026-09-30 15:58:45.089183,Driving License,KYC_Team_2
KYC_000086,CUST_000086,Verified,0.26,2025-03-26 15:58:45.088797,2026-10-30 15:58:45.089184,Passport,Auto_Verified
KYC_000087,CUST_000087,Pending Review,0.727,2025-12-26 15:58:45.088799,2027-01-18 15:58:45.089186,Driving License,KYC_Team_1
KYC_000088,CUST_000088,Verified,0.774,2025-06-25 15:58:45.088801,2026-07-07 15:58:45.089188,National ID,KYC_Team_1
KYC_000089,CUST_000089,Verified,0.921,2025-08-02 15:58:45.088802,2026-05-18 15:58:45.089190,National ID,Auto_Verified
KYC_000090,CUST_000090,Expired,0.585,2025-08-24 15:58:45.088804,2026-11-14 15:58:45.089192,National ID,KYC_Team_2
KYC_000091,CUST_000091,Verified,0.779,2025-10-12 15:58:45.088805,2027-01-22 15:58:45.089194,Utility Bill,KYC_Team_2
KYC_000092,CUST_000092,Verified,0.753,2025-04-09 15:58:45.088807,2026-11-29 15:58:45.089196,National ID,KYC_Team_2
KYC_000093,CUST_000093,Verified,0.258,2025-06-17 15:58:45.088810,2026-10-08 15:58:45.089199,Driving License,Auto_Verified
KYC_000094,CUST_000094,Verified,0.31,2026-01-26 15:58:45.088812,2027-02-07 15:58:45.089201,Passport,KYC_Team_2
KYC_000095,CUST_000095,Pending Review,0.478,2025-08-31 15:58:45.088814,2027-02-02 15:58:45.089203,Passport,KYC_Team_2
KYC_000096,CUST_000096,Verified,0.019,2025-09-07 15:58:45.088815,2026-06-02 15:58:45.089205,Driving License,KYC_Team_2
KYC_000097,CUST_000097,Verified,0.297,2025-05-06 15:58:45.088817,2026-07-15 15:58:45.089207,Utility Bill,KYC_Team_1
KYC_000098,CUST_000098,Verified,0.474,2025-02-17 15:58:45.088819,2027-01-14 15:58:45.089209,Driving License,KYC_Team_2
KYC_000099,CUST_000099,Verified,0.108,2025-06-26 15:58:45.088821,2026-12-05 15:58:45.089211,National ID,Auto_Verified
KYC_000100,CUST_000100,Expired,0.126,2025-10-25 15:58:45.088822,2026-08-08 15:58:45.089213,Utility Bill,Auto_Verified
KYC_000101,CUST_000101,Verified,0.463,2025-04-04 15:58:45.088824,2026-11-23 15:58:45.089216,Driving License,KYC_Team_2
KYC_000102,CUST_000102,Expired,0.731,2025-07-17 15:58:45.088826,2026-04-21 15:58:45.089218,Utility Bill,Auto_Verified
KYC_000103,CUST_000103,Expired,0.834,2025-12-26 15:58:45.088827,2026-10-21 15:58:45.089220,Passport,Auto_Verified
KYC_000104,CUST_000104,Expired,0.546,2026-02-07 15:58:45.088829,2027-01-15 15:58:45.089222,Driving License,KYC_Team_2
KYC_000105,CUST_000105,Expired,0.475,2025-02-27 15:58:45.088830,2026-03-29 15:58:45.089224,Driving License,KYC_Team_1
KYC_000106,CUST_000106,Verified,0.384,2025-12-09 15:58:45.088832,2026-10-13 15:58:45.089226,Passport,KYC_Team_2
KYC_000107,CUST_000107,Expired,0.193,2025-04-15 15:58:45.088834,2026-04-16 15:58:45.089227,Utility Bill,Auto_Verified
KYC_000108,CUST_000108,Verified,0.147,2025-03-04 15:58:45.088836,2026-12-26 15:58:45.089229,Passport,Auto_Verified
KYC_000109,CUST_000109,Verified,0.792,2026-01-29 15:58:45.088838,2026-04-26 15:58:45.089232,Utility Bill,KYC_Team_2
KYC_000110,CUST_000110,Verified,0.465,2025-05-29 15:58:45.088841,2026-05-27 15:58:45.089234,Driving License,Auto_Verified
KYC_000111,CUST_000111,Verified,0.79,2025-06-30 15:58:45.088843,2027-02-05 15:58:45.089236,Utility Bill,KYC_Team_1
KYC_000112,CUST_000112,Verified,0.704,2026-01-08 15:58:45.088844,2026-04-03 15:58:45.089238,Utility Bill,KYC_Team_2
KYC_000113,CUST_000113,Verified,0.194,2025-05-31 15:58:45.088846,2026-09-19 15:58:45.089240,National ID,Auto_Verified
KYC_000114,CUST_000114,Verified,0.51,2025-11-12 15:58:45.088848,2026-08-03 15:58:45.089241,National ID,KYC_Team_1
KYC_000115,CUST_000115,Verified,0.444,2025-06-20 15:58:45.088850,2026-10-01 15:58:45.089243,National ID,Auto_Verified
KYC_000116,CUST_000116,Verified,0.424,2025-09-25 15:58:45.088852,2026-08-04 15:58:45.089245,Passport,KYC_Team_1
KYC_000117,CUST_000117,Pending Review,0.543,2025-02-21 15:58:45.088853,2026-11-06 15:58:45.089247,Passport,Auto_Verified
KYC_000118,CUST_000118,Verified,0.982,2025-04-29 15:58:45.088855,2027-02-09 15:58:45.089248,National ID,KYC_Team_2
KYC_000119,CUST_000119,Verified,0.813,2025-07-29 15:58:45.088857,2026-09-04 15:58:45.089250,Driving License,Auto_Verified
KYC_000120,CUST_000120,Verified,0.904,2025-05-14 15:58:45.088859,2026-08-16 15:58:45.089253,Driving License,KYC_Team_2
KYC_000121,CUST_000121,Verified,0.03,2025-03-15 15:58:45.088862,2026-12-13 15:58:45.089254,Driving License,KYC_Team_1
KYC_000122,CUST_000122,Verified,0.14,2026-01-19 15:58:45.088863,2027-01-17 15:58:45.089256,Passport,KYC_Team_1
KYC_000123,CUST_000123,Verified,0.085,2025-10-06 15:58:45.088865,2026-08-28 15:58:45.089258,Utility Bill,Auto_Verified
KYC_000124,CUST_000124,Verified,0.263,2025-04-19 15:58:45.088867,2026-08-18 15:58:45.089260,Passport,KYC_Team_2
KYC_000125,CUST_000125,Verified,0.442,2025-12-14 15:58:45.088869,2026-11-09 15:58:45.089261,National ID,KYC_Team_2
KYC_000126,CUST_000126,Verified,0.642,2025-02-20 15:58:45.088871,2026-11-30 15:58:45.089263,Utility Bill,KYC_Team_1
KYC_000127,CUST_000127,Failed,0.501,2025-05-24 15:58:45.088873,2026-11-18 15:58:45.089265,Driving License,KYC_Team_1
KYC_000128,CUST_000128,Verified,0.903,2025-06-06 15:58:45.088874,2026-09-27 15:58:45.089267,Passport,Auto_Verified
KYC_000129,CUST_000129,Pending Review,0.94,2025-11-15 15:58:45.088877,2027-01-09 15:58:45.089269,Passport,KYC_Team_1
KYC_000130,CUST_000130,Pending Review,0.164,2025-06-26 15:58:45.088879,2026-12-25 15:58:45.089272,National ID,KYC_Team_1
KYC_000131,CUST_000131,Verified,0.853,2025-09-15 15:58:45.088881,2027-01-17 15:58:45.089274,Driving License,KYC_Team_2
KYC_000132,CUST_000132,Failed,0.482,2025-11-21 15:58:45.088883,2027-01-14 15:58:45.089276,Passport,KYC_Team_2
KYC_000133,CUST_000133,Pending Review,0.453,2026-01-23 15:58:45.088885,2027-01-01 15:58:45.089278,Passport,KYC_Team_2
KYC_000134,CUST_000134,Verified,0.785,2025-09-17 15:58:45.088887,2026-05-23 15:58:45.089280,Utility Bill,KYC_Team_1
KYC_000135,CUST_000135,Verified,0.093,2025-04-11 15:58:45.088888,2026-11-09 15:58:45.089282,Passport,Auto_Verified
KYC_000136,CUST_000136,Verified,0.882,2025-08-27 15:58:45.088890,2026-09-02 15:58:45.089283,Utility Bill,Auto_Verified
KYC_000137,CUST_000137,Verified,0.671,2025-07-09 15:58:45.088892,2026-04-29 15:58:45.089285,Passport,KYC_Team_1
KYC_000138,CUST_000138,Verified,0.875,2025-12-18 15:58:45.088894,2026-11-19 15:58:45.089287,Driving License,Auto_Verified
KYC_000139,CUST_000139,Pending Review,0.994,2025-02-26 15:58:45.088895,2026-09-05 15:58:45.089289,National ID,KYC_Team_1
KYC_000140,CUST_000140,Expired,0.518,2025-11-25 15:58:45.088897,2026-12-11 15:58:45.089290,Driving License,Auto_Verified
KYC_000141,CUST_000141,Verified,0.093,2026-01-04 15:58:45.088899,2026-12-03 15:58:45.089292,National ID,KYC_Team_1
KYC_000142,CUST_000142,Pending Review,0.167,2025-11-03 15:58:45.088901,2027-01-23 15:58:45.089294,Passport,KYC_Team_2
KYC_000143,CUST_000143,Pending Review,0.324,2025-06-11 15:58:45.088903,2027-01-31 15:58:45.089296,Driving License,Auto_Verified
KYC_000144,CUST_000144,Verified,0.104,2025-06-09 15:58:45.088904,2026-04-15 15:58:45.089298,Utility Bill,KYC_Team_2
KYC_000145,CUST_000145,Verified,0.815,2025-10-08 15:58:45.088906,2026-07-20 15:58:45.089299,National ID,KYC_Team_2
KYC_000146,CUST_000146,Verified,0.297,2026-02-10 15:58:45.088908,2027-01-30 15:58:45.089301,National ID,Auto_Verified
KYC_000147,CUST_000147,Pending Review,0.976,2025-07-29 15:58:45.088910,2026-07-29 15:58:45.089303,Passport,KYC_Team_1
KYC_000148,CUST_000148,Pending Review,0.703,2025-03-15 15:58:45.088911,2026-07-30 15:58:45.089304,National ID,KYC_Team_2
KYC_000149,CUST_000149,Verified,0.173,2025-11-14 15:58:45.088915,2026-08-08 15:58:45.089307,National ID,KYC_Team_2
KYC_000150,CUST_000150,Verified,0.476,2025-08-04 15:58:45.088917,2027-01-12 15:58:45.089310,National ID,KYC_Team_1
KYC_000151,CUST_000151,Pending Review,0.467,2026-01-21 15:58:45.088919,2026-12-01 15:58:45.089312,Passport,KYC_Team_1
KYC_000152,CUST_000152,Pending Review,0.493,2025-09-11 15:58:45.088921,2026-07-08 15:58:45.089314,Driving License,Auto_Verified
KYC_000153,CUST_000153,Verified,0.536,2025-11-11 15:58:45.088923,2026-08-21 15:58:45.089315,Passport,Auto_Verified
KYC_000154,CUST_000154,Verified,0.031,2025-10-21 15:58:45.088924,2026-08-26 15:58:45.089317,Utility Bill,KYC_Team_1
KYC_000155,CUST_000155,Expired,0.686,2025-08-22 15:58:45.088926,2026-07-14 15:58:45.089319,National ID,KYC_Team_2
KYC_000156,CUST_000156,Verified,0.487,2025-02-28 15:58:45.088928,2026-12-28 15:58:45.089321,National ID,KYC_Team_1
KYC_000157,CUST_000157,Verified,0.791,2025-04-20 15:58:45.088930,2026-06-19 15:58:45.089323,Driving License,Auto_Verified
KYC_000158,CUST_000158,Pending Review,0.815,2025-06-05 15:58:45.088932,2026-09-08 15:58:45.089325,National ID,KYC_Team_2
KYC_000159,CUST_000159,Verified,0.231,2025-10-18 15:58:45.088934,2026-08-17 15:58:45.089326,Driving License,KYC_Team_2
KYC_000160,CUST_000160,Expired,0.048,2025-02-12 15:58:45.088936,2026-06-20 15:58:45.089328,National ID,Auto_Verified
KYC_000161,CUST_000161,Verified,0.703,2025-06-30 15:58:45.088938,2026-09-01 15:58:45.089330,National ID,KYC_Team_2
KYC_000162,CUST_000162,Verified,0.978,2025-02-19 15:58:45.088940,2026-12-04 15:58:45.089331,Passport,KYC_Team_1
KYC_000163,CUST_000163,Verified,0.447,2025-12-15 15:58:45.088942,2026-10-10 15:58:45.089333,Passport,Auto_Verified
KYC_000164,CUST_000164,Verified,0.26,2025-12-23 15:58:45.088944,2026-08-03 15:58:45.089335,Utility Bill,KYC_Team_2
KYC_000165,CUST_000165,Verified,0.157,2025-11-20 15:58:45.088946,2026-07-27 15:58:45.089336,Driving License,Auto_Verified
KYC_000166,CUST_000166,Verified,0.287,2025-12-03 15:58:45.088948,2027-01-14 15:58:45.089338,Utility Bill,KYC_Team_2
KYC_000167,CUST_000167,Verified,0.328,2025-12-07 15:58:45.088949,2026-10-17 15:58:45.089340,Passport,KYC_Team_1
KYC_000168,CUST_000168,Expired,0.424,2025-04-09 15:58:45.088951,2026-06-18 15:58:45.089341,Driving License,Auto_Verified
KYC_000169,CUST_000169,Verified,0.655,2025-04-30 15:58:45.088953,2027-01-21 15:58:45.089343,Passport,KYC_Team_2
KYC_000170,CUST_000170,Verified,0.273,2026-01-31 15:58:45.088955,2026-05-24 15:58:45.089345,Driving License,KYC_Team_1
KYC_000171,CUST_000171,Verified,0.051,2025-07-03 15:58:45.088957,2026-08-12 15:58:45.089347,National ID,KYC_Team_1
KYC_000172,CUST_000172,Verified,0.373,2025-06-03 15:58:45.088959,2026-06-19 15:58:45.089349,Utility Bill,KYC_Team_1
KYC_000173,CUST_000173,Verified,0.856,2025-08-09 15:58:45.088962,2026-09-15 15:58:45.089352,Utility Bill,KYC_Team_2
KYC_000174,CUST_000174,Verified,0.498,2025-02-20 15:58:45.088965,2026-12-16 15:58:45.089354,Driving License,KYC_Team_2
KYC_000175,CUST_000175,Expired,0.965,2025-07-07 15:58:45.088967,2026-12-22 15:58:45.089356,Utility Bill,KYC_Team_1
KYC_000176,CUST_000176,Verified,0.504,2026-02-02 15:58:45.088969,2026-08-25 15:58:45.089358,Passport,KYC_Team_1
KYC_000177,CUST_000177,Verified,0.276,2025-02-15 15:58:45.088970,2026-06-26 15:58:45.089360,Utility Bill,KYC_Team_1
KYC_000178,CUST_000178,Verified,0.193,2025-05-20 15:58:45.088972,2026-11-05 15:58:45.089361,Driving License,KYC_Team_1
KYC_000179,CUST_000179,Verified,0.695,2025-02-22 15:58:45.088974,2027-01-05 15:58:45.089363,Utility Bill,KYC_Team_1
KYC_000180,CUST_000180,Verified,0.536,2025-08-08 15:58:45.088977,2026-12-05 15:58:45.089365,Utility Bill,KYC_Team_2
KYC_000181,CUST_000181,Pending Review,0.604,2025-03-24 15:58:45.088978,2026-06-10 15:58:45.089366,Passport,Auto_Verified
KYC_000182,CUST_000182,Verified,0.755,2025-05-10 15:58:45.088980,2026-05-13 15:58:45.089368,National ID,Auto_Verified
KYC_000183,CUST_000183,Verified,0.726,2025-12-20 15:58:45.088982,2026-08-10 15:58:45.089370,Passport,Auto_Verified
KYC_000184,CUST_000184,Verified,0.043,2025-07-13 15:58:45.088984,2027-02-03 15:58:45.089372,Utility Bill,KYC_Team_2
KYC_000185,CUST_000185,Failed,0.803,2025-06-15 15:58:45.088986,2026-07-18 15:58:45.089373,Utility Bill,Auto_Verified
KYC_000186,CUST_000186,Verified,0.533,2026-01-26 15:58:45.088987,2026-06-27 15:58:45.089375,National ID,Auto_Verified
KYC_000187,CUST_000187,Verified,0.392,2025-09-23 15:58:45.088989,2027-01-14 15:58:45.089377,National ID,Auto_Verified
KYC_000188,CUST_000188,Verified,0.538,2025-07-04 15:58:45.088990,2027-02-01 15:58:45.089379,Passport,Auto_Verified
KYC_000189,CUST_000189,Pending Review,0.612,2025-05-03 15:58:45.088992,2026-09-02 15:58:45.089380,National ID,KYC_Team_1
KYC_000190,CUST_000190,Verified,0.15,2025-02-18 15:58:45.088994,2026-06-15 15:58:45.089382,Passport,KYC_Team_2
KYC_000191,CUST_000191,Verified,0.417,2025-07-11 15:58:45.088996,2027-02-08 15:58:45.089384,Driving License,Auto_Verified
KYC_000192,CUST_000192,Pending Review,0.336,2026-01-09 15:58:45.088997,2026-11-23 15:58:45.089386,Utility Bill,KYC_Team_1
KYC_000193,CUST_000193,Verified,0.35,2026-01-10 15:58:45.088999,2026-09-21 15:58:45.089388,National ID,Auto_Verified
KYC_000194,CUST_000194,Verified,0.091,2025-12-30 15:58:45.089001,2026-07-17 15:58:45.089389,Driving License,Auto_Verified
KYC_000195,CUST_000195,Verified,0.16,2025-10-01 15:58:45.089002,2026-09-30 15:58:45.089391,Driving License,Auto_Verified
KYC_000196,CUST_000196,Pending Review,0.162,2025-03-09 15:58:45.089004,2026-11-16 15:58:45.089393,Passport,Auto_Verified
KYC_000197,CUST_000197,Verified,0.373,2025-08-13 15:58:45.089006,2026-07-30 15:58:45.089395,Passport,Auto_Verified
KYC_000198,CUST_000198,Verified,0.894,2025-06-14 15:58:45.089007,2026-12-29 15:58:45.089396,National ID,KYC_Team_1
KYC_000199,CUST_000199,Failed,0.206,2025-07-22 15:58:45.089009,2026-11-04 15:58:45.089398,Passport,Auto_Verified
