party_id,customer_name,party_type,risk_rating,country_of_origin,kyc_status,onboarding_date
CUST_000000,Sarah Johnson,Individual,Medium,US,Verified,2017-09-08 15:58:45.009710
CUST_000001,Laura Thomas,Trust,Low,DE,Verified,2024-05-10 15:58:45.009728
CUST_000002,Joseph Rodriguez,Corporate,Low,US,Verified,2023-06-09 15:58:45.009733
CUST_000003,Michael Nguyen,Individual,Medium,US,Pending,2016-05-24 15:58:45.009737
CUST_000004,Linda Ali,Individual,Medium,DE,Verified,2024-04-08 15:58:45.009740
CUST_000005,Emma Williams,Individual,Low,KY,Verified,2017-02-13 15:58:45.009743
CUST_000006,Mary Garcia,Individual,Low,IN,Expired,2016-12-31 15:58:45.009746
CUST_000007,Amanda Anderson,Corporate,Medium,US,Pending,2024-02-08 15:58:45.009748
CUST_000008,Raj Abbas,Individual,Low,DE,Expired,2016-03-16 15:58:45.009750
CUST_000009,Mary Singh,Corporate,Low,VG,Verified,2021-06-20 15:58:45.009753
CUST_000010,Richard Nguyen,Individual,Low,SG,Verified,2025-10-24 15:58:45.009755
CUST_000011,Joshua Anderson,Trust,Medium,SG,Verified,2024-01-30 15:58:45.009758
CUST_000012,Anthony Ali,Corporate,Medium,US,Expired,2017-10-31 15:58:45.009760
CUST_000013,Laura Smith,Individual,Low,KY,Pending,2022-05-14 15:58:45.009762
CUST_000014,William Ramirez,Individual,Medium,KY,Verified,2017-04-26 15:58:45.009765
CUST_000015,Hannah Moore,Individual,Low,VG,Verified,2021-06-22 15:58:45.009767
CUST_000016,Jessica Wilson,Individual,Low,US,Verified,2017-02-04 15:58:45.009769
CUST_000017,Hannah Miller,Individual,Medium,SG,Pending,2018-07-31 15:58:45.009771
CUST_000018,Linda Harris,Individual,Medium,KY,Expired,2016-05-26 15:58:45.009773
CUST_000019,Michael Thompson,Individual,Medium,US,Verified,2017-11-06 15:58:45.009775
CUST_000020,Matthew Abbas,Individual,Medium,JP,Verified,2016-12-31 15:58:45.009777
CUST_000021,Thomas Williams,Individual,Low,KY,Verified,2023-04-23 15:58:45.009779
CUST_000022,Grace Nguyen,Individual,Low,DE,Expired,2023-02-06 15:58:45.009780
CUST_000023,Sarah Harris,Individual,Low,JP,Pending,2024-04-21 15:58:45.009782
CUST_000024,Linda Singh,Individual,Low,IN,Pending,2017-04-05 15:58:45.009784
CUST_000025,Christopher Tanaka,Corporate,Low,KY,Verified,2018-03-24 15:58:45.009786
CUST_000026,Olivia Kumar,Individual,High,SG,Verified,2024-11-17 15:58:45.009788
CUST_000027,Richard Jones,Individual,Low,UK,Verified,2021-10-20 15:58:45.009790
CUST_000028,Robert Anderson,Individual,Medium,JP,Verified,2016-04-23 15:58:45.009792
CUST_000029,Christopher Garcia,Individual,Medium,IN,Pending,2025-08-28 15:58:45.009794
CUST_000030,Joseph Miller,Individual,Medium,VG,Pending,2016-06-18 15:58:45.009796
CUST_000031,Andrew Moore,Individual,Low,VG,Expired,2020-10-24 15:58:45.009798
CUST_000032,Grace White,Individual,Low,SG,Expired,2023-08-06 15:58:45.009800
CUST_000033,William White,Trust,Low,KY,Verified,2023-11-08 15:58:45.009802
CUST_000034,Matthew Wilson,Trust,Low,US,Pending,2016-12-07 15:58:45.009804
CUST_000035,Laura Jones,Corporate,Medium,KY,Expired,2020-12-05 15:58:45.009807
CUST_000036,Carlos Hernandez,Individual,Low,SG,Pending,2022-03-03 15:58:45.009809
CUST_000037,Wei Thomas,Individual,Low,VG,Verified,2022-09-01 15:58:45.009811
CUST_000038,William Robinson,Individual,Medium,KY,Verified,2016-11-21 15:58:45.009812
CUST_000039,Andrew Moore,Individual,Low,VG,Verified,2017-03-04 15:58:45.009814
CUST_000040,Mei Anderson,Individual,High,JP,Expired,2016-04-27 15:58:45.009816
CUST_000041,Daniel Brown,Individual,High,IN,Verified,2023-07-16 15:58:45.009818
CUST_000042,Joseph Williams,Individual,High,US,Verified,2023-08-04 15:58:45.009820
CUST_000043,Daniel Sanchez,Trust,Low,JP,Verified,2025-10-29 15:58:45.009822
CUST_000044,Laura Jones,Individual,Low,VG,Verified,2018-09-09 15:58:45.009824
CUST_000045,Amanda Kumar,Individual,High,VG,Verified,2023-12-04 15:58:45.009826
CUST_000046,Daniel Wilson,Individual,Low,UK,Verified,2021-08-15 15:58:45.009828
CUST_000047,Chloe Sanchez,Individual,High,UK,Verified,2022-05-30 15:58:45.009830
CUST_000048,Grace Martinez,Individual,High,JP,Verified,2022-12-19 15:58:45.009832
CUST_000049,Thomas Rodriguez,Individual,Medium,DE,Pending,2016-05-25 15:58:45.009834
CUST_000050,Rachel Singh,Trust,Low,JP,Verified,2025-04-24 15:58:45.009836
CUST_000051,Wei Taylor,Corporate,Low,UK,Pending,2017-06-02 15:58:45.009838
CUST_000052,Fatima Ramirez,Trust,Medium,VG,Verified,2022-12-17 15:58:45.009840
CUST_000053,Fatima Sanchez,Corporate,Low,SG,Verified,2022-02-25 15:58:45.009842
CUST_000054,Olivia Anderson,Individual,Low,JP,Pending,2018-11-24 15:58:45.009844
CUST_000055,David Wang,Trust,Low,VG,Verified,2020-05-18 15:58:45.009846
CUST_000056,Chloe Garcia,Individual,High,SG,Verified,2021-08-10 15:58:45.009848
CUST_000057,Jennifer Davis,Individual,Medium,SG,Verified,2018-06-21 15:58:45.009850
CUST_000058,Jessica Hernandez,Individual,Low,UK,Pending,2016-08-18 15:58:45.009852
CUST_000059,Emma Abbas,Individual,Low,JP,Verified,2020-01-29 15:58:45.009854
CUST_000060,John Harris,Individual,Medium,KY,Verified,2022-05-18 15:58:45.009856
CUST_000061,Andrew Abbas,Individual,High,US,Verified,2025-10-12 15:58:45.009858
CUST_000062,Grace Kim,Corporate,Low,UK,Verified,2024-10-18 15:58:45.009860
CUST_000063,Thomas Singh,Individual,Low,UK,Verified,2016-04-03 15:58:45.009862
CUST_000064,James Davis,Individual,Medium,KY,Verified,2023-03-01 15:58:45.009864
CUST_000065,Wei Moore,Individual,Medium,US,Verified,2024-02-02 15:58:45.009867
CUST_000066,Hannah Davis,Individual,Medium,VG,Verified,2019-07-31 15:58:45.009870
CUST_000067,Christopher Ramirez,Corporate,Medium,DE,Verified,2023-02-11 15:58:45.009872
CUST_000068,William Robinson,Individual,Low,JP,Expired,2025-08-30 15:58:45.009874
CUST_000069,James Taylor,Trust,Low,DE,Verified,2024-11-15 15:58:45.009876
CUST_000070,Raj Lopez,Corporate,Medium,VG,Verified,2019-05-27 15:58:45.009878
CUST_000071,Raj Miller,Individual,Medium,IN,Pending,2021-03-21 15:58:45.009880
CUST_000072,Megan Wang,Individual,Medium,UK,Verified,2022-03-20 15:58:45.009882
CUST_000073,Carlos Gonzalez,Corporate,High,US,Verified,2017-12-02 15:58:45.009884
CUST_000074,Jessica White,Corporate,Low,UK,Pending,2017-04-09 15:58:45.009886
CUST_000075,William Nguyen,Corporate,Low,SG,Expired,2022-07-29 15:58:45.009888
CUST_000076,Priya Smith,Corporate,Medium,UK,Verified,2021-03-13 15:58:45.009890
CUST_000077,Carlos Lee,Individual,Medium,UK,Expired,2019-04-17 15:58:45.009893
CUST_000078,Chloe Johnson,Individual,Medium,VG,Verified,2020-05-10 15:58:45.009896
CUST_000079,Sarah White,Individual,Medium,VG,Verified,2024-10-17 15:58:45.009898
CUST_000080,Megan Thomas,Corporate,Medium,VG,Verified,2021-10-09 15:58:45.009900
CUST_000081,Jennifer Thomas,Individual,Low,DE,Expired,2019-08-17 15:58:45.009902
CUST_000082,Ahmed Garcia,Individual,Low,SG,Verified,2023-12-17 15:58:45.009904
CUST_000083,Linda Chen,Individual,Low,IN,Verified,2023-03-27 15:58:45.009906
CUST_000084,John Nguyen,Individual,Low,IN,Verified,2025-08-05 15:58:45.009908
CUST_000085,David Rodriguez,Individual,Low,VG,Verified,2018-02-21 15:58:45.009910
CUST_000086,Kevin Singh,Corporate,Low,US,Verified,2021-03-14 15:58:45.009912
CUST_000087,William Taylor,Individual,Low,DE,Verified,2026-01-27 15:58:45.009914
CUST_000088,Priya Abbas,Corporate,Low,KY,Verified,2020-04-05 15:58:45.009917
CUST_000089,Emma Wilson,Individual,Low,US,Verified,2017-01-17 15:58:45.009918
CUST_000090,Wei Gonzalez,Individual,Low,JP,Verified,2020-01-20 15:58:45.009921
CUST_000091,Megan Sanchez,Corporate,Low,JP,Verified,2018-05-22 15:58:45.009923
CUST_000092,Olivia Lewis,Corporate,Medium,US,Verified,2018-01-09 15:58:45.009924
CUST_000093,Priya Lewis,Individual,Low,VG,Verified,2017-10-08 15:58:45.009927
CUST_000094,Sarah Thomas,Corporate,Low,KY,Pending,2017-10-29 15:58:45.009930
CUST_000095,Joseph Jones,Individual,Low,KY,Verified,2018-07-28 15:58:45.009933
CUST_000096,Hannah Johnson,Individual,Medium,DE,Verified,2023-11-18 15:58:45.009935
CUST_000097,Fatima Singh,Individual,Low,KY,Verified,2022-01-03 15:58:45.009937
CUST_000098,Joseph Ali,Individual,Medium,JP,Verified,2021-04-03 15:58:45.009939
CUST_000099,Joseph Smith,Individual,Low,SG,Verified,2025-04-22 15:58:45.009941
CUST_000100,John Brown,Individual,Low,VG,Verified,2018-08-23 15:58:45.009943
CUST_000101,Joseph Jones,Individual,Low,KY,Verified,2022-05-22 15:58:45.009945
CUST_000102,Robert Perez,Individual,Low,DE,Verified,2019-02-07 15:58:45.009947
CUST_000103,John Wang,Individual,Medium,JP,Verified,2022-07-28 15:58:45.009949
CUST_000104,Rachel Moore,Trust,Medium,SG,Verified,2018-08-26 15:58:45.009951
CUST_000105,Chloe Wilson,Individual,High,UK,Verified,2016-07-31 15:58:45.009953
CUST_000106,Wei Rodriguez,Individual,Low,UK,Verified,2024-09-10 15:58:45.009955
CUST_000107,Ahmed Kumar,Corporate,Low,SG,Verified,2018-01-07 15:58:45.009957
CUST_000108,Kevin Thomas,Individual,Medium,JP,Verified,2022-09-21 15:58:45.009958
CUST_000109,Kevin Clark,Individual,Low,DE,Verified,2020-05-27 15:58:45.009961
CUST_000110,Richard Miller,Individual,Low,SG,Verified,2022-08-16 15:58:45.009964
CUST_000111,Michael Ramirez,Individual,Low,VG,Pending,2018-08-12 15:58:45.009966
CUST_000112,Matthew Ramirez,Trust,Low,VG,Verified,2021-07-06 15:58:45.009968
CUST_000113,Joshua Robinson,Corporate,High,UK,Verified,2022-06-07 15:58:45.009970
CUST_000114,Jennifer Miller,Individual,Medium,KY,Pending,2021-07-30 15:58:45.009972
CUST_000115,Jennifer Sanchez,Corporate,Medium,DE,Expired,2018-04-10 15:58:45.009974
CUST_000116,Hannah Miller,Corporate,Low,UK,Verified,2022-10-10 15:58:45.009976
CUST_000117,Rachel Gonzalez,Individual,Low,KY,Verified,2019-11-16 15:58:45.009977
CUST_000118,Richard Nguyen,Corporate,Low,KY,Pending,2024-08-30 15:58:45.009979
CUST_000119,Anthony Rodriguez,Individual,Low,IN,Verified,2023-12-10 15:58:45.009981
CUST_000120,Emma Lopez,Corporate,Low,VG,Verified,2021-05-17 15:58:45.009983
CUST_000121,Laura Robinson,Corporate,Medium,JP,Verified,2018-08-20 15:58:45.009985
CUST_000122,Rachel Jones,Individual,Medium,US,Verified,2021-11-03 15:58:45.009987
CUST_000123,Anthony Singh,Individual,Low,JP,Verified,2018-06-30 15:58:45.009989
CUST_000124,Michael Brown,Individual,High,US,Verified,2017-09-13 15:58:45.009991
CUST_000125,Wei Smith,Individual,Medium,SG,Verified,2024-02-21 15:58:45.009993
CUST_000126,Linda Thomas,Corporate,Low,VG,Verified,2019-03-10 15:58:45.009995
CUST_000127,William Clark,Corporate,Medium,KY,Verified,2019-09-16 15:58:45.009997
CUST_000128,Chloe Patel,Individual,Low,DE,Verified,2022-09-19 15:58:45.009999
CUST_000129,Amanda Sanchez,Individual,Low,US,Verified,2021-07-15 15:58:45.010002
CUST_000130,Jennifer Hernandez,Individual,Low,JP,Verified,2019-12-12 15:58:45.010004
CUST_000131,Andrew Smith,Individual,Medium,KY,Pending,2016-09-28 15:58:45.010006
CUST_000132,Andrew Taylor,Individual,Low,US,Verified,2026-02-01 15:58:45.010008
CUST_000133,Grace Jackson,Individual,Low,US,Verified,2022-09-07 15:58:45.010010
CUST_000134,Emma Singh,Trust,Low,IN,Verified,2022-11-15 15:58:45.010012
CUST_000135,Chloe Martinez,Individual,Low,US,Verified,2023-09-26 15:58:45.010014
CUST_000136,Richard Jackson,Individual,Medium,DE,Verified,2021-04-09 15:58:45.010016
CUST_000137,Amanda Brown,Corporate,Medium,VG,Verified,2017-04-12 15:58:45.010018
CUST_000138,Fatima Nguyen,Individual,Low,DE,Verified,2019-08-03 15:58:45.010020
CUST_000139,Jennifer Lee,Trust,Low,UK,Verified,2019-04-16 15:58:45.010022
CUST_000140,Jennifer Brown,Trust,Low,KY,Verified,2018-10-01 15:58:45.010024
CUST_000141,Fatima Patel,Individual,Low,VG,Verified,2022-06-24 15:58:45.010026
CUST_000142,Raj Kim,Individual,Low,IN,Verified,2020-11-16 15:58:45.010027
CUST_000143,William Brown,Individual,Low,VG,Verified,2021-02-19 15:58:45.010029
CUST_000144,Raj Garcia,Individual,Low,VG,Verified,2021-02-17 15:58:45.010031
CUST_000145,Emily Jones,Individual,Medium,JP,Pending,2018-07-07 15:58:45.010033
CUST_000146,Carlos Jones,Individual,Medium,VG,Verified,2023-09-11 15:58:45.010035
CUST_000147,Rachel Sanchez,Individual,Low,IN,Verified,2020-05-11 15:58:45.010037
CUST_000148,Sarah Kumar,Individual,Low,DE,Pending,2020-10-13 15:58:45.010039
CUST_000149,Rachel Ali,Individual,Medium,VG,Verified,2017-03-10 15:58:45.010042
CUST_000150,Carlos Williams,Trust,Low,SG,Verified,2017-03-01 15:58:45.010045
CUST_000151,Maria Garcia,Individual,Medium,KY,Verified,2017-11-02 15:58:45.010047
CUST_000152,Joshua Ali,Individual,Medium,VG,Verified,2024-03-09 15:58:45.010049
CUST_000153,Ahmed Kim,Individual,Low,KY,Verified,2018-09-14 15:58:45.010051
CUST_000154,Daniel Taylor,Trust,Low,SG,Verified,2025-02-20 15:58:45.010053
CUST_000155,Amanda Lee,Individual,Medium,SG,Verified,2022-11-28 15:58:45.010055
CUST_000156,Rachel Taylor,Individual,Low,KY,Verified,2020-04-23 15:58:45.010057
CUST_000157,Sophia Rodriguez,Corporate,Low,US,Verified,2018-08-24 15:58:45.010059
CUST_000158,Megan Robinson,Individual,High,UK,Verified,2018-12-29 15:58:45.010061
CUST_000159,Daniel Jones,Corporate,Low,JP,Verified,2019-02-23 15:58:45.010063
CUST_000160,James Robinson,Individual,Low,US,Verified,2022-05-02 15:58:45.010065
CUST_000161,Maria Kumar,Individual,Medium,US,Expired,2025-01-16 15:58:45.010067
CUST_000162,Michael Jones,Individual,Low,DE,Verified,2016-11-29 15:58:45.010069
CUST_000163,Wei Wilson,Individual,Low,JP,Verified,2017-09-01 15:58:45.010071
CUST_000164,Raj Taylor,Individual,High,JP,Verified,2023-06-16 15:58:45.010074
CUST_000165,David Thompson,Corporate,Low,US,Verified,2018-07-19 15:58:45.010076
CUST_000166,John Thomas,Individual,High,VG,Verified,2022-08-11 15:58:45.010077
CUST_000167,Olivia Jackson,Individual,High,DE,Verified,2023-07-28 15:58:45.010079
CUST_000168,William Lewis,Individual,Low,DE,Verified,2017-01-17 15:58:45.010082
CUST_000169,Wei Martin,Individual,Low,SG,Verified,2023-11-10 15:58:45.010083
CUST_000170,Maria Kim,Individual,Low,IN,Verified,2024-06-09 15:58:45.010085
CUST_000171,James Singh,Individual,Low,JP,Pending,2025-10-25 15:58:45.010087
CUST_000172,Megan Miller,Individual,Low,US,Verified,2025-07-28 15:58:45.010089
CUST_000173,David Taylor,Individual,Medium,SG,Verified,2023-05-07 15:58:45.010092
CUST_000174,Sarah Miller,Individual,Low,KY,Verified,2020-10-05 15:58:45.010095
CUST_000175,Mei Martinez,Individual,Low,UK,Expired,2019-03-28 15:58:45.010097
CUST_000176,Laura Jackson,Individual,Medium,IN,Verified,2016-07-24 15:58:45.010099
CUST_000177,Carlos Wilson,Individual,Low,IN,Verified,2017-06-22 15:58:45.010101
CUST_000178,Hannah Wilson,Trust,Medium,IN,Expired,2025-04-10 15:58:45.010103
CUST_000179,Thomas Wang,Individual,Low,DE,Pending,2020-12-25 15:58:45.010105
CUST_000180,Chloe Taylor,Individual,Low,KY,Pending,2021-06-11 15:58:45.010107
CUST_000181,Jennifer Garcia,Individual,Medium,IN,Verified,2016-02-26 15:58:45.010109
CUST_000182,Emma Moore,Trust,Medium,KY,Verified,2019-01-11 15:58:45.010111
CUST_000183,Robert Smith,Corporate,Medium,VG,Verified,2019-08-21 15:58:45.010113
CUST_000184,Hannah Rodriguez,Individual,Medium,IN,Expired,2023-11-29 15:58:45.010115
CUST_000185,Thomas Hernandez,Individual,Medium,UK,Verified,2018-01-13 15:58:45.010117
CUST_000186,Anthony Singh,Corporate,Low,KY,Verified,2018-04-13 15:58:45.010119
CUST_000187,Emma Singh,Individual,Low,KY,Verified,2021-10-14 15:58:45.010121
CUST_000188,James Davis,Individual,Medium,UK,Pending,2020-07-19 15:58:45.010123
CUST_000189,John Martinez,Individual,Medium,IN,Verified,2021-08-11 15:58:45.010125
CUST_000190,Wei Williams,Individual,High,UK,Verified,2023-05-10 15:58:45.010127
CUST_000191,Olivia Ali,Corporate,Low,KY,Verified,2024-06-08 15:58:45.010129
CUST_000192,Mei Martinez,Trust,Low,UK,Verified,2018-09-25 15:58:45.010131
CUST_000193,Emma Rodriguez,Individual,Medium,KY,Verified,2018-05-19 15:58:45.010133
CUST_000194,Robert Martin,Individual,Low,KY,Verified,2026-01-11 15:58:45.010135
CUST_000195,Olivia Williams,Individual,High,VG,Verified,2017-09-02 15:58:45.010137
CUST_000196,Matthew Wilson,Corporate,Medium,US,Verified,2016-06-10 15:58:45.010139
CUST_000197,Rachel Miller,Corporate,Low,KY,Verified,2017-06-15 15:58:45.010141
CUST_000198,Matthew Singh,Corporate,Medium,IN,Verified,2016-02-29 15:58:45.010143
CUST_000199,Joshua Tanaka,Corporate,Medium,SG,Verified,2024-11-23 15:58:45.010145
