from_party_id,to_party_id,relationship_type,percentage
CUST_000009,CUST_000028,Director,61.41
CUST_000064,CUST_000188,Shareholder,19.25
CUST_000021,CUST_000171,Director,47.55
CUST_000051,CUST_000114,Signatory,68.07
CUST_000110,CUST_000196,Director,56.98
CUST_000183,CUST_000154,Signatory,92.29
CUST_000160,CUST_000139,Shareholder,4.93
CUST_000079,CUST_000144,Director,28.7
CUST_000157,CUST_000036,Signatory,6.65
CUST_000151,CUST_000033,Signatory,20.27
CUST_000132,CUST_000163,Signatory,13.27
CUST_000052,CUST_000133,Guarantor,73.53
CUST_000182,CUST_000095,Signatory,37.57
CUST_000022,CUST_000159,Shareholder,92.58
CUST_000105,CUST_000072,Shareholder,3.31
CUST_000090,CUST_000121,Shareholder,65.64
CUST_000118,CUST_000149,Signatory,97.08
CUST_000137,CUST_000009,Shareholder,18.41
CUST_000119,CUST_000028,Signatory,44.8
CUST_000160,CUST_000138,Signatory,70.49
CUST_000092,CUST_000091,Signatory,63.68
CUST_000061,CUST_000193,Guarantor,57.04
CUST_000081,CUST_000055,Director,33.35
CUST_000154,CUST_000084,Shareholder,73.09
CUST_000006,CUST_000094,Guarantor,65.67
CUST_000099,CUST_000057,Shareholder,17.12
CUST_000154,CUST_000051,Guarantor,96.44
CUST_000073,CUST_000060,Director,56.01
CUST_000137,CUST_000016,Director,53.02
CUST_000056,CUST_000029,Director,84.98
CUST_000029,CUST_000071,Director,64.4
CUST_000002,CUST_000036,Signatory,8.37
CUST_000156,CUST_000132,Shareholder,51.15
CUST_000013,CUST_000153,Shareholder,78.28
CUST_000076,CUST_000197,Shareholder,70.3
CUST_000082,CUST_000079,Signatory,97.11
CUST_000152,CUST_000128,Shareholder,3.47
CUST_000137,CUST_000136,Director,26.86
CUST_000078,CUST_000070,Shareholder,55.37
CUST_000176,CUST_000106,Shareholder,62.33
CUST_000037,CUST_000191,Guarantor,28.16
CUST_000198,CUST_000151,Signatory,82.85
CUST_000141,CUST_000132,Director,17.27
CUST_000157,CUST_000178,Director,1.08
CUST_000039,CUST_000165,Director,95.29
CUST_000139,CUST_000156,Shareholder,39.76
CUST_000141,CUST_000173,Director,95.79
CUST_000128,CUST_000179,Director,28.52
CUST_000067,CUST_000120,Guarantor,7.28
CUST_000048,CUST_000173,Shareholder,77.48
CUST_000017,CUST_000074,Guarantor,83.75
CUST_000163,CUST_000067,Signatory,49.72
CUST_000063,CUST_000186,Shareholder,8.31
CUST_000095,CUST_000137,Guarantor,65.76
CUST_000027,CUST_000097,Signatory,19.03
CUST_000159,CUST_000131,Guarantor,85.09
CUST_000199,CUST_000051,Signatory,28.13
CUST_000024,CUST_000073,Director,84.92
CUST_000174,CUST_000017,Director,43.27
CUST_000147,CUST_000075,Shareholder,60.05
CUST_000160,CUST_000178,Guarantor,79.17
CUST_000029,CUST_000150,Guarantor,5.0
CUST_000164,CUST_000107,Signatory,82.3
CUST_000180,CUST_000152,Shareholder,14.73
CUST_000101,CUST_000059,Director,36.48
CUST_000116,CUST_000036,Guarantor,47.81
CUST_000105,CUST_000195,Signatory,89.65
CUST_000073,CUST_000076,Director,3.22
CUST_000068,CUST_000145,Director,56.36
CUST_000007,CUST_000125,Director,64.61
CUST_000122,CUST_000028,Signatory,32.34
CUST_000096,CUST_000107,Signatory,29.76
CUST_000100,CUST_000029,Director,49.56
CUST_000000,CUST_000118,Signatory,19.52
CUST_000094,CUST_000101,Director,47.34
CUST_000061,CUST_000168,Director,84.69
CUST_000110,CUST_000073,Signatory,39.13
CUST_000086,CUST_000036,Shareholder,62.11
CUST_000185,CUST_000026,Shareholder,1.0
CUST_000086,CUST_000020,Signatory,55.48
CUST_000122,CUST_000042,Guarantor,97.55
CUST_000007,CUST_000050,Signatory,31.91
CUST_000063,CUST_000092,Guarantor,59.88
CUST_000135,CUST_000070,Director,76.47
CUST_000130,CUST_000012,Guarantor,61.28
CUST_000126,CUST_000108,Director,42.43
CUST_000185,CUST_000180,Shareholder,16.1
CUST_000126,CUST_000190,Director,46.91
CUST_000159,CUST_000113,Guarantor,30.18
CUST_000115,CUST_000184,Shareholder,69.9
CUST_000195,CUST_000152,Shareholder,44.75
CUST_000048,CUST_000124,Signatory,85.14
CUST_000165,CUST_000104,Guarantor,20.14
CUST_000129,CUST_000140,Guarantor,42.35
CUST_000126,CUST_000036,Signatory,56.19
CUST_000136,CUST_000157,Signatory,13.48
CUST_000045,CUST_000139,Shareholder,59.2
CUST_000064,CUST_000192,Signatory,29.8
CUST_000176,CUST_000017,Shareholder,23.72
CUST_000156,CUST_000121,Guarantor,15.05
CUST_000089,CUST_000084,Signatory,35.64
CUST_000028,CUST_000116,Guarantor,92.97
CUST_000032,CUST_000117,Shareholder,4.07
CUST_000027,CUST_000061,Director,85.36
CUST_000094,CUST_000023,Director,40.34
CUST_000082,CUST_000059,Guarantor,56.6
CUST_000111,CUST_000144,Shareholder,51.77
CUST_000153,CUST_000105,Shareholder,92.65
CUST_000113,CUST_000059,Director,77.24
CUST_000028,CUST_000008,Shareholder,98.5
CUST_000138,CUST_000179,Shareholder,79.65
CUST_000101,CUST_000142,Guarantor,30.29
CUST_000161,CUST_000076,Director,96.33
CUST_000103,CUST_000155,Shareholder,98.37
CUST_000047,CUST_000080,Guarantor,13.19
CUST_000154,CUST_000125,Signatory,90.2
CUST_000123,CUST_000136,Director,66.76
CUST_000199,CUST_000055,Guarantor,92.28
CUST_000167,CUST_000093,Signatory,91.66
CUST_000158,CUST_000126,Shareholder,89.25
CUST_000192,CUST_000035,Shareholder,88.64
CUST_000166,CUST_000127,Signatory,12.65
CUST_000110,CUST_000183,Guarantor,15.21
CUST_000023,CUST_000198,Shareholder,12.66
CUST_000195,CUST_000019,Shareholder,10.01
CUST_000022,CUST_000054,Guarantor,35.98
CUST_000188,CUST_000059,Guarantor,68.71
CUST_000154,CUST_000162,Signatory,36.11
CUST_000015,CUST_000128,Shareholder,72.31
CUST_000172,CUST_000044,Guarantor,82.21
CUST_000026,CUST_000196,Director,66.96
CUST_000132,CUST_000167,Signatory,47.05
CUST_000186,CUST_000165,Signatory,30.26
CUST_000199,CUST_000023,Signatory,13.32
CUST_000034,CUST_000003,Signatory,49.87
CUST_000197,CUST_000090,Director,72.24
CUST_000173,CUST_000196,Signatory,55.28
CUST_000055,CUST_000106,Signatory,72.43
CUST_000126,CUST_000012,Guarantor,34.19
CUST_000151,CUST_000148,Shareholder,7.61
CUST_000137,CUST_000100,Signatory,77.34
CUST_000037,CUST_000159,Guarantor,22.75
CUST_000197,CUST_000165,Guarantor,62.01
CUST_000175,CUST_000094,Shareholder,80.62
CUST_000008,CUST_000159,Guarantor,14.77
CUST_000177,CUST_000056,Guarantor,60.25
CUST_000068,CUST_000175,Signatory,69.25
CUST_000175,CUST_000157,Signatory,74.91
CUST_000166,CUST_000070,Guarantor,15.62
CUST_000004,CUST_000165,Director,82.69
CUST_000083,CUST_000171,Shareholder,10.32
CUST_000138,CUST_000153,Guarantor,52.44
CUST_000059,CUST_000099,Guarantor,44.9
CUST_000154,CUST_000106,Director,22.95
CUST_000134,CUST_000089,Shareholder,30.89
CUST_000187,CUST_000107,Guarantor,17.28
CUST_000177,CUST_000129,Guarantor,43.15
CUST_000066,CUST_000042,Signatory,4.52
CUST_000068,CUST_000042,Guarantor,89.0
CUST_000182,CUST_000062,Director,17.19
CUST_000076,CUST_000072,Guarantor,88.72
CUST_000143,CUST_000185,Shareholder,86.49
CUST_000117,CUST_000116,Shareholder,45.72
CUST_000011,CUST_000047,Director,50.27
CUST_000026,CUST_000004,Guarantor,30.89
CUST_000160,CUST_000075,Guarantor,99.69
CUST_000084,CUST_000034,Guarantor,67.41
CUST_000107,CUST_000092,Guarantor,95.23
CUST_000054,CUST_000143,Guarantor,42.06
CUST_000051,CUST_000082,Shareholder,88.42
CUST_000036,CUST_000176,Signatory,45.38
CUST_000112,CUST_000059,Shareholder,86.82
CUST_000119,CUST_000106,Signatory,13.96
CUST_000014,CUST_000116,Shareholder,64.05
CUST_000083,CUST_000050,Director,68.19
CUST_000082,CUST_000126,Guarantor,65.96
CUST_000064,CUST_000090,Signatory,45.26
CUST_000195,CUST_000081,Shareholder,68.71
CUST_000002,CUST_000058,Signatory,24.71
CUST_000199,CUST_000063,Guarantor,59.99
CUST_000132,CUST_000140,Guarantor,32.52
CUST_000136,CUST_000153,Shareholder,78.11
CUST_000128,CUST_000069,Shareholder,9.01
CUST_000029,CUST_000130,Signatory,17.97
CUST_000070,CUST_000011,Director,47.64
CUST_000147,CUST_000040,Director,89.28
CUST_000092,CUST_000104,Shareholder,57.94
CUST_000026,CUST_000064,Signatory,84.36
CUST_000080,CUST_000177,Guarantor,78.76
CUST_000030,CUST_000174,Shareholder,33.25
CUST_000146,CUST_000007,Shareholder,81.7
CUST_000113,CUST_000158,Guarantor,40.77
CUST_000101,CUST_000010,Guarantor,56.32
CUST_000092,CUST_000016,Guarantor,18.41
CUST_000189,CUST_000154,Signatory,92.12
CUST_000134,CUST_000123,Director,70.44
CUST_000164,CUST_000094,Shareholder,86.03
CUST_000070,CUST_000154,Shareholder,21.58
CUST_000085,CUST_000114,Signatory,7.7
CUST_000135,CUST_000122,Guarantor,34.38
CUST_000184,CUST_000086,Signatory,52.15
CUST_000027,CUST_000055,Guarantor,80.43
CUST_000081,CUST_000196,Shareholder,40.37
CUST_000094,CUST_000093,Director,27.73
CUST_000016,CUST_000097,Signatory,37.88
CUST_000138,CUST_000174,Guarantor,70.66
CUST_000142,CUST_000018,Shareholder,34.29
CUST_000157,CUST_000056,Director,97.94
CUST_000094,CUST_000158,Signatory,18.32
CUST_000120,CUST_000015,Signatory,75.56
CUST_000005,CUST_000044,Shareholder,59.33
CUST_000011,CUST_000154,Signatory,24.08
CUST_000086,CUST_000188,Shareholder,75.61
CUST_000188,CUST_000153,Signatory,45.31
CUST_000102,CUST_000156,Director,68.56
CUST_000103,CUST_000112,Director,66.56
CUST_000163,CUST_000120,Signatory,11.95
CUST_000034,CUST_000102,Shareholder,84.16
CUST_000066,CUST_000126,Guarantor,68.47
CUST_000105,CUST_000043,Signatory,78.28
CUST_000091,CUST_000108,Guarantor,45.33
CUST_000062,CUST_000156,Shareholder,20.31
CUST_000082,CUST_000108,Guarantor,33.3
CUST_000167,CUST_000109,Signatory,90.25
CUST_000081,CUST_000110,Director,93.86
CUST_000030,CUST_000129,Shareholder,48.7
CUST_000036,CUST_000133,Director,30.58
CUST_000132,CUST_000008,Director,73.3
CUST_000114,CUST_000014,Director,76.83
CUST_000120,CUST_000057,Signatory,81.73
CUST_000131,CUST_000001,Shareholder,4.08
CUST_000117,CUST_000130,Guarantor,1.96
CUST_000153,CUST_000179,Director,36.36
CUST_000151,CUST_000054,Guarantor,16.1
CUST_000166,CUST_000052,Shareholder,80.69
CUST_000183,CUST_000093,Shareholder,53.75
CUST_000181,CUST_000071,Guarantor,82.71
CUST_000037,CUST_000039,Guarantor,18.51
CUST_000109,CUST_000038,Director,63.1
CUST_000181,CUST_000170,Guarantor,58.44
CUST_000146,CUST_000140,Guarantor,34.7
CUST_000025,CUST_000103,Signatory,52.19
CUST_000126,CUST_000104,Director,59.31
CUST_000051,CUST_000164,Director,89.06
CUST_000117,CUST_000054,Shareholder,6.51
CUST_000060,CUST_000159,Guarantor,82.51
CUST_000194,CUST_000141,Signatory,98.04
CUST_000149,CUST_000064,Shareholder,73.45
CUST_000144,CUST_000154,Signatory,74.0
CUST_000138,CUST_000023,Director,22.58
CUST_000110,CUST_000114,Guarantor,52.78
CUST_000166,CUST_000112,Signatory,70.89
CUST_000188,CUST_000021,Shareholder,60.63
CUST_000048,CUST_000077,Director,39.13
CUST_000106,CUST_000044,Signatory,94.07
CUST_000092,CUST_000135,Signatory,51.88
CUST_000123,CUST_000194,Shareholder,97.02
CUST_000060,CUST_000063,Signatory,56.82
CUST_000139,CUST_000096,Director,79.54
CUST_000140,CUST_000114,Signatory,74.46
CUST_000057,CUST_000174,Guarantor,66.42
CUST_000010,CUST_000020,Guarantor,2.43
CUST_000191,CUST_000159,Shareholder,8.67
CUST_000158,CUST_000104,Guarantor,58.57
CUST_000138,CUST_000044,Guarantor,91.27
CUST_000121,CUST_000043,Signatory,60.51
CUST_000104,CUST_000040,Director,24.36
CUST_000170,CUST_000095,Director,32.7
CUST_000035,CUST_000179,Signatory,62.69
CUST_000129,CUST_000138,Guarantor,60.11
CUST_000086,CUST_000100,Signatory,95.61
CUST_000060,CUST_000114,Guarantor,53.38
CUST_000163,CUST_000017,Guarantor,36.15
CUST_000077,CUST_000138,Guarantor,52.97
CUST_000048,CUST_000026,Director,78.84
CUST_000154,CUST_000170,Shareholder,54.5
CUST_000139,CUST_000101,Director,33.28
CUST_000185,CUST_000192,Guarantor,34.52
CUST_000005,CUST_000181,Signatory,75.92
CUST_000043,CUST_000028,Signatory,7.58
CUST_000174,CUST_000148,Guarantor,28.2
CUST_000022,CUST_000028,Shareholder,16.15
CUST_000114,CUST_000136,Director,94.52
CUST_000097,CUST_000188,Director,9.92
CUST_000107,CUST_000189,Guarantor,76.06
CUST_000095,CUST_000198,Guarantor,63.41
CUST_000025,CUST_000101,Shareholder,63.65
CUST_000134,CUST_000090,Director,76.58
CUST_000159,CUST_000004,Shareholder,40.65
CUST_000032,CUST_000096,Director,40.67
CUST_000081,CUST_000014,Shareholder,29.58
CUST_000147,CUST_000184,Shareholder,60.18
CUST_000094,CUST_000004,Shareholder,93.05
CUST_000196,CUST_000147,Signatory,92.47
CUST_000179,CUST_000100,Signatory,70.59
CUST_000169,CUST_000080,Signatory,90.71
CUST_000128,CUST_000113,Director,96.39
CUST_000190,CUST_000003,Shareholder,79.72
CUST_000006,CUST_000183,Guarantor,41.38
CUST_000123,CUST_000033,Guarantor,48.84
CUST_000057,CUST_000039,Director,93.19
CUST_000085,CUST_000196,Director,67.33
CUST_000177,CUST_000195,Guarantor,82.25
CUST_000033,CUST_000149,Shareholder,12.5
CUST_000050,CUST_000126,Signatory,20.2
CUST_000119,CUST_000141,Director,35.07
CUST_000137,CUST_000195,Director,19.64
CUST_000110,CUST_000135,Director,90.74
CUST_000105,CUST_000127,Guarantor,22.47
CUST_000025,CUST_000066,Signatory,56.16
CUST_000031,CUST_000173,Shareholder,9.46
CUST_000123,CUST_000156,Shareholder,16.34
CUST_000169,CUST_000113,Guarantor,25.49
CUST_000189,CUST_000118,Director,98.31
CUST_000011,CUST_000093,Guarantor,79.91
CUST_000167,CUST_000011,Guarantor,67.68
CUST_000086,CUST_000051,Shareholder,91.71
CUST_000077,CUST_000185,Signatory,95.66
CUST_000033,CUST_000001,Shareholder,45.9
CUST_000069,CUST_000000,Guarantor,33.44
CUST_000154,CUST_000054,Guarantor,32.22
CUST_000007,CUST_000103,Director,4.54
CUST_000174,CUST_000098,Director,28.68
CUST_000080,CUST_000161,Guarantor,36.15
CUST_000025,CUST_000191,Shareholder,4.65
CUST_000056,CUST_000067,Director,88.38
CUST_000134,CUST_000081,Signatory,84.94
CUST_000025,CUST_000139,Signatory,25.9
CUST_000186,CUST_000049,Guarantor,80.45
CUST_000113,CUST_000020,Signatory,79.82
CUST_000117,CUST_000009,Signatory,34.17
CUST_000196,CUST_000084,Director,70.01
CUST_000115,CUST_000103,Director,29.7
CUST_000046,CUST_000088,Shareholder,7.96
CUST_000101,CUST_000113,Director,50.97
CUST_000123,CUST_000114,Shareholder,44.39
CUST_000162,CUST_000197,Director,14.68
CUST_000157,CUST_000013,Guarantor,49.56
CUST_000177,CUST_000167,Shareholder,94.99
CUST_000023,CUST_000103,Guarantor,73.41
CUST_000029,CUST_000081,Shareholder,74.15
CUST_000053,CUST_000029,Signatory,76.0
CUST_000066,CUST_000013,Shareholder,74.72
CUST_000031,CUST_000179,Shareholder,2.97
CUST_000007,CUST_000109,Shareholder,92.54
CUST_000177,CUST_000144,Shareholder,83.18
CUST_000174,CUST_000061,Shareholder,28.18
CUST_000045,CUST_000109,Signatory,55.72
CUST_000079,CUST_000149,Shareholder,61.89
CUST_000034,CUST_000052,Guarantor,14.06
CUST_000188,CUST_000159,Shareholder,26.14
CUST_000088,CUST_000075,Shareholder,3.3
CUST_000078,CUST_000054,Guarantor,86.53
CUST_000178,CUST_000021,Director,3.47
CUST_000190,CUST_000165,Director,32.55
CUST_000135,CUST_000177,Signatory,8.75
CUST_000033,CUST_000102,Shareholder,78.36
CUST_000024,CUST_000193,Shareholder,92.57
CUST_000112,CUST_000044,Director,56.72
CUST_000171,CUST_000118,Shareholder,14.82
CUST_000082,CUST_000007,Signatory,56.26
CUST_000042,CUST_000064,Guarantor,77.26
CUST_000125,CUST_000167,Shareholder,72.12
CUST_000177,CUST_000004,Guarantor,74.43
CUST_000012,CUST_000044,Signatory,28.64
CUST_000173,CUST_000045,Director,8.3
CUST_000124,CUST_000163,Signatory,15.75
CUST_000075,CUST_000144,Signatory,95.6
CUST_000086,CUST_000168,Signatory,61.74
CUST_000180,CUST_000157,Signatory,73.06
CUST_000190,CUST_000179,Guarantor,90.01
CUST_000103,CUST_000078,Signatory,85.42
CUST_000129,CUST_000147,Signatory,22.62
CUST_000039,CUST_000163,Signatory,6.75
CUST_000022,CUST_000065,Signatory,92.59
CUST_000186,CUST_000172,Guarantor,98.19
CUST_000068,CUST_000003,Signatory,57.17
CUST_000033,CUST_000177,Director,88.95
CUST_000154,CUST_000087,Signatory,23.95
CUST_000105,CUST_000058,Shareholder,50.48
CUST_000003,CUST_000169,Shareholder,81.31
CUST_000195,CUST_000001,Shareholder,65.81
CUST_000199,CUST_000045,Signatory,64.09
CUST_000069,CUST_000001,Director,2.73
CUST_000154,CUST_000177,Director,32.43
CUST_000046,CUST_000128,Shareholder,94.01
CUST_000113,CUST_000012,Shareholder,14.29
CUST_000116,CUST_000069,Signatory,72.91
CUST_000117,CUST_000021,Director,76.17
CUST_000167,CUST_000016,Director,73.55
CUST_000154,CUST_000186,Shareholder,98.94
CUST_000006,CUST_000085,Director,41.51
CUST_000150,CUST_000069,Shareholder,68.54
CUST_000191,CUST_000115,Shareholder,20.17
CUST_000112,CUST_000002,Guarantor,40.57
CUST_000097,CUST_000109,Guarantor,49.66
