watchlist_id,entity_name,list_source,category,added_date
WL_00000,Bad Actor 0,HM_TREASURY,Sanctions,2024-08-10 15:58:45.094675
WL_00001,Bad Actor 1,OFAC,Adverse Media,2025-02-27 15:58:45.094696
WL_00002,Bad Actor 2,EU,Sanctions,2025-09-15 15:58:45.094702
WL_00003,Bad Actor 3,UN,PEP,2025-05-27 15:58:45.094706
WL_00004,Bad Actor 4,OFAC,Adverse Media,2024-06-01 15:58:45.094709
WL_00005,Bad Actor 5,EU,Adverse Media,2025-11-30 15:58:45.094712
WL_00006,Bad Actor 6,HM_TREASURY,Adverse Media,2025-05-29 15:58:45.094715
WL_00007,Bad Actor 7,OFAC,PEP,2025-10-07 15:58:45.094717
WL_00008,Bad Actor 8,EU,Adverse Media,2023-05-29 15:58:45.094719
WL_00009,Bad Actor 9,HM_TREASURY,PEP,2025-01-22 15:58:45.094721
WL_00010,Bad Actor 10,HM_TREASURY,PEP,2023-11-02 15:58:45.094723
WL_00011,Bad Actor 11,EU,Sanctions,2024-07-28 15:58:45.094726
WL_00012,Bad Actor 12,OFAC,Adverse Media,2025-01-05 15:58:45.094729
WL_00013,Bad Actor 13,EU,Sanctions,2026-02-08 15:58:45.094732
WL_00014,Bad Actor 14,EU,Sanctions,2025-12-05 15:58:45.094734
WL_00015,Bad Actor 15,EU,PEP,2025-08-02 15:58:45.094736
WL_00016,Bad Actor 16,EU,Sanctions,2023-11-03 15:58:45.094738
WL_00017,Bad Actor 17,EU,Sanctions,2023-07-01 15:58:45.094741
WL_00018,Bad Actor 18,HM_TREASURY,Sanctions,2025-05-27 15:58:45.094743
WL_00019,Bad Actor 19,EU,Adverse Media,2023-07-07 15:58:45.094745
WL_00020,Bad Actor 20,OFAC,Sanctions,2024-09-23 15:58:45.094747
WL_00021,Bad Actor 21,UN,PEP,2024-11-03 15:58:45.094750
WL_00022,Bad Actor 22,EU,Adverse Media,2023-06-30 15:58:45.094752
WL_00023,Bad Actor 23,OFAC,PEP,2024-07-28 15:58:45.094754
WL_00024,Bad Actor 24,UN,Adverse Media,2024-06-24 15:58:45.094756
WL_00025,Bad Actor 25,OFAC,Adverse Media,2023-10-25 15:58:45.094759
WL_00026,Bad Actor 26,HM_TREASURY,Adverse Media,2025-05-04 15:58:45.094761
WL_00027,Bad Actor 27,HM_TREASURY,PEP,2024-09-06 15:58:45.094763
WL_00028,Bad Actor 28,UN,Sanctions,2024-07-10 15:58:45.094765
WL_00029,Bad Actor 29,UN,Adverse Media,2024-12-08 15:58:45.094767
WL_00030,Bad Actor 30,UN,PEP,2025-07-23 15:58:45.094770
WL_00031,Bad Actor 31,HM_TREASURY,Adverse Media,2025-05-15 15:58:45.094772
WL_00032,Bad Actor 32,HM_TREASURY,Sanctions,2025-12-21 15:58:45.094774
WL_00033,Bad Actor 33,OFAC,Adverse Media,2024-12-01 15:58:45.094776
WL_00034,Bad Actor 34,HM_TREASURY,PEP,2024-05-09 15:58:45.094778
WL_00035,Bad Actor 35,UN,Adverse Media,2024-09-28 15:58:45.094781
WL_00036,Bad Actor 36,EU,PEP,2024-06-12 15:58:45.094783
WL_00037,Bad Actor 37,EU,Sanctions,2025-10-24 15:58:45.094785
WL_00038,Bad Actor 38,UN,Sanctions,2024-10-12 15:58:45.094787
WL_00039,Bad Actor 39,HM_TREASURY,Adverse Media,2024-11-21 15:58:45.094789
WL_00040,Bad Actor 40,UN,Sanctions,2025-01-11 15:58:45.094791
WL_00041,Bad Actor 41,HM_TREASURY,PEP,2025-03-28 15:58:45.094794
WL_00042,Bad Actor 42,EU,Adverse Media,2025-10-12 15:58:45.094796
WL_00043,Bad Actor 43,OFAC,PEP,2025-09-21 15:58:45.094798
WL_00044,Bad Actor 44,HM_TREASURY,Adverse Media,2025-08-10 15:58:45.094801
WL_00045,Bad Actor 45,OFAC,PEP,2025-10-09 15:58:45.094803
WL_00046,Bad Actor 46,EU,Adverse Media,2025-02-06 15:58:45.094805
WL_00047,Bad Actor 47,OFAC,PEP,2023-12-26 15:58:45.094808
WL_00048,Bad Actor 48,OFAC,PEP,2023-11-14 15:58:45.094810
WL_00049,Bad Actor 49,UN,Adverse Media,2025-12-18 15:58:45.094812
