{
  "filename": "master_merged",
  "rows": 178,
  "columns": 34,
  "import_time": "2026-02-13T00:44:58.794866",
  "columns_list": [
    "cust_id",
    "customer_name",
    "party_type",
    "risk_rating",
    "country_of_origin",
    "kyc_status",
    "total_transactions",
    "total_amount",
    "avg_amount",
    "max_amount",
    "account_count",
    "total_balance",
    "alert_count",
    "case_count",
    "party_id",
    "customer_name_customer_party",
    "party_type_customer_party",
    "risk_rating_customer_party",
    "country_of_origin_customer_party",
    "kyc_status_customer_party",
    "onboarding_date",
    "txn_month",
    "monthly_txn_count",
    "monthly_amount",
    "monthly_avg",
    "monthly_max",
    "kyc_id",
    "party_id_others1",
    "verification_status",
    "risk_score",
    "last_review",
    "next_review",
    "doc_type",
    "reviewer"
  ]
}