{
  "success": true,
  "timestamp": "2026-02-13T00:47:03.257053",
  "records_processed": 100,
  "dq_score": 0.9927,
  "features_generated": 20,
  "methods_run": 26,
  "alerts_generated": 100,
  "tier_distribution": {
    "LOW": "75",
    "NORMAL": "25"
  },
  "execution_time_ms": 9631.749,
  "method_scores": [
    {
      "method": "zscore",
      "category": "Statistical",
      "mean_score": 0.341,
      "max_score": 1.6583,
      "anomalies": 19
    },
    {
      "method": "iqr",
      "category": "Statistical",
      "mean_score": 0.53,
      "max_score": 1.0,
      "anomalies": 53
    },
    {
      "method": "grubbs",
      "category": "Statistical",
      "mean_score": 0.1038,
      "max_score": 1.0,
      "anomalies": 6
    },
    {
      "method": "dixon",
      "category": "Statistical",
      "mean_score": 0.0103,
      "max_score": 1.0,
      "anomalies": 1
    },
    {
      "method": "esd",
      "category": "Statistical",
      "mean_score": 0.1558,
      "max_score": 1.0,
      "anomalies": 19
    },
    {
      "method": "knn",
      "category": "Distance",
      "mean_score": 0.1,
      "max_score": 1.0,
      "anomalies": 2
    },
    {
      "method": "mahalanobis",
      "category": "Distance",
      "mean_score": 0.4203,
      "max_score": 1.0,
      "anomalies": 24
    },
    {
      "method": "lof",
      "category": "Distance",
      "mean_score": 0.05,
      "max_score": 1.0,
      "anomalies": 5
    },
    {
      "method": "dbscan",
      "category": "Density",
      "mean_score": 0.67,
      "max_score": 1.0,
      "anomalies": 67
    },
    {
      "method": "optics",
      "category": "Density",
      "mean_score": 0.26,
      "max_score": 1.0,
      "anomalies": 26
    },
    {
      "method": "hdbscan",
      "category": "Density",
      "mean_score": 0.67,
      "max_score": 1.0,
      "anomalies": 67
    },
    {
      "method": "cblof",
      "category": "Density",
      "mean_score": 0.0,
      "max_score": 0.0,
      "anomalies": 0
    },
    {
      "method": "kmeans_anomaly",
      "category": "Clustering",
      "mean_score": 0.3314,
      "max_score": 1.0,
      "anomalies": 22
    },
    {
      "method": "gmm",
      "category": "Clustering",
      "mean_score": 0.4739,
      "max_score": 1.0,
      "anomalies": 58
    },
    {
      "method": "spectral",
      "category": "Clustering",
      "mean_score": 0.5958,
      "max_score": 1.0,
      "anomalies": 73
    },
    {
      "method": "isolation_forest",
      "category": "Trees",
      "mean_score": 0.2855,
      "max_score": 1.0,
      "anomalies": 15
    },
    {
      "method": "extended_if",
      "category": "Trees",
      "mean_score": 0.274,
      "max_score": 1.0,
      "anomalies": 15
    },
    {
      "method": "stl",
      "category": "Timeseries",
      "mean_score": 0.3832,
      "max_score": 1.0,
      "anomalies": 26
    },
    {
      "method": "arima_residual",
      "category": "Timeseries",
      "mean_score": 0.3167,
      "max_score": 1.0,
      "anomalies": 21
    },
    {
      "method": "prophet",
      "category": "Timeseries",
      "mean_score": 0.2478,
      "max_score": 1.0,
      "anomalies": 9
    },
    {
      "method": "pagerank",
      "category": "Graph",
      "mean_score": 0.4394,
      "max_score": 1.0,
      "anomalies": 37
    },
    {
      "method": "hits",
      "category": "Graph",
      "mean_score": 0.8442,
      "max_score": 1.0,
      "anomalies": 84
    },
    {
      "method": "community",
      "category": "Graph",
      "mean_score": 0.4034,
      "max_score": 1.0,
      "anomalies": 53
    },
    {
      "method": "centrality",
      "category": "Graph",
      "mean_score": 0.452,
      "max_score": 1.0,
      "anomalies": 47
    },
    {
      "method": "autoencoder",
      "category": "Deep Learning",
      "mean_score": 0.1052,
      "max_score": 1.0,
      "anomalies": 4
    },
    {
      "method": "vae",
      "category": "Deep Learning",
      "mean_score": 0.1146,
      "max_score": 1.0,
      "anomalies": 4
    }
  ],
  "layer_timings": {
    "L1-2": 0.09606099128723145,
    "V6_AGGREGATION": 0.44368648529052734,
    "L3": 0.059369802474975586,
    "V8_SCHEMA": 0.15533947944641113,
    "L4": 0.03613400459289551,
    "V8_AUTOPARAMS": 5.221366882324219e-05,
    "L5": 8.75654673576355,
    "L6": 0.0025856494903564453,
    "L7": 0.007801532745361328
  },
  "data_source": "actual",
  "risk_by_family": [
    {
      "Family": "Statistical",
      "Methods": 5,
      "Critical": 1,
      "High": 4,
      "Medium": 14,
      "Low": 81
    },
    {
      "Family": "Distance",
      "Methods": 3,
      "Critical": 1,
      "High": 4,
      "Medium": 0,
      "Low": 95
    },
    {
      "Family": "Density",
      "Methods": 4,
      "Critical": 0,
      "High": 26,
      "Medium": 41,
      "Low": 33
    },
    {
      "Family": "Clustering",
      "Methods": 3,
      "Critical": 1,
      "High": 21,
      "Medium": 54,
      "Low": 24
    },
    {
      "Family": "Trees",
      "Methods": 2,
      "Critical": 2,
      "High": 10,
      "Medium": 6,
      "Low": 82
    },
    {
      "Family": "Timeseries",
      "Methods": 3,
      "Critical": 2,
      "High": 3,
      "Medium": 22,
      "Low": 73
    },
    {
      "Family": "Graph",
      "Methods": 4,
      "Critical": 13,
      "High": 30,
      "Medium": 17,
      "Low": 40
    },
    {
      "Family": "Deep Learning",
      "Methods": 2,
      "Critical": 1,
      "High": 1,
      "Medium": 3,
      "Low": 95
    }
  ],
  "risk_by_ensemble": [
    {
      "Ensemble Method": "Weighted Average (Concordance)",
      "Total Customers": 100,
      "Critical": 6,
      "High": 23,
      "Medium": 37,
      "Low": 34,
      "Anomaly Rate": "50.0%"
    },
    {
      "Ensemble Method": "Max Score",
      "Total Customers": 100,
      "Critical": 100,
      "High": 0,
      "Medium": 0,
      "Low": 0,
      "Anomaly Rate": "100.0%"
    },
    {
      "Ensemble Method": "Majority Voting",
      "Total Customers": 100,
      "Critical": 4,
      "High": 3,
      "Medium": 16,
      "Low": 77,
      "Anomaly Rate": "14.0%"
    },
    {
      "Ensemble Method": "Stacking (Median+IQR)",
      "Total Customers": 100,
      "Critical": 0,
      "High": 9,
      "Medium": 25,
      "Low": 66,
      "Anomaly Rate": "20.0%"
    },
    {
      "Ensemble Method": "Rank Fusion",
      "Total Customers": 100,
      "Critical": 6,
      "High": 25,
      "Medium": 40,
      "Low": 29,
      "Anomaly Rate": "43.0%"
    }
  ]
}