{
  "filename": "generated_1000_cust",
  "rows": 30000,
  "columns": 21,
  "import_time": "2026-02-11T22:32:31.901524",
  "columns_list": [
    "txn_id",
    "account_id",
    "counterparty_account",
    "amount",
    "currency",
    "txn_type",
    "timestamp",
    "is_credit",
    "customer_id",
    "party_id",
    "account_type",
    "status",
    "currency_acc",
    "balance",
    "open_date",
    "customer_name",
    "party_type",
    "risk_rating",
    "country_of_origin",
    "kyc_status",
    "onboarding_date"
  ]
}