{
  "success": true,
  "timestamp": "2026-02-11T22:32:40.493281",
  "records_processed": 30000,
  "dq_score": 1.0,
  "features_generated": 28,
  "methods_run": 15,
  "alerts_generated": 1000,
  "tier_distribution": {
    "Critical": "1",
    "Low": "29997",
    "Medium": "2"
  },
  "execution_time_ms": 65946.046,
  "method_scores": [
    {
      "method": "zscore",
      "category": "Statistical",
      "mean_score": 0.3663,
      "max_score": 28.867,
      "anomalies": 4652
    },
    {
      "method": "iqr",
      "category": "Statistical",
      "mean_score": 0.401,
      "max_score": 1.0,
      "anomalies": 11985
    },
    {
      "method": "grubbs",
      "category": "Statistical",
      "mean_score": 0.0462,
      "max_score": 1.0,
      "anomalies": 106
    },
    {
      "method": "dixon",
      "category": "Statistical",
      "mean_score": 0.0,
      "max_score": 1.0,
      "anomalies": 1
    },
    {
      "method": "esd",
      "category": "Statistical",
      "mean_score": 0.0224,
      "max_score": 1.0,
      "anomalies": 997
    },
    {
      "method": "kmeans_anomaly",
      "category": "Clustering",
      "mean_score": 0.0138,
      "max_score": 1.0,
      "anomalies": 1
    },
    {
      "method": "gmm",
      "category": "Clustering",
      "mean_score": 0.0053,
      "max_score": 1.0,
      "anomalies": 1
    },
    {
      "method": "isolation_forest",
      "category": "Trees",
      "mean_score": 0.2803,
      "max_score": 1.0,
      "anomalies": 2939
    },
    {
      "method": "extended_if",
      "category": "Trees",
      "mean_score": 0.2589,
      "max_score": 1.0,
      "anomalies": 2442
    },
    {
      "method": "stl",
      "category": "Timeseries",
      "mean_score": 0.0536,
      "max_score": 1.0,
      "anomalies": 1
    },
    {
      "method": "arima_residual",
      "category": "Timeseries",
      "mean_score": 0.058,
      "max_score": 1.0,
      "anomalies": 1
    },
    {
      "method": "prophet",
      "category": "Timeseries",
      "mean_score": 0.0588,
      "max_score": 1.0,
      "anomalies": 1
    },
    {
      "method": "community",
      "category": "Graph",
      "mean_score": 0.1669,
      "max_score": 1.0,
      "anomalies": 1111
    },
    {
      "method": "autoencoder",
      "category": "Deep Learning",
      "mean_score": 0.0004,
      "max_score": 1.0,
      "anomalies": 1
    },
    {
      "method": "vae",
      "category": "Deep Learning",
      "mean_score": 0.0587,
      "max_score": 0.796,
      "anomalies": 1
    }
  ],
  "layer_timings": {
    "L1-2": 0.5984253883361816,
    "L3": 0.22467422485351562,
    "L4": 0.8062474727630615,
    "L5": 64.04726982116699,
    "L6": 0.13006281852722168,
    "L7": 0.06399703025817871
  },
  "data_source": "actual",
  "risk_by_family": [
    {
      "Family": "Statistical",
      "Methods": 5,
      "Critical": 1,
      "High": 504,
      "Medium": 1224,
      "Low": 28271
    },
    {
      "Family": "Distance",
      "Methods": 0,
      "Critical": 0,
      "High": 0,
      "Medium": 0,
      "Low": 0
    },
    {
      "Family": "Density",
      "Methods": 0,
      "Critical": 0,
      "High": 0,
      "Medium": 0,
      "Low": 0
    },
    {
      "Family": "Clustering",
      "Methods": 2,
      "Critical": 1,
      "High": 0,
      "Medium": 0,
      "Low": 29999
    },
    {
      "Family": "Trees",
      "Methods": 2,
      "Critical": 367,
      "High": 1189,
      "Medium": 2982,
      "Low": 25462
    },
    {
      "Family": "Timeseries",
      "Methods": 3,
      "Critical": 1,
      "High": 0,
      "Medium": 0,
      "Low": 29999
    },
    {
      "Family": "Graph",
      "Methods": 1,
      "Critical": 1111,
      "High": 0,
      "Medium": 4971,
      "Low": 23918
    },
    {
      "Family": "Deep Learning",
      "Methods": 2,
      "Critical": 1,
      "High": 0,
      "Medium": 0,
      "Low": 29999
    }
  ],
  "risk_by_ensemble": [
    {
      "Ensemble Method": "Weighted Average (Concordance)",
      "Total Records": 30000,
      "Critical": 1,
      "High": 0,
      "Medium": 654,
      "Low": 29345,
      "Anomaly Rate": "0.0%"
    },
    {
      "Ensemble Method": "Max Score",
      "Total Records": 30000,
      "Critical": 11513,
      "High": 306,
      "Medium": 4967,
      "Low": 13214,
      "Anomaly Rate": "40.8%"
    },
    {
      "Ensemble Method": "Majority Voting",
      "Total Records": 30000,
      "Critical": 0,
      "High": 1,
      "Medium": 17,
      "Low": 29982,
      "Anomaly Rate": "0.0%"
    },
    {
      "Ensemble Method": "Stacking (Median+IQR)",
      "Total Records": 30000,
      "Critical": 0,
      "High": 1,
      "Medium": 713,
      "Low": 29286,
      "Anomaly Rate": "0.0%"
    },
    {
      "Ensemble Method": "Rank Fusion",
      "Total Records": 30000,
      "Critical": 2354,
      "High": 5419,
      "Medium": 12679,
      "Low": 9548,
      "Anomaly Rate": "43.8%"
    }
  ]
}